<?xml version="1.0" encoding="UTF-8"?>
<om:OM_Observation xmlns:xlink="http://www.w3.org/1999/xlink"
  xmlns:gco="http://www.isotc211.org/2005/gco"
  xmlns:gmd="http://www.isotc211.org/2005/gmd"
  xmlns:gml="http://www.opengis.net/gml/3.2"
  xmlns:swe="http://www.opengis.net/swe/2.0"
  xmlns:wml2="http://www.opengis.net/waterml/2.0"
  xmlns:wmlrgs="http://www.opengis.net/waterml/part2/1.0"
  xmlns:gts="http://www.isotc211.org/2005/gts"
  xmlns:om="http://www.opengis.net/om/2.0"
  xmlns:gsr="http://www.isotc211.org/2005/gsr"
  xmlns:gss="http://www.isotc211.org/2005/gss"
  xmlns:sam="http://www.opengis.net/sampling/2.0"
  xmlns:sams="http://www.opengis.net/samplingSpatial/2.0"
  xmlns:xsi="http://www.w3.org/2001/XMLSchema-instance"
  xsi:schemaLocation="http://www.opengis.net/waterml/part2/1.0 
  ../waterml2-part2.xsd" 
  gml:id="cross-section-ex1">
  
  <gml:description>A handcrafted cross section observation example based on data from existing cross-sections. 
    The examples shows the use of a 3D compound CRS to encode georeferenced points describing the cross-section.
  </gml:description>
  
  <om:phenomenonTime>
    <!-- time of observation --> 
    <gml:TimeInstant gml:id="obs-time">
      <gml:timePosition>2007-05-04T00:00:00</gml:timePosition>
    </gml:TimeInstant>
  </om:phenomenonTime>
  
  <!-- time result available --> 
  <om:resultTime>
    <gml:TimeInstant gml:id="enc-time">
      <gml:timePosition>2013-12-13T11:40:00</gml:timePosition>
    </gml:TimeInstant>
  </om:resultTime>
  
  <om:procedure xsi:nil="true" nilReason="unknown"/>
  
  <om:observedProperty xlink:href="http://waterml2.csiro.au/vocabs/controlCrossSection"
    xlink:title="Cross section"/>
  
  <om:featureOfInterest xlink:href="http://waterml2.csiro.au/rgs-api/v1/monitoring-point/419009/"/>
  
  <om:result>
    <gml:MultiPoint gml:id="section-line" 
      srsName="http://www.opengis.net/def/crs-compound?1=http://www.opengis.net/def/crs/EPSG/0/4326&amp;2=http://www.opengis.net/def/crs/EPSG/0/5712">
      <gml:pointMembers>
        <gml:Point gml:id="pt1">
          <gml:pos>-43.0259158592361 147.03756630420685 245.2</gml:pos>
        </gml:Point>
        <gml:Point gml:id="pt2">
          <gml:pos>-43.025992331007956 147.03742146492004 245.9</gml:pos>
        </gml:Point>
        <gml:Point gml:id="pt3">
          <gml:pos>-43.02604723375978 147.0373436808586 246.2</gml:pos>
        </gml:Point>
        <gml:Point gml:id="pt4"> 
          <gml:pos>-43.02609233241204 147.03725785017014 246.7</gml:pos>
        </gml:Point>
        <gml:Point gml:id="pt5">
          <gml:pos>-43.02611586213049 147.03721225261688 246.9</gml:pos>
        </gml:Point>
        <gml:Point gml:id="pt6">
          <gml:pos>-43.02615507830789 147.0371237397194 250.1</gml:pos>
        </gml:Point>
      </gml:pointMembers>
    </gml:MultiPoint>
  </om:result>
</om:OM_Observation>
