<?xml version="1.0" encoding="UTF-8"?>
<!--=====================================================================
Example Request for InsertSensor operation which contains information about the description format as well as the format of the procedure description. Additionally, the identifier of the property observed by this sensor is returned. The response contains the assigned sensor ID and the identifier of the offering the sensor is assigned to.
=======================================================================-->
<soap12:Envelope xmlns:soap12="http://www.w3.org/2003/05/soap-envelope" xsi:schemaLocation="http://www.w3.org/2003/05/soap-envelope http://www.w3.org/2003/05/soap-envelope/soap-envelope.xsd
http://www.opengis.net/swes/2.0 http://schemas.opengis.net/swes/2.0/swes.xsd" xmlns:sos="http://www.opengis.net/sos/2.0" xmlns:wsa="http://www.w3.org/2005/08/addressing" xmlns:xsi="http://www.w3.org/2001/XMLSchema-instance" xmlns:swe="http://www.opengis.net/swe/2.0" xmlns:swes="http://www.opengis.net/swes/2.0" xmlns:fes="http://www.opengis.net/fes/2.0" xmlns:gml="http://www.opengis.net/gml/3.2" xmlns:ogc="http://www.opengis.net/ogc" xmlns:om="http://www.opengis.net/om/2.0" xmlns:xlink="http://www.w3.org/1999/xlink">
<soap12:Header>
		<wsa:To>http://www.w3.org/2005/08/addressing/anonymous</wsa:To>
		<wsa:Action>http://www.opengis.net/swes/2.0/InsertSensorResponse</wsa:Action>
		<wsa:RelatesTo>http://my.client.com/uid/msg-0010</wsa:RelatesTo>
	</soap12:Header>
	<soap12:Body>
<swes:InsertSensorResponse>

	<!--identifier assigned by the SOS for this procedure-->
	<swes:assignedProcedure>http://www.my_namespace.org/sensors/Water_Gage_2</swes:assignedProcedure>

	
	<!--sensor description encoded in SensorML 1.0.1; for more information take a look at the examples of the SensorML specification-->
	<swes:assignedOffering>http://www.my_namespace.org/water_gage_2_observations</swes:assignedOffering>
	
</swes:InsertSensorResponse>
	</soap12:Body>
</soap12:Envelope>