<?xml version="1.0" encoding="UTF-8"?>
<LayerExample xmlns="http://www.opengis.net/tms/1.0/link_xmp" xmlns:tms="http://www.opengis.net/tms/1.0" xmlns:ows="http://www.opengis.net/ows/2.0" xmlns:xsi="http://www.w3.org/2001/XMLSchema-instance" xsi:schemaLocation="http://www.opengis.net/tms/1.0/link_xmp LayerWithTMSLink.xsd">
<ows:Title>Catalonia</ows:Title>
<ows:Abstract>Catalonia Extent</ows:Abstract>
<ows:WGS84BoundingBox>
	<ows:LowerCorner>-1.062 38.198</ows:LowerCorner>
	<ows:UpperCorner>4.827 43.748</ows:UpperCorner>
</ows:WGS84BoundingBox>
<ows:Identifier>Cat</ows:Identifier>
<tms:TileMatrixSetLink>
	<tms:TileMatrixSet>WorldCRS84Quad</tms:TileMatrixSet>
	<tms:TileMatrixSetLimits>
		<tms:TileMatrixLimits>
			<tms:TileMatrix>3</tms:TileMatrix>
			<tms:MinTileRow>4</tms:MinTileRow>
			<tms:MaxTileRow>5</tms:MaxTileRow>
			<tms:MinTileCol>2</tms:MinTileCol>
			<tms:MaxTileCol>2</tms:MaxTileCol>
		</tms:TileMatrixLimits>
		<tms:TileMatrixLimits>
			<tms:TileMatrix>4</tms:TileMatrix>
			<tms:MinTileRow>8</tms:MinTileRow>
			<tms:MaxTileRow>9</tms:MaxTileRow>
			<tms:MinTileCol>4</tms:MinTileCol>
			<tms:MaxTileCol>4</tms:MaxTileCol>
		</tms:TileMatrixLimits>
	</tms:TileMatrixSetLimits>
</tms:TileMatrixSetLink>
</LayerExample>
