<?xml version="1.0" encoding="UTF-8"?>
<TileMatrixSet id="UPSArcticWGS84Quad" xmlns="http://www.opengis.net/tms/1.0" xmlns:ows="http://www.opengis.net/ows/2.0" xmlns:xsi="http://www.w3.org/2001/XMLSchema-instance" xsi:schemaLocation="http://www.opengis.net/tms/1.0 ../tms.xsd">
      <ows:Title>UPSArcticWGS84Quad</ows:Title>
      <ows:Identifier>Universal Polar Stereographic WGS 84 Quad for Arctic</ows:Identifier>
      <ows:BoundingBox crs="http://www.opengis.net/def/crs/EPSG/0/5041">
         <ows:LowerCorner>-14440759.350252 -14440759.350252</ows:LowerCorner>
         <ows:UpperCorner>18440759.350252 18440759.350252</ows:UpperCorner>
      </ows:BoundingBox>
      <ows:SupportedCRS>
         http://www.opengis.net/def/crs/EPSG/0/5041
      </ows:SupportedCRS>
      <TileMatrix>
        <ows:Identifier>0</ows:Identifier>
        <ScaleDenominator>458726544.4</ScaleDenominator>
        <TopLeftCorner>-14440759.350252 18440759.350252</TopLeftCorner>
        <TileWidth>256</TileWidth>
        <TileHeight>256</TileHeight>
        <MatrixWidth>1</MatrixWidth>
        <MatrixHeight>1</MatrixHeight>
      </TileMatrix>
      <TileMatrix>
        <ows:Identifier>1</ows:Identifier>
        <ScaleDenominator>229363272.2</ScaleDenominator>
        <TopLeftCorner>-14440759.350252 18440759.350252</TopLeftCorner>
        <TileWidth>256</TileWidth>
        <TileHeight>256</TileHeight>
        <MatrixWidth>2</MatrixWidth>
        <MatrixHeight>2</MatrixHeight>
      </TileMatrix>
      <TileMatrix>
        <ows:Identifier>2</ows:Identifier>
        <ScaleDenominator>114681636.1</ScaleDenominator>
        <TopLeftCorner>-14440759.350252 18440759.350252</TopLeftCorner>
        <TileWidth>256</TileWidth>
        <TileHeight>256</TileHeight>
        <MatrixWidth>4</MatrixWidth>
        <MatrixHeight>4</MatrixHeight>
      </TileMatrix>
      <TileMatrix>
        <ows:Identifier>3</ows:Identifier>
        <ScaleDenominator>57340818.05</ScaleDenominator>
        <TopLeftCorner>-14440759.350252 18440759.350252</TopLeftCorner>
        <TileWidth>256</TileWidth>
        <TileHeight>256</TileHeight>
        <MatrixWidth>8</MatrixWidth>
        <MatrixHeight>8</MatrixHeight>
      </TileMatrix>
      <TileMatrix>
        <ows:Identifier>4</ows:Identifier>
        <ScaleDenominator>28670409.02</ScaleDenominator>
        <TopLeftCorner>-14440759.350252 18440759.350252</TopLeftCorner>
        <TileWidth>256</TileWidth>
        <TileHeight>256</TileHeight>
        <MatrixWidth>16</MatrixWidth>
        <MatrixHeight>16</MatrixHeight>
      </TileMatrix>
      <TileMatrix>
        <ows:Identifier>5</ows:Identifier>
        <ScaleDenominator>14335204.51</ScaleDenominator>
        <TopLeftCorner>-14440759.350252 18440759.350252</TopLeftCorner>
        <TileWidth>256</TileWidth>
        <TileHeight>256</TileHeight>
        <MatrixWidth>32</MatrixWidth>
        <MatrixHeight>32</MatrixHeight>
      </TileMatrix>
      <TileMatrix>
        <ows:Identifier>6</ows:Identifier>
        <ScaleDenominator>7167602.256</ScaleDenominator>
        <TopLeftCorner>-14440759.350252 18440759.350252</TopLeftCorner>
        <TileWidth>256</TileWidth>
        <TileHeight>256</TileHeight>
        <MatrixWidth>64</MatrixWidth>
        <MatrixHeight>64</MatrixHeight>
      </TileMatrix>
      <TileMatrix>
        <ows:Identifier>7</ows:Identifier>
        <ScaleDenominator>3583801.128</ScaleDenominator>
        <TopLeftCorner>-14440759.350252 18440759.350252</TopLeftCorner>
        <TileWidth>256</TileWidth>
        <TileHeight>256</TileHeight>
        <MatrixWidth>128</MatrixWidth>
        <MatrixHeight>128</MatrixHeight>
      </TileMatrix>
      <TileMatrix>
        <ows:Identifier>8</ows:Identifier>
        <ScaleDenominator>1791900.564</ScaleDenominator>
        <TopLeftCorner>-14440759.350252 18440759.350252</TopLeftCorner>
        <TileWidth>256</TileWidth>
        <TileHeight>256</TileHeight>
        <MatrixWidth>256</MatrixWidth>
        <MatrixHeight>256</MatrixHeight>
      </TileMatrix>
      <TileMatrix>
        <ows:Identifier>9</ows:Identifier>
        <ScaleDenominator>895950.282</ScaleDenominator>
        <TopLeftCorner>-14440759.350252 18440759.350252</TopLeftCorner>
        <TileWidth>256</TileWidth>
        <TileHeight>256</TileHeight>
        <MatrixWidth>512</MatrixWidth>
        <MatrixHeight>512</MatrixHeight>
      </TileMatrix>
      <TileMatrix>
        <ows:Identifier>10</ows:Identifier>
        <ScaleDenominator>447975.141</ScaleDenominator>
        <TopLeftCorner>-14440759.350252 18440759.350252</TopLeftCorner>
        <TileWidth>256</TileWidth>
        <TileHeight>256</TileHeight>
        <MatrixWidth>1024</MatrixWidth>
        <MatrixHeight>1024</MatrixHeight>
      </TileMatrix>
      <TileMatrix>
        <ows:Identifier>11</ows:Identifier>
        <ScaleDenominator>223987.5705</ScaleDenominator>
        <TopLeftCorner>-14440759.350252 18440759.350252</TopLeftCorner>
        <TileWidth>256</TileWidth>
        <TileHeight>256</TileHeight>
        <MatrixWidth>2048</MatrixWidth>
        <MatrixHeight>2048</MatrixHeight>
      </TileMatrix>
      <TileMatrix>
        <ows:Identifier>12</ows:Identifier>
        <ScaleDenominator>111993.7852</ScaleDenominator>
        <TopLeftCorner>-14440759.350252 18440759.350252</TopLeftCorner>
        <TileWidth>256</TileWidth>
        <TileHeight>256</TileHeight>
        <MatrixWidth>4096</MatrixWidth>
        <MatrixHeight>4096</MatrixHeight>
      </TileMatrix>
      <TileMatrix>
        <ows:Identifier>13</ows:Identifier>
        <ScaleDenominator>55996.89262</ScaleDenominator>
        <TopLeftCorner>-14440759.350252 18440759.350252</TopLeftCorner>
        <TileWidth>256</TileWidth>
        <TileHeight>256</TileHeight>
        <MatrixWidth>8192</MatrixWidth>
        <MatrixHeight>8192</MatrixHeight>
      </TileMatrix>
      <TileMatrix>
        <ows:Identifier>14</ows:Identifier>
        <ScaleDenominator>27998.44631</ScaleDenominator>
        <TopLeftCorner>-14440759.350252 18440759.350252</TopLeftCorner>
        <TileWidth>256</TileWidth>
        <TileHeight>256</TileHeight>
        <MatrixWidth>16384</MatrixWidth>
        <MatrixHeight>16384</MatrixHeight>
      </TileMatrix>
      <TileMatrix>
        <ows:Identifier>15</ows:Identifier>
        <ScaleDenominator>13999.22316</ScaleDenominator>
        <TopLeftCorner>-14440759.350252 18440759.350252</TopLeftCorner>
        <TileWidth>256</TileWidth>
        <TileHeight>256</TileHeight>
        <MatrixWidth>32768</MatrixWidth>
        <MatrixHeight>32768</MatrixHeight>
      </TileMatrix>
      <TileMatrix>
        <ows:Identifier>16</ows:Identifier>
        <ScaleDenominator>6999.611578</ScaleDenominator>
        <TopLeftCorner>-14440759.350252 18440759.350252</TopLeftCorner>
        <TileWidth>256</TileWidth>
        <TileHeight>256</TileHeight>
        <MatrixWidth>65536</MatrixWidth>
        <MatrixHeight>65536</MatrixHeight>
      </TileMatrix>
      <TileMatrix>
        <ows:Identifier>17</ows:Identifier>
        <ScaleDenominator>3499.805789</ScaleDenominator>
        <TopLeftCorner>-14440759.350252 18440759.350252</TopLeftCorner>
        <TileWidth>256</TileWidth>
        <TileHeight>256</TileHeight>
        <MatrixWidth>131072</MatrixWidth>
        <MatrixHeight>131072</MatrixHeight>
      </TileMatrix>
      <TileMatrix>
        <ows:Identifier>18</ows:Identifier>
        <ScaleDenominator>1749.902894</ScaleDenominator>
        <TopLeftCorner>-14440759.350252 18440759.350252</TopLeftCorner>
        <TileWidth>256</TileWidth>
        <TileHeight>256</TileHeight>
        <MatrixWidth>262144</MatrixWidth>
        <MatrixHeight>262144</MatrixHeight>
      </TileMatrix>
      <TileMatrix>
        <ows:Identifier>19</ows:Identifier>
        <ScaleDenominator>874.9514472</ScaleDenominator>
        <TopLeftCorner>-14440759.350252 18440759.350252</TopLeftCorner>
        <TileWidth>256</TileWidth>
        <TileHeight>256</TileHeight>
        <MatrixWidth>524288</MatrixWidth>
        <MatrixHeight>524288</MatrixHeight>
      </TileMatrix>
      <TileMatrix>
        <ows:Identifier>20</ows:Identifier>
        <ScaleDenominator>437.4757236</ScaleDenominator>
        <TopLeftCorner>-14440759.350252 18440759.350252</TopLeftCorner>
        <TileWidth>256</TileWidth>
        <TileHeight>256</TileHeight>
        <MatrixWidth>1048576</MatrixWidth>
        <MatrixHeight>1048576</MatrixHeight>
      </TileMatrix>
      <TileMatrix>
        <ows:Identifier>21</ows:Identifier>
        <ScaleDenominator>218.7378618</ScaleDenominator>
        <TopLeftCorner>-14440759.350252 18440759.350252</TopLeftCorner>
        <TileWidth>256</TileWidth>
        <TileHeight>256</TileHeight>
        <MatrixWidth>2097152</MatrixWidth>
        <MatrixHeight>2097152</MatrixHeight>
      </TileMatrix>
      <TileMatrix>
        <ows:Identifier>22</ows:Identifier>
        <ScaleDenominator>109.3689309</ScaleDenominator>
        <TopLeftCorner>-14440759.350252 18440759.350252</TopLeftCorner>
        <TileWidth>256</TileWidth>
        <TileHeight>256</TileHeight>
        <MatrixWidth>4194304</MatrixWidth>
        <MatrixHeight>4194304</MatrixHeight>
      </TileMatrix>
      <TileMatrix>
        <ows:Identifier>23</ows:Identifier>
        <ScaleDenominator>54.68446545</ScaleDenominator>
        <TopLeftCorner>-14440759.350252 18440759.350252</TopLeftCorner>
        <TileWidth>256</TileWidth>
        <TileHeight>256</TileHeight>
        <MatrixWidth>8388608</MatrixWidth>
        <MatrixHeight>8388608</MatrixHeight>
      </TileMatrix>
      <TileMatrix>
        <ows:Identifier>24</ows:Identifier>
        <ScaleDenominator>27.34223273</ScaleDenominator>
        <TopLeftCorner>-14440759.350252 18440759.350252</TopLeftCorner>
        <TileWidth>256</TileWidth>
        <TileHeight>256</TileHeight>
        <MatrixWidth>16777216</MatrixWidth>
        <MatrixHeight>16777216</MatrixHeight>
      </TileMatrix>
    </TileMatrixSet>
