<?xml version="1.0" encoding="UTF-8"?>
<TileMatrixSet id="UTM31WGS84Quad" xmlns="http://www.opengis.net/tms/1.0" xmlns:ows="http://www.opengis.net/ows/2.0" xmlns:xsi="http://www.w3.org/2001/XMLSchema-instance" xsi:schemaLocation="http://www.opengis.net/tms/1.0 ../tms.xsd">
	<ows:Title>Universal Transverse Mercator Zone 31 WGS84 Quad</ows:Title>
	<ows:Identifier>UTM31WGS84Quad</ows:Identifier>
	<ows:BoundingBox crs="http://www.opengis.net/def/crs/EPSG/0/32631">
		<ows:LowerCorner>
            -9501965.72931276 -20003931.4586255
         </ows:LowerCorner>
		<ows:UpperCorner>
             10501965.7293128 20003931.4586255
         </ows:UpperCorner>
	</ows:BoundingBox>
	<ows:SupportedCRS>
            http://www.opengis.net/def/crs/EPSG/0/32631
      </ows:SupportedCRS>
	<TileMatrix>
		<ows:Identifier>1</ows:Identifier>
		<ScaleDenominator>279072704.500914</ScaleDenominator>
		<TopLeftCorner>-9501965.72931276 20003931.4586255</TopLeftCorner>
		<TileWidth>256</TileWidth>
		<TileHeight>256</TileHeight>
		<MatrixWidth>1</MatrixWidth>
		<MatrixHeight>2</MatrixHeight>
	</TileMatrix>
	<TileMatrix>
		<ows:Identifier>2</ows:Identifier>
		<ScaleDenominator>139536352.250457</ScaleDenominator>
		<TopLeftCorner>-9501965.72931276 20003931.4586255</TopLeftCorner>
		<TileWidth>256</TileWidth>
		<TileHeight>256</TileHeight>
		<MatrixWidth>2</MatrixWidth>
		<MatrixHeight>4</MatrixHeight>
	</TileMatrix>
	<TileMatrix>
		<ows:Identifier>3</ows:Identifier>
		<ScaleDenominator>69768176.1252285</ScaleDenominator>
		<TopLeftCorner>-9501965.72931276 20003931.4586255</TopLeftCorner>
		<TileWidth>256</TileWidth>
		<TileHeight>256</TileHeight>
		<MatrixWidth>4</MatrixWidth>
		<MatrixHeight>8</MatrixHeight>
	</TileMatrix>
	<TileMatrix>
		<ows:Identifier>4</ows:Identifier>
		<ScaleDenominator>34884088.0626143</ScaleDenominator>
		<TopLeftCorner>-9501965.72931276 20003931.4586255</TopLeftCorner>
		<TileWidth>256</TileWidth>
		<TileHeight>256</TileHeight>
		<MatrixWidth>8</MatrixWidth>
		<MatrixHeight>16</MatrixHeight>
	</TileMatrix>
	<TileMatrix>
		<ows:Identifier>5</ows:Identifier>
		<ScaleDenominator>17442044.0313071</ScaleDenominator>
		<TopLeftCorner>-9501965.72931276 20003931.4586255</TopLeftCorner>
		<TileWidth>256</TileWidth>
		<TileHeight>256</TileHeight>
		<MatrixWidth>16</MatrixWidth>
		<MatrixHeight>32</MatrixHeight>
	</TileMatrix>
	<TileMatrix>
		<ows:Identifier>6</ows:Identifier>
		<ScaleDenominator>8721022.01565356</ScaleDenominator>
		<TopLeftCorner>-9501965.72931276 20003931.4586255</TopLeftCorner>
		<TileWidth>256</TileWidth>
		<TileHeight>256</TileHeight>
		<MatrixWidth>32</MatrixWidth>
		<MatrixHeight>64</MatrixHeight>
	</TileMatrix>
	<TileMatrix>
		<ows:Identifier>7</ows:Identifier>
		<ScaleDenominator>4360511.00782678</ScaleDenominator>
		<TopLeftCorner>-9501965.72931276 20003931.4586255</TopLeftCorner>
		<TileWidth>256</TileWidth>
		<TileHeight>256</TileHeight>
		<MatrixWidth>64</MatrixWidth>
		<MatrixHeight>128</MatrixHeight>
	</TileMatrix>
	<TileMatrix>
		<ows:Identifier>8</ows:Identifier>
		<ScaleDenominator>2180255.50391339</ScaleDenominator>
		<TopLeftCorner>-9501965.72931276 20003931.4586255</TopLeftCorner>
		<TileWidth>256</TileWidth>
		<TileHeight>256</TileHeight>
		<MatrixWidth>128</MatrixWidth>
		<MatrixHeight>256</MatrixHeight>
	</TileMatrix>
	<TileMatrix>
		<ows:Identifier>9</ows:Identifier>
		<ScaleDenominator>1090127.7519567</ScaleDenominator>
		<TopLeftCorner>-9501965.72931276 20003931.4586255</TopLeftCorner>
		<TileWidth>256</TileWidth>
		<TileHeight>256</TileHeight>
		<MatrixWidth>256</MatrixWidth>
		<MatrixHeight>512</MatrixHeight>
	</TileMatrix>
	<TileMatrix>
		<ows:Identifier>10</ows:Identifier>
		<ScaleDenominator>545063.875978348</ScaleDenominator>
		<TopLeftCorner>-9501965.72931276 20003931.4586255</TopLeftCorner>
		<TileWidth>256</TileWidth>
		<TileHeight>256</TileHeight>
		<MatrixWidth>512</MatrixWidth>
		<MatrixHeight>1024</MatrixHeight>
	</TileMatrix>
	<TileMatrix>
		<ows:Identifier>11</ows:Identifier>
		<ScaleDenominator>272531.937989174</ScaleDenominator>
		<TopLeftCorner>-9501965.72931276 20003931.4586255</TopLeftCorner>
		<TileWidth>256</TileWidth>
		<TileHeight>256</TileHeight>
		<MatrixWidth>1024</MatrixWidth>
		<MatrixHeight>2048</MatrixHeight>
	</TileMatrix>
	<TileMatrix>
		<ows:Identifier>12</ows:Identifier>
		<ScaleDenominator>136265.968994587</ScaleDenominator>
		<TopLeftCorner>-9501965.72931276 20003931.4586255</TopLeftCorner>
		<TileWidth>256</TileWidth>
		<TileHeight>256</TileHeight>
		<MatrixWidth>2048</MatrixWidth>
		<MatrixHeight>4096</MatrixHeight>
	</TileMatrix>
	<TileMatrix>
		<ows:Identifier>13</ows:Identifier>
		<ScaleDenominator>68132.9844972935</ScaleDenominator>
		<TopLeftCorner>-9501965.72931276 20003931.4586255</TopLeftCorner>
		<TileWidth>256</TileWidth>
		<TileHeight>256</TileHeight>
		<MatrixWidth>4096</MatrixWidth>
		<MatrixHeight>8192</MatrixHeight>
	</TileMatrix>
	<TileMatrix>
		<ows:Identifier>14</ows:Identifier>
		<ScaleDenominator>34066.4922486467</ScaleDenominator>
		<TopLeftCorner>-9501965.72931276 20003931.4586255</TopLeftCorner>
		<TileWidth>256</TileWidth>
		<TileHeight>256</TileHeight>
		<MatrixWidth>8192</MatrixWidth>
		<MatrixHeight>16384</MatrixHeight>
	</TileMatrix>
	<TileMatrix>
		<ows:Identifier>15</ows:Identifier>
		<ScaleDenominator>17033.2461243234</ScaleDenominator>
		<TopLeftCorner>-9501965.72931276 20003931.4586255</TopLeftCorner>
		<TileWidth>256</TileWidth>
		<TileHeight>256</TileHeight>
		<MatrixWidth>16384</MatrixWidth>
		<MatrixHeight>32768</MatrixHeight>
	</TileMatrix>
	<TileMatrix>
		<ows:Identifier>16</ows:Identifier>
		<ScaleDenominator>8516.62306216168</ScaleDenominator>
		<TopLeftCorner>-9501965.72931276 20003931.4586255</TopLeftCorner>
		<TileWidth>256</TileWidth>
		<TileHeight>256</TileHeight>
		<MatrixWidth>32768</MatrixWidth>
		<MatrixHeight>65536</MatrixHeight>
	</TileMatrix>
	<TileMatrix>
		<ows:Identifier>17</ows:Identifier>
		<ScaleDenominator>4258.31153108084</ScaleDenominator>
		<TopLeftCorner>-9501965.72931276 20003931.4586255</TopLeftCorner>
		<TileWidth>256</TileWidth>
		<TileHeight>256</TileHeight>
		<MatrixWidth>65536</MatrixWidth>
		<MatrixHeight>131072</MatrixHeight>
	</TileMatrix>
	<TileMatrix>
		<ows:Identifier>18</ows:Identifier>
		<ScaleDenominator>2129.15576554042</ScaleDenominator>
		<TopLeftCorner>-9501965.72931276 20003931.4586255</TopLeftCorner>
		<TileWidth>256</TileWidth>
		<TileHeight>256</TileHeight>
		<MatrixWidth>131072</MatrixWidth>
		<MatrixHeight>262144</MatrixHeight>
	</TileMatrix>
	<TileMatrix>
		<ows:Identifier>19</ows:Identifier>
		<ScaleDenominator>1064.57788277021</ScaleDenominator>
		<TopLeftCorner>-9501965.72931276 20003931.4586255</TopLeftCorner>
		<TileWidth>256</TileWidth>
		<TileHeight>256</TileHeight>
		<MatrixWidth>262144</MatrixWidth>
		<MatrixHeight>524288</MatrixHeight>
	</TileMatrix>
	<TileMatrix>
		<ows:Identifier>20</ows:Identifier>
		<ScaleDenominator>532.288941385105</ScaleDenominator>
		<TopLeftCorner>-9501965.72931276 20003931.4586255</TopLeftCorner>
		<TileWidth>256</TileWidth>
		<TileHeight>256</TileHeight>
		<MatrixWidth>524288</MatrixWidth>
		<MatrixHeight>1048576</MatrixHeight>
	</TileMatrix>
	<TileMatrix>
		<ows:Identifier>21</ows:Identifier>
		<ScaleDenominator>266.144470692553</ScaleDenominator>
		<TopLeftCorner>-9501965.72931276 20003931.4586255</TopLeftCorner>
		<TileWidth>256</TileWidth>
		<TileHeight>256</TileHeight>
		<MatrixWidth>1048576</MatrixWidth>
		<MatrixHeight>2097152</MatrixHeight>
	</TileMatrix>
	<TileMatrix>
		<ows:Identifier>22</ows:Identifier>
		<ScaleDenominator>133.072235346276</ScaleDenominator>
		<TopLeftCorner>-9501965.72931276 20003931.4586255</TopLeftCorner>
		<TileWidth>256</TileWidth>
		<TileHeight>256</TileHeight>
		<MatrixWidth>2097152</MatrixWidth>
		<MatrixHeight>4194304</MatrixHeight>
	</TileMatrix>
	<TileMatrix>
		<ows:Identifier>23</ows:Identifier>
		<ScaleDenominator>66.5361176731382</ScaleDenominator>
		<TopLeftCorner>-9501965.72931276 20003931.4586255</TopLeftCorner>
		<TileWidth>256</TileWidth>
		<TileHeight>256</TileHeight>
		<MatrixWidth>4194304</MatrixWidth>
		<MatrixHeight>8388608</MatrixHeight>
	</TileMatrix>
	<TileMatrix>
		<ows:Identifier>24</ows:Identifier>
		<ScaleDenominator>33.2680588365691</ScaleDenominator>
		<TopLeftCorner>-9501965.72931276 20003931.4586255</TopLeftCorner>
		<TileWidth>256</TileWidth>
		<TileHeight>256</TileHeight>
		<MatrixWidth>8388608</MatrixWidth>
		<MatrixHeight>16777216</MatrixHeight>
	</TileMatrix>
</TileMatrixSet>
