<?xml version="1.0" encoding="UTF-8"?>
<TileMatrixSet id="WorldCRS84Quad" xmlns="http://www.opengis.net/tms/1.0" xmlns:ows="http://www.opengis.net/ows/2.0" xmlns:xsi="http://www.w3.org/2001/XMLSchema-instance" xsi:schemaLocation="http://www.opengis.net/tms/1.0 ../tms.xsd">
	<ows:Title>CRS84 for the World</ows:Title>
	<ows:Identifier>WorldCRS84Quad</ows:Identifier>
	<ows:BoundingBox crs="http://www.opengis.net/def/crs/OGC/1.3/CRS84">
		<ows:LowerCorner>-180 -90</ows:LowerCorner>
		<ows:UpperCorner>180 90</ows:UpperCorner>
	</ows:BoundingBox>
	<ows:SupportedCRS>
            http://www.opengis.net/def/crs/OGC/1.3/CRS84
         </ows:SupportedCRS>
	<WellKnownScaleSet>
            http://www.opengis.net/def/wkss/OGC/1.0/GoogleCRS84Quad
         </WellKnownScaleSet>
	<TileMatrix>
		<ows:Identifier>1</ows:Identifier>
		<ScaleDenominator>279541132.0143589</ScaleDenominator>
		<TopLeftCorner>-180 90</TopLeftCorner>
		<TileWidth>256</TileWidth>
		<TileHeight>256</TileHeight>
		<MatrixWidth>2</MatrixWidth>
		<MatrixHeight>1</MatrixHeight>
	</TileMatrix>
	<TileMatrix>
		<ows:Identifier>2</ows:Identifier>
		<ScaleDenominator>139770566.0071794</ScaleDenominator>
		<TopLeftCorner>-180 90</TopLeftCorner>
		<TileWidth>256</TileWidth>
		<TileHeight>256</TileHeight>
		<MatrixWidth>4</MatrixWidth>
		<MatrixHeight>2</MatrixHeight>
	</TileMatrix>
	<TileMatrix>
		<ows:Identifier>3</ows:Identifier>
		<ScaleDenominator>69885283.00358972</ScaleDenominator>
		<TopLeftCorner>-180 90</TopLeftCorner>
		<TileWidth>256</TileWidth>
		<TileHeight>256</TileHeight>
		<MatrixWidth>8</MatrixWidth>
		<MatrixHeight>4</MatrixHeight>
	</TileMatrix>
	<TileMatrix>
		<ows:Identifier>4</ows:Identifier>
		<ScaleDenominator>34942641.50179486</ScaleDenominator>
		<TopLeftCorner>-180 90</TopLeftCorner>
		<TileWidth>256</TileWidth>
		<TileHeight>256</TileHeight>
		<MatrixWidth>16</MatrixWidth>
		<MatrixHeight>8</MatrixHeight>
	</TileMatrix>
	<TileMatrix>
		<ows:Identifier>5</ows:Identifier>
		<ScaleDenominator>17471320.75089743</ScaleDenominator>
		<TopLeftCorner>-180 90</TopLeftCorner>
		<TileWidth>256</TileWidth>
		<TileHeight>256</TileHeight>
		<MatrixWidth>32</MatrixWidth>
		<MatrixHeight>16</MatrixHeight>
	</TileMatrix>
	<TileMatrix>
		<ows:Identifier>6</ows:Identifier>
		<ScaleDenominator>8735660.375448715</ScaleDenominator>
		<TopLeftCorner>-180 90</TopLeftCorner>
		<TileWidth>256</TileWidth>
		<TileHeight>256</TileHeight>
		<MatrixWidth>64</MatrixWidth>
		<MatrixHeight>32</MatrixHeight>
	</TileMatrix>
	<TileMatrix>
		<ows:Identifier>7</ows:Identifier>
		<ScaleDenominator>4367830.187724357</ScaleDenominator>
		<TopLeftCorner>-180 90</TopLeftCorner>
		<TileWidth>256</TileWidth>
		<TileHeight>256</TileHeight>
		<MatrixWidth>128</MatrixWidth>
		<MatrixHeight>64</MatrixHeight>
	</TileMatrix>
	<TileMatrix>
		<ows:Identifier>8</ows:Identifier>
		<ScaleDenominator>2183915.093862179</ScaleDenominator>
		<TopLeftCorner>-180 90</TopLeftCorner>
		<TileWidth>256</TileWidth>
		<TileHeight>256</TileHeight>
		<MatrixWidth>256</MatrixWidth>
		<MatrixHeight>128</MatrixHeight>
	</TileMatrix>
	<TileMatrix>
		<ows:Identifier>9</ows:Identifier>
		<ScaleDenominator>1091957.546931089</ScaleDenominator>
		<TopLeftCorner>-180 90</TopLeftCorner>
		<TileWidth>256</TileWidth>
		<TileHeight>256</TileHeight>
		<MatrixWidth>512</MatrixWidth>
		<MatrixHeight>256</MatrixHeight>
	</TileMatrix>
	<TileMatrix>
		<ows:Identifier>10</ows:Identifier>
		<ScaleDenominator>545978.7734655447</ScaleDenominator>
		<TopLeftCorner>-180 90</TopLeftCorner>
		<TileWidth>256</TileWidth>
		<TileHeight>256</TileHeight>
		<MatrixWidth>1024</MatrixWidth>
		<MatrixHeight>512</MatrixHeight>
	</TileMatrix>
	<TileMatrix>
		<ows:Identifier>11</ows:Identifier>
		<ScaleDenominator>272989.3867327723</ScaleDenominator>
		<TopLeftCorner>-180 90</TopLeftCorner>
		<TileWidth>256</TileWidth>
		<TileHeight>256</TileHeight>
		<MatrixWidth>2048</MatrixWidth>
		<MatrixHeight>1024</MatrixHeight>
	</TileMatrix>
	<TileMatrix>
		<ows:Identifier>12</ows:Identifier>
		<ScaleDenominator>136494.6933663862</ScaleDenominator>
		<TopLeftCorner>-180 90</TopLeftCorner>
		<TileWidth>256</TileWidth>
		<TileHeight>256</TileHeight>
		<MatrixWidth>4096</MatrixWidth>
		<MatrixHeight>2048</MatrixHeight>
	</TileMatrix>
	<TileMatrix>
		<ows:Identifier>13</ows:Identifier>
		<ScaleDenominator>68247.34668319309</ScaleDenominator>
		<TopLeftCorner>-180 90</TopLeftCorner>
		<TileWidth>256</TileWidth>
		<TileHeight>256</TileHeight>
		<MatrixWidth>8192</MatrixWidth>
		<MatrixHeight>4096</MatrixHeight>
	</TileMatrix>
	<TileMatrix>
		<ows:Identifier>14</ows:Identifier>
		<ScaleDenominator>34123.67334159654</ScaleDenominator>
		<TopLeftCorner>-180 90</TopLeftCorner>
		<TileWidth>256</TileWidth>
		<TileHeight>256</TileHeight>
		<MatrixWidth>16384</MatrixWidth>
		<MatrixHeight>8192</MatrixHeight>
	</TileMatrix>
	<TileMatrix>
		<ows:Identifier>15</ows:Identifier>
		<ScaleDenominator>17061.83667079827</ScaleDenominator>
		<TopLeftCorner>-180 90</TopLeftCorner>
		<TileWidth>256</TileWidth>
		<TileHeight>256</TileHeight>
		<MatrixWidth>32768</MatrixWidth>
		<MatrixHeight>16384</MatrixHeight>
	</TileMatrix>
	<TileMatrix>
		<ows:Identifier>16</ows:Identifier>
		<ScaleDenominator>8530.918335399136</ScaleDenominator>
		<TopLeftCorner>-180 90</TopLeftCorner>
		<TileWidth>256</TileWidth>
		<TileHeight>256</TileHeight>
		<MatrixWidth>65536</MatrixWidth>
		<MatrixHeight>32768</MatrixHeight>
	</TileMatrix>
	<TileMatrix>
		<ows:Identifier>17</ows:Identifier>
		<ScaleDenominator>4265.459167699568</ScaleDenominator>
		<TopLeftCorner>-180 90</TopLeftCorner>
		<TileWidth>256</TileWidth>
		<TileHeight>256</TileHeight>
		<MatrixWidth>131072</MatrixWidth>
		<MatrixHeight>65536</MatrixHeight>
	</TileMatrix>
	<TileMatrix>
		<ows:Identifier>18</ows:Identifier>
		<ScaleDenominator>2132.729583849784</ScaleDenominator>
		<TopLeftCorner>-180 90</TopLeftCorner>
		<TileWidth>256</TileWidth>
		<TileHeight>256</TileHeight>
		<MatrixWidth>262144</MatrixWidth>
		<MatrixHeight>131072</MatrixHeight>
	</TileMatrix>
</TileMatrixSet>
