<?xml version="1.0" encoding="UTF-8"?>
<TileMatrixSet id="WorldMercatorWGS84Quad" xmlns="http://www.opengis.net/tms/1.0" xmlns:ows="http://www.opengis.net/ows/2.0" xmlns:xsi="http://www.w3.org/2001/XMLSchema-instance" xsi:schemaLocation="http://www.opengis.net/tms/1.0 ../tms.xsd">
	<ows:Title>World Mercator WGS84 (ellipsoid)</ows:Title>
	<ows:Identifier>WorldMercatorWGS84Quad</ows:Identifier>
	<ows:BoundingBox crs="http://www.opengis.net/def/crs/EPSG/0/3395">
		<ows:LowerCorner>
            -20037508.3427892 -20037508.3427892
         </ows:LowerCorner>
		<ows:UpperCorner>
             20037508.3427892 20037508.3427892
         </ows:UpperCorner>
	</ows:BoundingBox>
	<ows:SupportedCRS>
          http://www.opengis.net/def/crs/EPSG/0/3395
      </ows:SupportedCRS>
	<WellKnownScaleSet>
          http://www.opengis.net/def/wkss/OGC/1.0/WorldMercatorWGS84
      </WellKnownScaleSet>
	<TileMatrix>
		<ows:Identifier>0</ows:Identifier>
		<ScaleDenominator>559082264.028717</ScaleDenominator>
		<TopLeftCorner>-20037508.3427892 20037508.3427892</TopLeftCorner>
		<TileWidth>256</TileWidth>
		<TileHeight>256</TileHeight>
		<MatrixWidth>1</MatrixWidth>
		<MatrixHeight>1</MatrixHeight>
	</TileMatrix>
	<TileMatrix>
		<ows:Identifier>1</ows:Identifier>
		<ScaleDenominator>279541132.014358</ScaleDenominator>
		<TopLeftCorner>-20037508.3427892 20037508.3427892</TopLeftCorner>
		<TileWidth>256</TileWidth>
		<TileHeight>256</TileHeight>
		<MatrixWidth>2</MatrixWidth>
		<MatrixHeight>2</MatrixHeight>
	</TileMatrix>
	<TileMatrix>
		<ows:Identifier>2</ows:Identifier>
		<ScaleDenominator>139770566.007179</ScaleDenominator>
		<TopLeftCorner>-20037508.3427892 20037508.3427892</TopLeftCorner>
		<TileWidth>256</TileWidth>
		<TileHeight>256</TileHeight>
		<MatrixWidth>4</MatrixWidth>
		<MatrixHeight>4</MatrixHeight>
	</TileMatrix>
	<TileMatrix>
		<ows:Identifier>3</ows:Identifier>
		<ScaleDenominator>69885283.0035897</ScaleDenominator>
		<TopLeftCorner>-20037508.3427892 20037508.3427892</TopLeftCorner>
		<TileWidth>256</TileWidth>
		<TileHeight>256</TileHeight>
		<MatrixWidth>8</MatrixWidth>
		<MatrixHeight>8</MatrixHeight>
	</TileMatrix>
	<TileMatrix>
		<ows:Identifier>4</ows:Identifier>
		<ScaleDenominator>34942641.5017948</ScaleDenominator>
		<TopLeftCorner>-20037508.3427892 20037508.3427892</TopLeftCorner>
		<TileWidth>256</TileWidth>
		<TileHeight>256</TileHeight>
		<MatrixWidth>16</MatrixWidth>
		<MatrixHeight>16</MatrixHeight>
	</TileMatrix>
	<TileMatrix>
		<ows:Identifier>5</ows:Identifier>
		<ScaleDenominator>17471320.7508974</ScaleDenominator>
		<TopLeftCorner>-20037508.3427892 20037508.3427892</TopLeftCorner>
		<TileWidth>256</TileWidth>
		<TileHeight>256</TileHeight>
		<MatrixWidth>32</MatrixWidth>
		<MatrixHeight>32</MatrixHeight>
	</TileMatrix>
	<TileMatrix>
		<ows:Identifier>6</ows:Identifier>
		<ScaleDenominator>8735660.37544871</ScaleDenominator>
		<TopLeftCorner>-20037508.3427892 20037508.3427892</TopLeftCorner>
		<TileWidth>256</TileWidth>
		<TileHeight>256</TileHeight>
		<MatrixWidth>64</MatrixWidth>
		<MatrixHeight>64</MatrixHeight>
	</TileMatrix>
	<TileMatrix>
		<ows:Identifier>7</ows:Identifier>
		<ScaleDenominator>4367830.18772435</ScaleDenominator>
		<TopLeftCorner>-20037508.3427892 20037508.3427892</TopLeftCorner>
		<TileWidth>256</TileWidth>
		<TileHeight>256</TileHeight>
		<MatrixWidth>128</MatrixWidth>
		<MatrixHeight>128</MatrixHeight>
	</TileMatrix>
	<TileMatrix>
		<ows:Identifier>8</ows:Identifier>
		<ScaleDenominator>2183915.09386217</ScaleDenominator>
		<TopLeftCorner>-20037508.3427892 20037508.3427892</TopLeftCorner>
		<TileWidth>256</TileWidth>
		<TileHeight>256</TileHeight>
		<MatrixWidth>256</MatrixWidth>
		<MatrixHeight>256</MatrixHeight>
	</TileMatrix>
	<TileMatrix>
		<ows:Identifier>9</ows:Identifier>
		<ScaleDenominator>1091957.54693108</ScaleDenominator>
		<TopLeftCorner>-20037508.3427892 20037508.3427892</TopLeftCorner>
		<TileWidth>256</TileWidth>
		<TileHeight>256</TileHeight>
		<MatrixWidth>512</MatrixWidth>
		<MatrixHeight>512</MatrixHeight>
	</TileMatrix>
	<TileMatrix>
		<ows:Identifier>10</ows:Identifier>
		<ScaleDenominator>545978.773465544</ScaleDenominator>
		<TopLeftCorner>-20037508.3427892 20037508.3427892</TopLeftCorner>
		<TileWidth>256</TileWidth>
		<TileHeight>256</TileHeight>
		<MatrixWidth>1024</MatrixWidth>
		<MatrixHeight>1024</MatrixHeight>
	</TileMatrix>
	<TileMatrix>
		<ows:Identifier>11</ows:Identifier>
		<ScaleDenominator>272989.386732772</ScaleDenominator>
		<TopLeftCorner>-20037508.3427892 20037508.3427892</TopLeftCorner>
		<TileWidth>256</TileWidth>
		<TileHeight>256</TileHeight>
		<MatrixWidth>2048</MatrixWidth>
		<MatrixHeight>2048</MatrixHeight>
	</TileMatrix>
	<TileMatrix>
		<ows:Identifier>12</ows:Identifier>
		<ScaleDenominator>136494.693366386</ScaleDenominator>
		<TopLeftCorner>-20037508.3427892 20037508.3427892</TopLeftCorner>
		<TileWidth>256</TileWidth>
		<TileHeight>256</TileHeight>
		<MatrixWidth>4096</MatrixWidth>
		<MatrixHeight>4096</MatrixHeight>
	</TileMatrix>
	<TileMatrix>
		<ows:Identifier>13</ows:Identifier>
		<ScaleDenominator>68247.346683193</ScaleDenominator>
		<TopLeftCorner>-20037508.3427892 20037508.3427892</TopLeftCorner>
		<TileWidth>256</TileWidth>
		<TileHeight>256</TileHeight>
		<MatrixWidth>8192</MatrixWidth>
		<MatrixHeight>8192</MatrixHeight>
	</TileMatrix>
	<TileMatrix>
		<ows:Identifier>14</ows:Identifier>
		<ScaleDenominator>34123.6733415964</ScaleDenominator>
		<TopLeftCorner>-20037508.3427892 20037508.3427892</TopLeftCorner>
		<TileWidth>256</TileWidth>
		<TileHeight>256</TileHeight>
		<MatrixWidth>16384</MatrixWidth>
		<MatrixHeight>16384</MatrixHeight>
	</TileMatrix>
	<TileMatrix>
		<ows:Identifier>15</ows:Identifier>
		<ScaleDenominator>17061.8366707982</ScaleDenominator>
		<TopLeftCorner>-20037508.3427892 20037508.3427892</TopLeftCorner>
		<TileWidth>256</TileWidth>
		<TileHeight>256</TileHeight>
		<MatrixWidth>32768</MatrixWidth>
		<MatrixHeight>32768</MatrixHeight>
	</TileMatrix>
	<TileMatrix>
		<ows:Identifier>16</ows:Identifier>
		<ScaleDenominator>8530.91833539913</ScaleDenominator>
		<TopLeftCorner>-20037508.3427892 20037508.3427892</TopLeftCorner>
		<TileWidth>256</TileWidth>
		<TileHeight>256</TileHeight>
		<MatrixWidth>65536</MatrixWidth>
		<MatrixHeight>65536</MatrixHeight>
	</TileMatrix>
	<TileMatrix>
		<ows:Identifier>17</ows:Identifier>
		<ScaleDenominator>4265.45916769956</ScaleDenominator>
		<TopLeftCorner>-20037508.3427892 20037508.3427892</TopLeftCorner>
		<TileWidth>256</TileWidth>
		<TileHeight>256</TileHeight>
		<MatrixWidth>131072</MatrixWidth>
		<MatrixHeight>131072</MatrixHeight>
	</TileMatrix>
	<TileMatrix>
		<ows:Identifier>18</ows:Identifier>
		<ScaleDenominator>2132.72958384978</ScaleDenominator>
		<TopLeftCorner>-20037508.3427892 20037508.3427892</TopLeftCorner>
		<TileWidth>256</TileWidth>
		<TileHeight>256</TileHeight>
		<MatrixWidth>262144</MatrixWidth>
		<MatrixHeight>262144</MatrixHeight>
	</TileMatrix>
	<TileMatrix>
		<ows:Identifier>19</ows:Identifier>
		<ScaleDenominator>1066.36479192489</ScaleDenominator>
		<TopLeftCorner>-20037508.3427892 20037508.3427892</TopLeftCorner>
		<TileWidth>256</TileWidth>
		<TileHeight>256</TileHeight>
		<MatrixWidth>524288</MatrixWidth>
		<MatrixHeight>524288</MatrixHeight>
	</TileMatrix>
	<TileMatrix>
		<ows:Identifier>20</ows:Identifier>
		<ScaleDenominator>533.182395962445</ScaleDenominator>
		<TopLeftCorner>-20037508.3427892 20037508.3427892</TopLeftCorner>
		<TileWidth>256</TileWidth>
		<TileHeight>256</TileHeight>
		<MatrixWidth>1048576</MatrixWidth>
		<MatrixHeight>1048576</MatrixHeight>
	</TileMatrix>
	<TileMatrix>
		<ows:Identifier>21</ows:Identifier>
		<ScaleDenominator>266.591197981222</ScaleDenominator>
		<TopLeftCorner>-20037508.3427892 20037508.3427892</TopLeftCorner>
		<TileWidth>256</TileWidth>
		<TileHeight>256</TileHeight>
		<MatrixWidth>2097152</MatrixWidth>
		<MatrixHeight>2097152</MatrixHeight>
	</TileMatrix>
	<TileMatrix>
		<ows:Identifier>22</ows:Identifier>
		<ScaleDenominator>133.295598990611</ScaleDenominator>
		<TopLeftCorner>-20037508.3427892 20037508.3427892</TopLeftCorner>
		<TileWidth>256</TileWidth>
		<TileHeight>256</TileHeight>
		<MatrixWidth>4194304</MatrixWidth>
		<MatrixHeight>4194304</MatrixHeight>
	</TileMatrix>
	<TileMatrix>
		<ows:Identifier>23</ows:Identifier>
		<ScaleDenominator>66.6477994953056</ScaleDenominator>
		<TopLeftCorner>-20037508.3427892 20037508.3427892</TopLeftCorner>
		<TileWidth>256</TileWidth>
		<TileHeight>256</TileHeight>
		<MatrixWidth>8388608</MatrixWidth>
		<MatrixHeight>8388608</MatrixHeight>
	</TileMatrix>
	<TileMatrix>
		<ows:Identifier>24</ows:Identifier>
		<ScaleDenominator>33.3238997476528</ScaleDenominator>
		<TopLeftCorner>-20037508.3427892 20037508.3427892</TopLeftCorner>
		<TileWidth>256</TileWidth>
		<TileHeight>256</TileHeight>
		<MatrixWidth>16777216</MatrixWidth>
		<MatrixHeight>16777216</MatrixHeight>
	</TileMatrix>
</TileMatrixSet>
