<?xml version="1.0" encoding="UTF-8"?>
<!-- Created by GO Publisher. Snowflake Software Ltd. (http://www.snowflakesoftware.com). -->
<tsml:Collection xmlns:xsi="http://www.w3.org/2001/XMLSchema-instance" xmlns:xs="http://www.w3.org/2001/XMLSchema" xmlns:tsml="http://www.opengis.net/tsml/1.0" xmlns:gml="http://www.opengis.net/gml/3.2" xmlns:xlink="http://www.w3.org/1999/xlink" xmlns:gmd="http://www.isotc211.org/2005/gmd" xmlns:gco="http://www.isotc211.org/2005/gco" xmlns:gss="http://www.isotc211.org/2005/gss" xmlns:gts="http://www.isotc211.org/2005/gts" xmlns:gsr="http://www.isotc211.org/2005/gsr" xmlns:gmlcov="http://www.opengis.net/gmlcov/1.0" xmlns:swe="http://www.opengis.net/swe/2.0" xmlns:om="http://www.opengis.net/om/2.0" xmlns:sams="http://www.opengis.net/samplingSpatial/2.0" xmlns:sam="http://www.opengis.net/sampling/2.0" xsi:schemaLocation="http://www.opengis.net/tsml/1.0 http://schemas.opengis.net/tsml/1.0/timeseriesML.xsd" gml:id="tsml.collection.example.nzl.beacon-farm">
	<gml:description>This is an example TimeSeriesML1.0 (draft) encoding of soil moisture sensor data from a greenhouse gas flux monitoring station (Beacon Farm, North Canterbury, New Zealand). These are actual data. Auth: Alistair Ritchie, Landcare Research (NZ) Ltd.</gml:description>
	<tsml:generationDate>2015-03-09T15:27:48</tsml:generationDate>
	<tsml:generationSystem>Snowflake GO Publisher Desktop</tsml:generationSystem>
	<tsml:samplingFeatureMember>
		<tsml:MonitoringFeature gml:id="sams.sf_spatialsamplingfeature.bf-ghg.20001">
			<gml:description>Sensor Platform located on the Beacon Farm wet (centre pivot irrigated) paddock.</gml:description>
			<gml:identifier codeSpace="http://www.landcareresearch.co.nz">http://dev.data.scinfo.org.nz/x/id/sams/sf_spatialsamplingfeature/bf-ghg/20001</gml:identifier>
			<gml:name codeSpace="http://www.landcareresearch.co.nz">Beacon Farm Sensor Platform (wet paddock)</gml:name>
			<sam:type xlink:href="http://www.opengis.net/def/samplingFeatureType/OGC-OM/2.0/SF_SamplingPoint"/>
			<sam:sampledFeature xlink:href="http://www.opengis.net/def/nil/OGC/0/unknown" xsi:nil="true"/>
			<sams:shape>
				<gml:Point srsName="http://www.opengis.net/def/crs/epsg/0/4326" gml:id="LOCAL_ID_0">
					<gml:pos>171.929995 -43.593582</gml:pos>
				</gml:Point>
			</sams:shape>
			<tsml:verticalDatum xlink:href="http://www.opengis.net/def/crs/EPSG/0/4440" xlink:title="New Zealand Vertical Datum 2009"/>
			<tsml:timeZone>
				<tsml:TimeZone>
					<tsml:zoneOffset>+12:00</tsml:zoneOffset>
					<tsml:zoneAbbreviation>NZT</tsml:zoneAbbreviation>
				</tsml:TimeZone>
			</tsml:timeZone>
		</tsml:MonitoringFeature>
	</tsml:samplingFeatureMember>
	<tsml:observationMember>
		<om:OM_Observation gml:id="om.om_observation.soilmoisture">
			<om:phenomenonTime>
				<gml:TimePeriod gml:id="om.phenomenontime.soilmoisture">
					<gml:beginPosition>2012-06-13T00:00:00.000+12:00</gml:beginPosition>
					<gml:endPosition>2012-06-14T00:00:00.000+12:00</gml:endPosition>
				</gml:TimePeriod>
			</om:phenomenonTime>
			<om:resultTime>
				<gml:TimeInstant gml:id="om.resulttime.soilmoisture">
					<gml:timePosition>2015-03-09T15:27:49</gml:timePosition>
				</gml:TimeInstant>
			</om:resultTime>
			<om:procedure xlink:href="http://www.opengis.net/def/nil/OGC/0/template" xsi:nil="true"/>
			<om:observedProperty xlink:href="http://dev.data.scinfo.org.nz/x/def/property/ghg/met/soilmoist2"/>
			<om:featureOfInterest xlink:href="#sams.sf_spatialsamplingfeature.bf-ghg.20001"/>
			<om:result>
				<tsml:TimeseriesDomainRange gml:id="tsml.measurementimeseries.soilmoisture">
					<gml:domainSet>
						<tsml:TimePositionList gml:id="tsml.timepositionlist.soilmoisture">
							<tsml:timePositionList>2012-06-13T00:30:00+12:00 2012-06-13T01:00:00+12:00 2012-06-13T01:30:00+12:00 2012-06-13T02:00:00+12:00 2012-06-13T02:30:00+12:00 2012-06-13T03:00:00+12:00 2012-06-13T03:30:00+12:00 2012-06-13T04:00:00+12:00 2012-06-13T04:30:00+12:00 2012-06-13T05:00:00+12:00 2012-06-13T05:30:00+12:00 2012-06-13T06:00:00+12:00 2012-06-13T06:30:00+12:00 2012-06-13T07:00:00+12:00 2012-06-13T07:30:00+12:00 2012-06-13T08:00:00+12:00 2012-06-13T08:30:00+12:00 2012-06-13T09:00:00+12:00 2012-06-13T09:30:00+12:00 2012-06-13T10:00:00+12:00 2012-06-13T10:30:00+12:00 2012-06-13T11:00:00+12:00 2012-06-13T11:30:00+12:00 2012-06-13T12:00:00+12:00 2012-06-13T12:30:00+12:00 2012-06-13T13:00:00+12:00 2012-06-13T13:30:00+12:00 2012-06-13T14:00:00+12:00 2012-06-13T15:00:00+12:00 2012-06-13T15:30:00+12:00 2012-06-13T16:00:00+12:00 2012-06-13T16:30:00+12:00 2012-06-13T17:00:00+12:00 2012-06-13T17:30:00+12:00 2012-06-13T18:00:00+12:00 2012-06-13T18:30:00+12:00 2012-06-13T19:00:00+12:00 2012-06-13T19:30:00+12:00 2012-06-13T20:00:00+12:00 2012-06-13T20:30:00+12:00 2012-06-13T21:00:00+12:00 2012-06-13T21:30:00+12:00 2012-06-13T22:00:00+12:00 2012-06-13T22:30:00+12:00 2012-06-13T23:00:00+12:00 2012-06-13T23:30:00+12:00 2012-06-14T00:00:00+12:00</tsml:timePositionList>
						</tsml:TimePositionList>
					</gml:domainSet>
					<gml:rangeSet>
						<gml:QuantityList uom="percent">39.97 40.12 40.02 40.06 40.09 39.97 39.94 40.08 40.00 39.94 39.91 39.93 39.96 39.91 39.88 39.89 39.95 39.90 39.87 39.85 39.83 39.78 39.85 39.81 39.68 39.66 39.64 8.64 6.58 39.51 39.59 39.41 39.46 39.45 39.47 39.46 39.43 39.43 39.47 39.47 39.42 39.38 39.42 39.44 39.44 39.34 39.27</gml:QuantityList>
					</gml:rangeSet>
					<gmlcov:rangeType>
						<swe:DataRecord id="swe.datarecord.soilmoisture">
							<swe:field name="observed_value">
								<swe:Quantity definition="http://dev.data.scinfo.org.nz/x/def/property/ghg/met/soilmoist2">
									<swe:uom xlink:href="http://www.opengis.net/def/uom/UCUM/0/percent" code="percent"/>
								</swe:Quantity>
							</swe:field>
						</swe:DataRecord>
					</gmlcov:rangeType>
					<gmlcov:metadata>
						<gmlcov:Extension>
							<tsml:TimeseriesMetadataExtension>
								<tsml:defaultPointMetadata>
									<tsml:PointMetadata>
										<tsml:uom code="%"/>
										<tsml:interpolationType xlink:href="http://www.opengis.net/def/timeseriesml/1.0/interpolationType/AveragePrec" xlink:title="Average in Preceding Interval"/>
										<tsml:aggregationDuration>PT30M</tsml:aggregationDuration>
									</tsml:PointMetadata>
								</tsml:defaultPointMetadata>
							</tsml:TimeseriesMetadataExtension>
						</gmlcov:Extension>
					</gmlcov:metadata>
				</tsml:TimeseriesDomainRange>
			</om:result>
		</om:OM_Observation>
	</tsml:observationMember>
</tsml:Collection>
