<?xml version="1.0" encoding="UTF-8"?>
<wps:GenericProcess
	xmlns:ows="http://www.opengis.net/ows/2.0"
	xmlns:wps="http://www.opengis.net/wps/2.0"
	xmlns:xlink="http://www.w3.org/1999/xlink"
	xmlns:xsi="http://www.w3.org/2001/XMLSchema-instance"
	xsi:schemaLocation="http://www.opengis.net/wps/2.0 ../../wps.xsd">
	
	<ows:Title>Simple Features Buffer</ows:Title>
	<ows:Identifier>http://some.host/profileregistry/generic/SF-Buffer</ows:Identifier>
	<ows:Metadata xlink:role="http://www.opengis.net/spec/wps/2.0/def/process-profile/concept" xlink:href="http://some.host/profileregistry/concept/buffer"/>
	<ows:Metadata xlink:role="http://www.opengis.net/spec/wps/2.0/def/process-profile/concept" xlink:href="http://some.host/profileregistry/concept/planarbuffer"/>
	
	<!-- Returns a geometry that represents all points whose distance from
		this Geometry is less than or equal to distance. Calculations are in the Spatial Reference System of this Geometry. -->
	<ows:Metadata xlink:role="http://www.opengis.net/spec/wps/2.0/def/process/description/documentation" xlink:href="http://some.host/profileregistry/generic/SF-Buffer.html"/>
	
	<wps:Input>
		<ows:Title>Input Geometry</ows:Title>
		<ows:Identifier>INPUT_GEOMETRY</ows:Identifier>
		<ows:Metadata xlink:role="http://www.opengis.net/spec/wps/2.0/def/process/description/documentation" xlink:href="http://some.host/profileregistry/generic/SF-Buffer.html#input_geometry"/>
	</wps:Input>
	<wps:Input>
		<ows:Title>Distance</ows:Title>
		<ows:Identifier>DISTANCE</ows:Identifier>
		<ows:Metadata xlink:role="http://www.opengis.net/spec/wps/2.0/def/process/description/documentation" xlink:href="http://some.host/profileregistry/generic/SF-Buffer.html#distance"/>
	</wps:Input>
	<wps:Output>
		<ows:Title>Buffered Geometry</ows:Title>
		<ows:Identifier>BUFFERED_GEOMETRY</ows:Identifier>
		<ows:Metadata xlink:role="http://www.opengis.net/spec/wps/2.0/def/process/description/documentation" xlink:href="http://some.host/profileregistry/generic/SF-Buffer.html#buffered_geometry"/>
	</wps:Output>
	
</wps:GenericProcess>