<?xml version="1.0" encoding="UTF-8"?>
<gml:FeatureCollection gml:id="feduni.example.aquifer"
xmlns:gml="http://www.opengis.net/gml/3.2"
xmlns:sam="http://www.opengis.net/sampling/2.0"
xmlns:sams="http://www.opengis.net/samplingSpatial/2.0"
xmlns:gwml2="http://www.opengis.net/gwml-main/2.2"
xmlns:gwml2f="http://www.opengis.net/gwml-flow/2.2"
xmlns:gwml2w="http://www.opengis.net/gwml-well/2.2"
xmlns:gwml2wc="http://www.opengis.net/gwml-wellconstruction/2.2"
xmlns:gwml2c="http://www.opengis.net/gwml-constituent/2.2"
xmlns:gsmlb="http://www.opengis.net/gsml/4.1/GeoSciML-Basic"
xmlns:gsmlx="http://www.opengis.net/gsml/4.1/GeoSciML-Extension"
xmlns:xlink="http://www.w3.org/1999/xlink"
xmlns:swe="http://www.opengis.net/swe/2.0"
xmlns:gmd="http://www.isotc211.org/2005/gmd"
xmlns:gco="http://www.isotc211.org/2005/gco"
xmlns:cv="http://www.opengis.net/cv/0.2/gml32"
xmlns:om="http://www.opengis.net/om/2.0"
xmlns:spec="http://www.opengis.net/samplingSpecimen/2.0"
xmlns:xsi="http://www.w3.org/2001/XMLSchema-instance"
xsi:schemaLocation="http://www.opengis.net/gwml/2.2 http://schemas.opengis.net/gwml/2.2/gwml2.xsd
http://www.opengis.net/samplingSpecimen/2.0 http://schemas.opengis.net/samplingSpecimen/2.0/specimen.xsd
http://www.opengis.net/gsml/4.1/GeoSciML-Extension http://schemas.opengis.net/gsml/4.1/geoSciMLExtension.xsd">
	<!-- Although all the GWML2 schema may not be required, this instance imports all GWML2 packages via gwml2.xsd for consistency between instance examples  -->
	<!-- ######################### -->
	<!-- Mapping of Federation University (FedUni) Groundwater database tables and records to the proposed GroundWaterML2 OGC standard release candidate version 2.2  -->
	<!-- significant changes are required from v2.1 due to the upgrade from GeoSciML v3.2 to GeoSciML v4.0 -->
	<!-- File created by Bruce Simons, CSIRO, February 2016 -->
	<!-- ######################### -->
	<!-- Although this instance is a gml:FeatureCollection with one or more gml:featureMembers, a valid alternative is as a single gwml2:GW_Aquifer -->
	<!-- Other related GWML2 features are referred to "byReference" using xlink:href. In most cases these could be included "inLine" (i.e. within this instance). A separate instance for each feature is provided for ease of mapping. The final aggregation of inLine vs. byReference features will be determined by the use case requirements -->
	<!-- Where features are aggregated into single feature services the xlink:href references to URIs need to be replaced with internal # references to gml:id -->
	<!-- ######################### -->
	<!-- FedUni - Mapping patterns -->
	<!-- Comments beginning 'FedUni -' are instructions for mappings between FedUni data and GWML2 -->
	<!-- ???? Comments beginning ???? require further checking -->
	<!-- FedUni table record pairs are referred to by the pattern [table.record] -->
	<!-- The mapping pattern is [schema/property] = [table.record] -->
	<!-- ######################### -->
	<!-- FedUni - Feature IDs and identifiers -->
	<!-- Feature IDs (gml:id) are document specific unique identifiers based on FedUni table keys and the feature type -->
	<!-- To create the id, replace [table.record_id] with values from the appropriate table -->
	<!-- Feature identities (gml:identifier) use the URI for the feature. This is in the format "[domain name]/[category]/[gml:id]" -->
	<!-- Domain Name - The temporary domain name "http://www.groundwater-victoria.com.au" has been used for the feature identifiers and vocabulary term references. An appropriate persistent and organisation independent domain will need to be established.
A redirect service, such as the SISS PID service, is required to resolve these URIs -->
	<!-- Category - where the object is a GML Feature use "feature". Where the object is a vocabulary concept use "def". -->
	<!-- ######################### -->
	<!-- FedUni - gww:gwWellUnit can be used to describe [aquifer_properties], [stratigraphy] or [lithology]. As there are no connections in FedUni between these tables they will need to be delivered as separate GW_HydrogeoUnits -->
	<!-- ???? FedUni - As gww:gwWellUnit can be used to describe GW_AquiferSystem, GW_Aquifer, GW_ConfiningBed, or GW_Basin is there anyway of distinguishing these in [aquifer_properties], [stratigraphy] and [lithology]? -->
	<!-- This gml:featureMember is an gwml2:GW_Aquifer is from [stratigraphy] and assumes the gww:gwWellUnit is a stratigraphic unit of type GW_Aquifer.  -->
	<gml:featureMember>
		<!--<gww:gwWellUnit  xlink:href="http://groundwater.feduni.edu/hydrogeologicunit/feduni/feduni.hydrogeologicunit.newervolcanics" xlink:title="Newer Volcanics" xlink:role="Hydrogeologic Unit"/> -->
		<!-- FedUni - For GW_HydrogeoUnits from [stratigraphy] gml:id = feduni.borehole.stratigraphic-unit.[bore.bore_ID].[stratigraphy.stratigraphy_id] -->
		<gwml2:GW_Aquifer gml:id="feduni.borehole.stratigraphic-unit.51409.3770">
			<!-- FedUni - gml:description = [stratigraphy.formation_description] -->
			<gml:description>Newer Volcanics Formation</gml:description>
			<!-- FedUni - gml:identifier = "http://groundwater.victoria.com.au/feature/stratigraphic-unit/[stratigraphy.stratigraphy_id]" -->
			<gml:identifier codeSpace="http://www.ietf.org/rfc/rfc2616">http://groundwater.victoria.com.au/feature/stratigraphic-unit/3770</gml:identifier>
			<!-- FedUni - gml:name codeSpace="http://groundwater.feduni.edu/stratigraphic-unit/code", value = stratigraphy.strat_code] -->
			<gml:name codeSpace="http://groundwater.feduni.edu/stratigraphic-unit/code">Qvn</gml:name>
			<!-- FedUni - gml:name codeSpace="http://groundwater.feduni.edu/stratigraphic-unit/name", value = [stratigraphy.formation_description] -->
			<gml:name codeSpace="http://groundwater.feduni.edu/stratigraphic-unit/name">Newer Volcanics Formation</gml:name>
			<!-- FedUni - does not record method of observing the stratigraphy - use xlink:href="http://www.opengis.net/def/nil/OGC/0/unknown" xlink:title="unknown" -->
			<gsmlb:observationMethod xlink:href="http://www.opengis.net/def/nil/OGC/0/unknown" xlink:title="unknown"/>
			<!-- gsmlb:occurrence allows providing the spatial representation of the GW_HydrogeoUnit. In this case the depth down the hole -->
			<gsmlb:occurrence>
				<!-- FedUni - gsmlb:MappedFeature is the depth down the borehole for the stratigraphic interval. gml:id=feduni.borehole.stratigraphic-unit.[bore.bore_ID].[stratigraphy.stratigraphy_id].depth -->
				<gsmlb:MappedFeature gml:id="feduni.borehole.stratigraphic-unit.51409.3770.depth">
					<!-- FedUni - the gsmlb:observationMethod for the interval down the Well is unknown -->
					<gsmlb:observationMethod xlink:href="http://www.opengis.net/def/nil/OGC/0/unknown" xlink:title="unknown"/>
					<!-- FedUni - the gsmlb:positionalAccuracy for the interval down the Well is unknown -->
					<gsmlb:positionalAccuracy xlink:href="http://www.opengis.net/def/nil/OGC/0/unknown" xlink:title="unknown"/>
					<!-- FedUni - What is the appropriate resolution scale for the downhole representation? 1:1000? -->
					<!-- ???? FedUni - What is the appropriate gsmlb:resolutionScale? -->
					<gsmlb:resolutionRepresentativeFraction>1000</gsmlb:resolutionRepresentativeFraction>
					<!-- FedUni - gsmlb:mappingFrame references the Borehole that the interval occurs in.   -->
					<gsmlb:mappingFrame xlink:href="http://groundwater.victoria.com.au/feature/water-well/feduni.borehole.51409"/>
					<!-- gsmlb:specification specifies the HydrogeoUnit the gsmlb:MappedFeature refers to. For FedUni this is the same as the GW_Aquifer being described, therefore use a xlink:href -->
					<gsmlb:specification xlink:href="#feduni.borehole.stratigraphic-unit.51409.3770"/>
					<gsmlb:shape>
						<!-- gml:LineString for the interval of the stratigraphic unit. gml:id="feduni.borehole.stratigraphic-shape.[bore.bore_ID].[stratigraphic_id]. srsName refer back to GW_Well:shape -->
						<gml:LineString gml:id="feduni.borehole.stratigraphic-shape.51409.3770" uomLabels="m" srsDimension="1" srsName="http://groundwater.victoria.com.au/feature/water-well/feduni.borehole.51409">
							<!-- FedUni - gml:posList = "[stratigraphy.from_m], [stratigraphy.to_m] -->
							<gml:posList>0 19</gml:posList>
						</gml:LineString>
					</gsmlb:shape>
				</gsmlb:MappedFeature>
			</gsmlb:occurrence>
			<!-- gsmlb:purpose to indicate whether defining, typical or instance of the unit. FedUni - use "instance" -->
			<gsmlb:purpose>instance</gsmlb:purpose>
<!--  FedUni - use gsmlb:geologicHistory for age data. Age is the age (older and younger) of an event feature (GeologicEvent) in the history property (geologicHistory) of the geologic feature (GeologicUnit)   -->
			<!-- FedUni - The events and history of the hydrogeologic unit are unknown -->
			<gsmlb:geologicHistory>
			<!-- FedUni - gsmlga:GeologicHistory gml:id=feduni.borehole.stratigraphic-unit.[bore.bore_ID].[stratigraphy.stratigraphy_id].event -->
  <gsmlb:GeologicEvent gml:id="feduni.borehole.stratigraphic-unit.51409.3770.event">
  <!-- FedUni - gsmlb:eventProcess xlink:href="http://www.opengis.net/def/nil/OGC/0/unknown" xlink:title="unknown" -->
   <gsmlb:eventProcess xlink:href="http://www.opengis.net/def/nil/OGC/0/unknown" xlink:title="unknown"/>
   <!-- ???? FedUni - Need to map [stratigraphic.formation_age] terms to older and younger values at http://resource.geosciml.org/classifier/ics/ischart. For example where formation_age = "Plio-Pleistocene":
gsmlga:olderNamedAge xlink:href="http://resource.geosciml.org/classifier/ics/ischart/Pliocene" xlink:title="Pliocene"
gsmlga:youngerNamedAge xlink:href="http://resource.geosciml.org/classifier/ics/ischart/Pleistocene" xlink:title="Pleistocene"  -->
   <gsmlb:olderNamedAge xlink:href="http://resource.geosciml.org/classifier/ics/ischart/Pliocene" xlink:title="Pliocene"/>
   <gsmlb:youngerNamedAge xlink:href="http://resource.geosciml.org/classifier/ics/ischart/Pleistocene" xlink:title="Pleistocene"/>
  </gsmlb:GeologicEvent>
 </gsmlb:geologicHistory>
			<!-- FedUni - gu:geologicUnitType = Hydrogeologic Unit -->
			<gsmlb:geologicUnitType xlink:href="http://resource.geosciml.org/classifier/cgi/geologicunittype/hydrogeologic_unit" xlink:title="Hydrogeologic Unit"/>
			<!-- FedUni - Does not have any gu:rank -->
			<gsmlb:rank xlink:href="http://www.opengis.net/def/nil/OGC/0/unknown" xlink:title="unknown" nilReason="unknown"/>

			<!-- gwml2:gwUnitProperty is for other GW_HydrogeoUnit properties. No other properties are required for stratigraphic units    -->
			<!-- FedUni - aquifer properties are unknown for stratigraphic units -->
			<gwml2:gwUnitMedia  xsi:nil="true" xlink:href="http://www.opengis.net/def/nil/OGC/0/unknown" xlink:title="unknown" nilReason="unknown"/>
			<gwml2:gwUnitWaterBudget xsi:nil="true" nilReason="unknown" />
			<gwml2:gwUnitRecharge xsi:nil="true" xlink:href="http://www.opengis.net/def/nil/OGC/0/unknown" xlink:title="unknown" nilReason="unknown"/>
			<gwml2:gwUnitDischarge xsi:nil="true" xlink:href="http://www.opengis.net/def/nil/OGC/0/unknown" xlink:title="unknown" nilReason="unknown"/>
			<gwml2:gwUnitVulnerability xlink:href="http://www.opengis.net/def/nil/OGC/0/unknown" xlink:title="unknown" nilReason="unknown"/>
			<gwml2:gwAquiferType xlink:href="http://www.opengis.net/def/nil/OGC/0/unknown" xlink:title="unknown" nilReason="unknown"/>
			<!--<gwml2:gwAquiferIsExploited></gwml2:gwAquiferIsExploited> -->
			<!--<gwml2:gwAquiferIsMain></gwml2:gwAquiferIsMain>-->
			<gwml2:gwConfiningBed xlink:href="http://www.opengis.net/def/nil/OGC/0/unknown" xlink:title="unknown" nilReason="unknown"/>
		</gwml2:GW_Aquifer>
	</gml:featureMember>
	<gml:featureMember>
		<!-- This example is from [lithology] and assumes the gww:gwWellUnit is a lithologic unit of type GW_Aquifer.
gml:id = feduni.borehole.lithologic-unit.[bore.bore_ID].[lithology.lithology_id] -->
		<gwml2:GW_Aquifer gml:id="feduni.borehole.lithologic-unit.51409.242285">
			<!-- FedUni - gml:description = [lithology.lithology_description] -->
			<gml:description>SANDSTONE, well cemented sands of granitic origin intermixed with granite clasts</gml:description>
			<!-- FedUni - gml:identifier = "http://groundwater.victoria.com.au/feature/lithologic-unit/[lithology.lithology_id]" -->
			<gml:identifier codeSpace="http://www.ietf.org/rfc/rfc2616">http://groundwater.victoria.com.au/feature/lithologic-unit/242285</gml:identifier>
			<!-- FedUni - Use [lithology.log_type] to record method of observing the lithology. "G" = "geologists' log" -->
			<gsmlb:observationMethod xlink:title="geologists' log"/>
			<!-- gsmlb:occurrence allows providing the spatial representation of the GW_HydrogeoUnit. In this case the depth down the hole -->
			<gsmlb:occurrence>
				<!-- FedUni - gsmlb:MappedFeature is the depth down the borehole for the lithology interval. gml:id=feduni.borehole.lithologic-unit.[bore.bore_ID].[lithology.lithology_id].depth -->
				<gsmlb:MappedFeature gml:id="feduni.borehole.lithologic-unit.51409.242285.depth">
					<!-- FedUni - the gsmlb:observationMethod for the interval down the Well is unknown -->
					<gsmlb:observationMethod xlink:href="http://www.opengis.net/def/nil/OGC/0/unknown" xlink:title="unknown" nilReason="unknown"/>
					<!-- FedUni - the gsmlb:positionalAccuracy for the interval down the Well is unknown -->
					<gsmlb:positionalAccuracy xlink:href="http://www.opengis.net/def/nil/OGC/0/unknown" xlink:title="unknown" nilReason="unknown"/>
					<!-- FedUni - What is the appropriate resolution scale for the downhole representation? 1:1000? -->
					<!-- ???? FedUni - What is the appropriate gsmlb:resolutionScale? -->
					<gsmlb:resolutionRepresentativeFraction>1000</gsmlb:resolutionRepresentativeFraction>
					<!-- FedUni - gsmlb:mappingFrame references the shape of the Borehole that the interval occurs in.   -->
					<gsmlb:mappingFrame xlink:href="http://groundwater.victoria.com.au/feature/water-well/feduni.borehole.51409"/>
										<!-- gsmlb:specification specifies the HydrogeoUnit the gsmlb:MappedFeature refers to. -->
					<!-- FedUni - this is the same as the GW_Aquifer being described, therefore use a xlink:href -->
					<gsmlb:specification xlink:href="#feduni.borehole.lithologic-unit.51409.242285"/>
					<gsmlb:shape>
						<!-- gml:LineString for the interval of the lithology unit. gml:id="feduni.borehole.lithologic-shape.[bore.bore_ID].[lithology.lithology_id]. srsName refer back to GW_Well -->
						<gml:LineString gml:id="feduni.borehole.lithologic-shape.51409.242285" uomLabels="m" srsDimension="1" srsName="ttp://groundwater.victoria.com.au/feature/water-well/feduni.borehole.51409">
							<!-- FedUni - gml:posList = "[lithology.from_m], [lithology.to_m] -->
							<gml:posList>0 26</gml:posList>
						</gml:LineString>
					</gsmlb:shape>
				</gsmlb:MappedFeature>
			</gsmlb:occurrence>

			<!-- gsmlb:purpose to indicate whether defining, typical or instance of the unit. -->
			<!-- FedUni - use "instance" -->
			<gsmlb:purpose>instance</gsmlb:purpose>

			<!-- FedUni - gsmlb:geologicUnitType = Hydrogeologic Unit -->
			<gsmlb:geologicUnitType xlink:href="http://resource.geosciml.org/classifier/cgi/geologicunittype/hydrogeologic_unit" xlink:title="Hydrogeologic Unit"/>
			<!-- FedUni - Does not have any gsmlb:rank -->
			<gsmlb:rank xlink:href="http://www.opengis.net/def/nil/OGC/0/unknown" xlink:title="unknown" nilReason="unknown"/>

			<!-- gwml2:gwUnitProperty is for other GW_HydrogeoUnit properties. No other properties are required for stratigraphic units    -->
			<!-- FedUni - aquifer properties are unknown for stratigraphic units -->
			<gwml2:gwUnitMedia/>
			<gwml2:gwUnitWaterBudget xsi:nil="true"/>
			<gwml2:gwUnitRecharge xsi:nil="true" nilReason="unknown"/>
			<gwml2:gwUnitDischarge xsi:nil="true" nilReason="unknown"/>
			<gwml2:gwUnitVulnerability xlink:href="http://www.opengis.net/def/nil/OGC/0/unknown" xlink:title="unknown" nilReason="unknown"/>
			<gwml2:gwAquiferType xlink:href="http://www.opengis.net/def/nil/OGC/0/unknown" xlink:title="unknown" nilReason="unknown"/>
		<!--	<gwml2:gwAquiferIsExploited></gwml2:gwAquiferIsExploited> -->
		<!--	<gwml2:gwAquiferIsMain></gwml2:gwAquiferIsMain> -->
			<gwml2:gwConfiningBed nilReason="unknown"/>
		</gwml2:GW_Aquifer>
	</gml:featureMember>
	<gml:featureMember>
		<!-- FedUni - This example is of a GW_Aquifer from [aquifer_property] -->
		<!--<gwml2:GW_Aquifer gml:id="feduni.borehole.aquifer.[aquifer_property.bore_id_fk].[aquifer_property.aquifer_property_id]"> -->
		<gwml2:GW_Aquifer gml:id="feduni.borehole.aquifer.51409.1947">
			<!-- FedUni - No gml:description -->
			<!-- FedUni - gml:identifier = "http://groundwater.victoria.com.au/feature/aquifer/[aquifer_property.bore_id_fk].[aquifer_property.aquifer_property_id]" -->
			<gml:identifier codeSpace="http://www.ietf.org/rfc/rfc2616">http://groundwater.victoria.com.au/feature/aquifer/51409.1947</gml:identifier>
			<!-- FedUni - gml:name codeSpace="http://groundwater.feduni.edu/aquifer-property/name", value = [aquifer_property.aq_name] -->
			<gml:name codeSpace="http://groundwater.feduni.edu/aquifer-property/name">Newer Volcanics Formation</gml:name>
			<!-- FedUni - does not record method of observing the aquifer - use nilReason = "missing" -->
			<gsmlb:observationMethod xlink:href="http://www.opengis.net/def/nil/OGC/0/unknown" xlink:title="unknown" nilReason="unknown"/>
			<!-- gsmlb:occurrence allows providing the spatial representation of the GW_HydrogeoUnit. -->
			<gsmlb:occurrence>
				<!-- FedUni - gsmlb:MappedFeature is the depth down the borehole for the aquifer interval. gml:id=feduni.borehole.aquifer.[bore.bore_ID].[aquifer_property.aquifer_property_id].depth -->
				<gsmlb:MappedFeature gml:id="feduni.borehole.aquifer.51409.1947.depth">
					<!-- FedUni - the gsmlb:observationMethod for the interval down the Well is unknown -->
					<gsmlb:observationMethod xlink:href="http://www.opengis.net/def/nil/OGC/0/unknown" xlink:title="unknown" nilReason="unknown"/>
					<!-- FedUni - the gsmlb:positionalAccuracy for the interval down the Well is unknown -->
					<gsmlb:positionalAccuracy xlink:href="http://www.opengis.net/def/nil/OGC/0/unknown" xlink:title="unknown" nilReason="unknown"/>
					<!-- FedUni - What is the appropriate resolution scale for the downhole representation? 1:1000? -->
					<!-- ???? FedUni - What is the appropriate gsmlb:resolutionScale? -->
					<gsmlb:resolutionRepresentativeFraction>1000</gsmlb:resolutionRepresentativeFraction>
					<!-- FedUni - gsmlb:mappingFrame references the shape of the Borehole that the interval occurs in.   -->
					<gsmlb:mappingFrame xlink:href="http://groundwater.victoria.com.au/feature/water-well/feduni.borehole.51409"/>

					<!-- gsmlb:specification specifies the HydrogeoUnit the gsmlb:MappedFeature refers to. -->
					<!-- FedUni - this is the same as the GW_Aquifer being described, therefore use a xlink:href -->
					<gsmlb:specification xlink:href="#feduni.borehole.lithologic-unit.51409.242285"/>
					<gsmlb:shape>
						<!-- FedUni - gml:LineString for the interval of the aquifer. gml:id="feduni.borehole.aquifer-shape.[bore.bore_ID].[aquifer_property.aquifer_property._id]. srsName refer back to GW_Well -->
						<gml:LineString gml:id="feduni.borehole.aquifer-shape.51409.242285" uomLabels="m" srsDimension="1" srsName="ttp://groundwater.victoria.com.au/feature/water-well/feduni.borehole.51409">
							<!-- FedUni - gml:posList = "[aquifer_property.aq_from], [aquifer_property.aq_to] -->
							<gml:posList>0 0</gml:posList>
						</gml:LineString>
					</gsmlb:shape>
				</gsmlb:MappedFeature>
			</gsmlb:occurrence>
			<!-- gsmlb:purpose indicates whether defining, typical or instance of the unit. -->
			<!-- FedUni - use "instance" -->
			<gsmlb:purpose>instance</gsmlb:purpose>
<!-- FedUni - could use gsmlb:relatedFeature to map between the [aquifer_property], [stratigraphy] and [lithology] tables based on {bore_id} and from-to depths if required -->
			<gsmlb:relatedFeature xlink:href="http://www.opengis.net/def/nil/OGC/0/withheld" xlink:title="withheld" nilReason="withheld"/>
			<!-- FedUni - gsmlb:classifier is unknown -->
			<gsmlb:classifier xlink:href="http://www.opengis.net/def/nil/OGC/0/unknown" xlink:title="unknown" nilReason="unknown"/>

			<!-- FedUni - gu:geologicUnitType = Hydrogeologic Unit -->
			<gsmlb:geologicUnitType xlink:href="http://resource.geosciml.org/classifier/cgi/geologicunittype/hydrogeologic_unit" xlink:title="Hydrogeologic Unit"/>

			<!-- ???? FedUni -  Need gu:composition = [aquifer_property.lithology] codes mapped to CGI vocabularies. For example "BASA" = {xlink:href = "http://resource.geosciml.org/classifier/cgi/lithology/basalt" xlink:title="basalt"} -->
			<gsmlb:composition>
				<gsmlb:CompositionPart>
					<gsmlb:role xlink:href="http://resource.geosciml.org/classifier/cgi/compositionpartrole/dominant_part" xlink:title="dominant part"/>
					<gsmlb:material>
						<!-- FedUni - gsmlb::RockMaterial gml:id= feduni.aquifer-property-lithology.[aquifer_property.aquifer_property_id] -->
						<gsmlb:RockMaterial gml:id="feduni.aquifer-property-lithology.1947">
	<!-- ???? FedUni -  Need gsmlem:lithology  = [aquifer_property.lithology] codes mapped to CGI vocabularies. -->
	<!--  For example "basalt" = {xlink:href = "http://resource.geosciml.org/classifier/cgi/lithology/basalt" xlink:title="basalt"}  -->
	<!-- ???? FedUni -  Is second gsmlb:lithology  = [aquifer_property.aq_material] or is [aquifer_property.aq_material] = gwUnitMedia? -->
							<gsmlb:lithology xlink:href="http://resource.geosciml.org/classifier/cgi/lithology/basalt" xlink:title="basalt"/>
						</gsmlb:RockMaterial>
					</gsmlb:material>
					<gsmlb:proportion>
					<!-- FedUni - gu:proportion is not stored. assuming 100% -->
						<swe:QuantityRange>
							<swe:uom code="%25" xlink:href="http://qudt.org/vocab/unit#Percent" xlink:title="percent"/>
							<swe:value>100 100</swe:value>
						</swe:QuantityRange>
					</gsmlb:proportion>
				</gsmlb:CompositionPart>
			</gsmlb:composition>
			<!-- ???? gwml2:gwUnitProperty is for other GW_HydrogeoUnit properties such as ec. Or is ec a fluid property and the relatedObservation should be from GW_FluidBody?   -->
			<!-- FedUni - gwml2:gwUnitProperty xlink:href="http://groundwater.victoria.com.au/feature/observation/feduni.borehole.observation.[bore.bore_id].initial-ec" xlink:title="initial ec" -->
			<gwml2:gwUnitProperty xlink:href="http://groundwater.victoria.com.au/feature/observation/feduni.borehole.observation.51409.initial-ec" xlink:title="initial ec"/>

			<!-- ???? FedUni - What is [bore.initial.tds]? If a property of the aquifer (total dissolved solids?) then use gwml2:gwUnitProperty as per [bore.initial_ec] -->
			<!-- FedUni - gwml2:gwUnitMedia = xlink:title="[aquifer_property.aq_material]"  -->
			<gwml2:gwUnitMedia xlink:href="http://resource.geosciml.org/classifier/cgi/lithology/basalt" xlink:title="basalt"></gwml2:gwUnitMedia>
			<!--<gwml2:gwUnitMedia >basalt</gwml2:gwUnitMedia>-->
			<!-- FedUni - does not have gwml2:gwUnitWaterBudget gwml2:gwUnitRecharge gwml2:gwUnitDischarge gwml2:gwUnitVulnerability gwml2:gwManagementArea -->
			<!-- ???? FedUni - need to work out how to deliver [aquifer_property] water properties 'water_from', 'water_to', 'pdepth', 'prate', 'ptime', 'ddown', 'rtime', 'ptype',  'parameter_source' -->
			<gwml2:gwUnitWaterBudget xsi:nil="true"/>
			<gwml2:gwUnitRecharge xsi:nil="true" nilReason="unknown"/>
			<gwml2:gwUnitDischarge xsi:nil="true" nilReason="unknown"/>
			<gwml2:gwUnitVulnerability xlink:href="http://www.opengis.net/def/nil/OGC/0/unknown" xlink:title="unknown" nilReason="unknown"/>
			<!-- FedUni - gwml2:gwUnitFluidBody xlin:href=" -->
			<gwml2:gwUnitFluidBody>
				<!-- FedUni - gwml2:GW_UnitFluidProperty gml:id="feduni.borehole.aquifer_property.[aquifer_property.bore_id_fk].[aquifer_property.aquifer_property_id]" -->
				<gwml2:GW_UnitFluidProperty gml:id="feduni.borehole.aquifer_property.51409.1947">
				<!-- ################################### -->
				<!-- Need to make OM_Observations byReference -->
					<!-- FedUni - gwml2:gwHydraulicConductivity xlink:href= "http://groundwater.victoria.com.au/feature/observation/feduni.borehole.observation.[aquifer_property.bore_id_fk].[aquifer_property.hydraulic_conductivity].hydraulic-conductivity -->
					<gwml2:gwHydraulicConductivity xlink:href="http://groundwater.victoria.com.au/feature/observation/feduni.borehole.observation.51409.1947.hydraulic-conductivity"/>
				<!-- FedUni - gwml2:gwStorativity xlink:href="http://groundwater.victoria.com.au/feature/observation/feduni.borehole.observation.[aquifer_property.bore_id_fk].[aquifer_property.aquifer_property_id].storativity -->
					<gwml2:gwStorativity xlink:href="http://groundwater.victoria.com.au/feature/observation/feduni.borehole.observation.51409.1947.storativity"/>
						<!-- FedUni - gwml2:gwTransmissivity xlink:href= "http://groundwater.victoria.com.au/feature/observation/feduni.borehole.observation.[aquifer_property.bore_id_fk].[aquifer_property.aquifer_property_id].storativity"  -->
					<gwml2:gwTransmissivity xlink:href="http://groundwater.victoria.com.au/feature/observation/feduni.borehole.observation.51409.1947.transmissivity"/>
					<!-- FedUni - gwml2:gwYield xlink:href= "http://groundwater.victoria.com.au/feature/observation/feduni.borehole.observation.[aquifer_property.bore_id_fk].[aquifer_property.aquifer_property_id].yield"  -->
					<gwml2:gwYield  xlink:href="http://groundwater.victoria.com.au/feature/observation/feduni.borehole.observation.51409.1947.yield"/>
					<!-- ???? FedUni - list gwml2:gwUnitFluidBody based on [hydrochemistry.hydrochemistry_id] where [hydrochemistry.bore_id_fk] = [aquifer_property.bore_id_fk] and the depths in [hydrochemistry] are within the depths in [aquifer_property -->
					<!-- FedUni - list gwml2:gwUnitFluidBody xlink:href="http://groundwater.victoria.com.au/feature/fluid-body/feduni.borehole.fluid-body.[bore.bore_id][hydrochemistry.hydrochemistry_id] -->
					<gwml2:gwUnitFluidBody xlink:href="http://groundwater.victoria.com.au/feature/fluid-body/feduni.borehole.fluid-body.51409.44574"/>

					<!-- FedUni - gwml2:gwFluidBodyUnit is a reference back to the GW_Aquifer containing the GW_UnitFluidProperty properties (i.e. the body containing the GW_FluidBody -->
					<!-- FedUni - can use either xlink:href to gwml2:GW_Aquifer gml:id (xlink:href="#feduni.borehole.aquifer.51409.1947") or to gwml2:GW_Aquifer gml:identifier (xlink:href="http://groundwater.victoria.com.au/feature/aquifer/51409.1947") -->
					<gwml2:gwFluidBodyUnit xlink:href="http://groundwater.victoria.com.au/feature/aquifer/51409.1947"/>
				</gwml2:GW_UnitFluidProperty>
			</gwml2:gwUnitFluidBody>
			<!-- gwml2:gwUnitVoid to capture GW_HydrogeoVoid and GW_UnitVoidProperty properties -->
			<!-- FedUni - does FedUni does not have any properties for Voids (permeability, porosity) -->
			<gwml2:gwUnitVoid xsi:nil="true" nilReason="missing"/>
			<!--
			<gwml2:GW_UnitVoidProperty>
			<gwml2:gwPermeability></gwml2:gwPermeability>
			<gwml2:gwPorosity></gwml2:gwPorosity>
			<gwml2:gwUnitFluidBody></gwml2:gwUnitFluidBody>
			<gwml2:gwUnitVoid></gwml2:gwUnitVoid>
			</gwml2:GW_UnitVoidProperty>
			</gwml2:gwUnitVoid> -->
			<gwml2:gwManagementArea xsi:nil="true" nilReason="inapplicable"/>

			<gwml2:gwAquiferType xlink:href="http://www.opengis.net/def/nil/OGC/0/unknown" xlink:title="unknown" nilReason="unknown"/>
			<!--<gwml2:gwAquiferIsExploited></gwml2:gwAquiferIsExploited>-->
			<!--<gwml2:gwAquiferIsMain></gwml2:gwAquiferIsMain> -->
			<gwml2:gwConfiningBed nilReason="unknown"/>
		</gwml2:GW_Aquifer>
	</gml:featureMember>
</gml:FeatureCollection>
