<?xml version="1.0" encoding="UTF-8"?>
<wfs:FeatureCollection xmlns:wfs="http://www.opengis.net/wfs/2.0" xmlns:xs="http://www.w3.org/2001/XMLSchema" xmlns:gsmlb="http://www.opengis.net/gsml/4.1/GeoSciML-Basic" xmlns:spec="http://www.opengis.net/samplingSpecimen/2.0" xmlns:gwml2f="http://www.opengis.net/gwml-flow/2.2" xmlns:gco="http://www.isotc211.org/2005/gco" xmlns:gmd="http://www.isotc211.org/2005/gmd" xmlns:gwml2c="http://www.opengis.net/gwml-constituent/2.2" xmlns:gwml2="http://www.opengis.net/gwml-main/2.2" xmlns:swe="http://www.opengis.net/swe/2.0" xmlns:sam="http://www.opengis.net/sampling/2.0" xmlns:gwml2w="http://www.opengis.net/gwml-well/2.2" xmlns:gwml2wc="http://www.opengis.net/gwml-wellconstruction/2.2" xmlns:xlink="http://www.w3.org/1999/xlink" xmlns:om="http://www.opengis.net/om/2.0" xmlns:gml="http://www.opengis.net/gml/3.2"  xmlns:sams="http://www.opengis.net/samplingSpatial/2.0" xmlns:xsi="http://www.w3.org/2001/XMLSchema-instance" numberMatched="unknown" timeStamp="2016-03-10T23:31:42.786Z" xsi:schemaLocation="http://www.opengis.net/gml/3.2 http://schemas.opengis.net/gml/3.2.1/gml.xsd http://www.opengis.net/wfs/2.0 http://schemas.opengis.net/wfs/2.0/wfs.xsd http://www.opengis.net/gwml-main/2.2 http://schemas.opengis.net/gwml/2.2/gwml2-main.xsd" numberReturned="1">
	<wfs:member>
		<gwml2:GW_AquiferSystem gml:id="ngis.nafhgc.act.100">
			<gml:metaDataProperty>
				<gml:GenericMetaData>
					<gmd:MD_Metadata>
						<gmd:contact>
							<gmd:CI_ResponsibleParty>
								<gmd:organisationName gco:nilReason="unknown"/>
								<gmd:contactInfo>
									<gmd:CI_Contact>
										<gmd:address>
											<gmd:CI_Address>
												<gmd:administrativeArea>
													<gco:CharacterString>ACT</gco:CharacterString>
												</gmd:administrativeArea>
											</gmd:CI_Address>
										</gmd:address>
									</gmd:CI_Contact>
								</gmd:contactInfo>
								<gmd:role>
									<gmd:CI_RoleCode codeList="http://www.isotc211.org/2005/resources/Codelist/gmxCodelists.xml" codeListValue="CI_RoleCode_originator" codeSpace="ISOTC211/19115">originator</gmd:CI_RoleCode>
								</gmd:role>
							</gmd:CI_ResponsibleParty>
						</gmd:contact>
						<gmd:dateStamp gco:nilReason="unknown"/>
						<gmd:identificationInfo xlink:href="http://www.opengis.net/def/nil/OGC/0/unknown" xlink:title="unknown"/>
					</gmd:MD_Metadata>
				</gml:GenericMetaData>
			</gml:metaDataProperty>
			<gml:identifier codeSpace="http://www.ietf.org/rfc/rfc2616">http://environment.data.gov.au/groundwater/feature/hydrogeologicalunit/ngis.nafhgc.act.100</gml:identifier>
			<gml:name codeSpace="http://www.bom.gov.au/water/groundwater/ngis/NAFHGCName">Quaternary sediments</gml:name>
			<gml:name codeSpace="http://www.bom.gov.au/water/groundwater/ngis/NAFHGCNumber">100</gml:name>
			<gsmlb:observationMethod xlink:href="http://www.opengis.net/def/nil/OGC/0/unknown" nilReason="unknown" xlink:title="unknown"/>
			<gsmlb:occurrence xlink:href="http://www.opengis.net/def/nil/OGC/0/unknown" nilReason="unknown" xlink:title="unknown"/>
			<gsmlb:purpose>instance</gsmlb:purpose>
			<gsmlb:classifier xlink:href="http://www.opengis.net/def/nil/OGC/0/unknown" nilReason="unknown" xlink:title="unknown"/>
			<gsmlb:geologicUnitType xlink:href="http://resource.geosciml.org/classifier/cgi/geologicunittype/hydrogeologic-unit" xlink:title="hydrogeologic unit"/>
			<gsmlb:rank xlink:href="http://www.opengis.net/def/nil/OGC/0/unknown" nilReason="unknown" xlink:title="unknown"/>
			<gwml2:gwUnitMedia xlink:href="http://www.opengis.net/def/nil/OGC/0/unknown" nilReason="unknown" xlink:title="unknown"/>
			<gwml2:gwUnitRecharge xlink:href="http://www.opengis.net/def/nil/OGC/0/unknown" nilReason="unknown" xlink:title="unknown"/>
			<gwml2:gwUnitDischarge xlink:href="http://www.opengis.net/def/nil/OGC/0/unknown" nilReason="unknown" xlink:title="unknown"/>
			<gwml2:gwUnitVulnerability xlink:href="http://www.opengis.net/def/nil/OGC/0/unknown" nilReason="unknown" xlink:title="unknown"/>
			<gwml2:gwUnitFluidBody xlink:href="http://www.opengis.net/def/nil/OGC/0/inapplicable" xlink:title="inapplicable"/>
			<gwml2:gwUnitVoid xlink:href="http://www.opengis.net/def/nil/OGC/0/inapplicable" xlink:title="inapplicable"/>
			<gwml2:gwAquiferSystem xlink:href="http://environment.data.gov.au/groundwater/feature/hydrogeologicalunit/ngis.nafhgc.act.100" xlink:title="Quaternary sediments"/>
		</gwml2:GW_AquiferSystem>
	</wfs:member>
</wfs:FeatureCollection>
