<?xml version="1.0" encoding="UTF-8"?>
<gml:FeatureCollection gml:id="feduni.example.observation.uc1"
xmlns:gml="http://www.opengis.net/gml/3.2"
xmlns:sam="http://www.opengis.net/sampling/2.0"
xmlns:sams="http://www.opengis.net/samplingSpatial/2.0"
 xmlns:xlink="http://www.w3.org/1999/xlink"
 xmlns:swe="http://www.opengis.net/swe/2.0"
 xmlns:gmd="http://www.isotc211.org/2005/gmd"
 xmlns:gco="http://www.isotc211.org/2005/gco"
 xmlns:cv="http://www.opengis.net/cv/0.2/gml32"
 xmlns:om="http://www.opengis.net/om/2.0"
 xmlns:spec="http://www.opengis.net/samplingSpecimen/2.0"
 xmlns:xsi="http://www.w3.org/2001/XMLSchema-instance"
 xsi:schemaLocation="http://www.opengis.net/gwml/2.2 http://schemas.opengis.net/gwml/2.2/gwml2.xsd http://www.opengis.net/samplingSpecimen/2.0 http://schemas.opengis.net/samplingSpecimen/2.0/specimen.xsd">

	<!-- ######################### -->
	<!-- Mapping of Federation University (FedUni) Groundwater database tables and records to the proposed GroundWaterML2 OGC standard release candidate  version 2.2 -->
	<!-- Note that http://www.opengis.net/gwml/2.2 is required to ensure <om:value xsi:type="swe:QuantityPropertyType"> is valid -->
	<!-- File created by Bruce Simons, CSIRO, February 2016 -->
	<!-- ######################### -->
	<!-- Although this instance is a gml:FeatureCollection with one or more gml:featureMembers, a valid alternative is as a single om:OM_Observation -->
	<!-- Other related GWML2 features are referred to "byReference" using xlink:href. In most cases these could be included "inLine" (i.e. within this instance). A separate instance for each feature is provided for ease of mapping. The final aggregation of inLine vs. byReference features will be determined by the use case requirements -->
	<!-- Where features are aggregated into single feature services the xlink:href references to URIs need to be replaced with internal # references to gml:id -->
	<!-- ######################### -->
	<!-- FedUni - Mapping patterns -->
	<!-- Comments beginning 'FedUni -' are instructions for mappings between FedUni data and GWML2 -->
	<!-- ???? Comments beginning ???? require further checking -->
	<!-- FedUni table record pairs are referred to by the pattern [table.record] -->
	<!-- The mapping pattern is [schema/property] = [table.record] -->
	<!-- ######################### -->
	<!-- FedUni - Feature IDs and identifiers -->
	<!-- Feature IDs (gml:id) are document specific unique identifiers based on FedUni table keys and the feature type -->
	<!-- To create the id, replace [table.record_id] with values from the appropriate table -->
	<!-- Feature identities (gml:identifier) use the URI for the feature. This is in the format "[domain name]/[category]/[gml:id]" -->
	<!-- Domain Name - The temporary domain name "http://www.groundwater-victoria.com.au" has been used for the feature identifiers and vocabulary term references. An appropriate persistent and organisation independent domain will need to be established.
A redirect service, such as the SISS PID service, is required to resolve these URIs -->
	<!-- Category - where the object is a GML Feature use "feature". Where the object is a vocabulary concept use "def". -->
	<!-- ######################### -->
	<!-- FedUni - Each OM_Observation must relate to a single property, such as a single constituent or single fluid body.  -->
	<!-- This gml:featureMember is an om:OM_Observation of a GW_Fluid property (pH) -->
	<gml:featureMember>
		<!--  FedUni - OM_Observation gml:id = feduni.borehole.observation.[bore.bore_ID].[hydrochemistry.hydrochemistry_id].[sample_chemistry.sample_chemistry_id] -->
		<om:OM_Observation gml:id="feduni.borehole.observation.51409.44574.32328">
			<!-- FedUni - gml:identifier codeSpace="http://www.ietf.org/rfc/rfc2616" value ="http://groundwater.victoria.com.au/feature/observation/feduni.borehole.[bore.bore_ID].[hydrochemistry.hydrochemistry_id].[sample_chemistry.sample_chemistry_id] -->
			<gml:identifier codeSpace="http://www.ietf.org/rfc/rfc2616">http://groundwater.victoria.com.au/feature/observation/feduni.borehole.observation.51409.44574.32328</gml:identifier>
			<om:phenomenonTime>
				<!-- FedUni - gml:TimeInstant/gml:id = feduni.borehole.observation.time.[bore.bore_ID].[hydrochemistry.hydrochemistry_id] -->
				<gml:TimeInstant gml:id="feduni.borehole.observation.time.51409.44574">
					<!-- FedUni - gml:timePosition = [hydrochemistry.sampdate] -->
					<!-- FedUni - [hydrochemistry.sampdate] will need converting to ISO format = YYYY-MM-DD+HH:MM:SS -->
					<gml:timePosition>1997-07-14T12:00:00</gml:timePosition>
				</gml:TimeInstant>
			</om:phenomenonTime>
			<!-- FedUni - om:resultTime is the same as om:phenomenonTime xlink:href= "#[gml:TimeInstant gml:id]" -->
			<om:resultTime xlink:href="#feduni.borehole.observation.time.51409.44574"/>
			<!-- FedUni - om:procedure xlink:title= [hydrochemistry.meth] -->
			<om:procedure xlink:title="PUM"/>
			<om:parameter>
				<om:NamedValue>
					<!-- FedUni - om:parameter/om:name xlink:href="http://www.opengis.net/req/gw_well/waterwell_sf_fromParam" xlink:title="from" -->
					<om:name xlink:href="http://www.opengis.net/def/param-name/GWML/2.2/fromDistance" xlink:title="from"/>
					<om:value xsi:type="swe:QuantityPropertyType">
						<swe:Quantity>
							<!-- FedUni - swe:uom xlink:href="http://qudt.org/vocab/unit#Meter" xlink:title="m from top" -->
							<swe:uom xlink:href="http://qudt.org/vocab/unit#Meter" xlink:title="m from top"/>
							<!-- FedUni - om:parameter 'from' swe:value = [hydrochemistry.sampfrom] -->
							<!-- FedUni - If only [hydrochemistry.sampdepth] is present then repeat it as if it was both [hydrochemistry.sampfrom] and [hydrochemistry.sampto] -->
							<swe:value>0</swe:value>
						</swe:Quantity>
					</om:value>
				</om:NamedValue>
			</om:parameter>
			<om:parameter>
				<om:NamedValue>
					<!-- FedUni - om:parameter/om:name xlink:href="http://www.opengis.net/req/gw_well/waterwell_sf_toParam" xlink:title="to" -->
					<om:name xlink:href="http://www.opengis.net/def/param-name/GWML/2.2/toDistance" xlink:title="to"/>
					<om:value xsi:type="swe:QuantityPropertyType">
						<swe:Quantity>
							<!-- FedUni - swe:uom xlink:href="http://qudt.org/vocab/unit#Meter" xlink:title="m from top" -->
							<swe:uom xlink:href="http://qudt.org/vocab/unit#Meter" xlink:title="m from top"/>
							<!-- FedUni - om:parameter 'to' swe:value = [hydrochemistry.sampto] -->
							<swe:value>0</swe:value>
						</swe:Quantity>
					</om:value>
				</om:NamedValue>
			</om:parameter>
			<om:parameter>
			<!-- NamedValue of type gml:ReferenceType to point to the Geometry of the well  -->
    <om:NamedValue>
        <om:name xlink:href="http://www.opengis.net/def/param-name/GWML/2.2/referenceGeometry" xlink:title="reference geometry"/>
        <om:value xsi:type="gml:CurvePropertyType" xlink:href="http://groundwater.victoria.com.au/feature/observation/feduni.borehole.51409#feduni.borehole.stratigraphic-shape.51409"/> <!-- pointing to the shape gml:id in the GW_Well feature (bore id).   -->
     </om:NamedValue>
</om:parameter>
			<!-- FedUni - om:observedProperty is the property being observed and will come via [sample_chemistry.chemistry_code] -->
			<!-- FedUni - properties in [chemistry_code.name] need to be mapped to "http://environment.data.gov.au/def/property/" concepts and used for om:observedProperty xlink:href. -->
			<!-- FedUni - om:observedProperty xlink:title = [chemistry_code.name] -->
			<!-- FedUni mapping:
Need to map [chemistry_code.name] for [chemistry_code.chemistry_category_id_fk] = "5", "6", "7" to http://environment.data.gov.au/def/property/

Electrical Conductivity: xlink:href=" http://environment.data.gov.au/def/property/electrical_conductivity_water" xlink:title="Electrical Conductivity"
pH: xlink:href="http://environment.data.gov.au/def/property/pH_water" xlink:title="pH"
Temperature: xlink:href=" http://environment.data.gov.au/def/property/water_temperature" xlink:title="Temperature"
Eh (redox): xlink:href=" http://environment.data.gov.au/def/property/reduction_potential_water" xlink:title="Eh (redox)"
18Oxygen: xlink:href="http://environment.data.gov.au/def/property/oxygen_18_concentration" xlink:title="18Oxygen"
2Hydrogen: xlink:href="http://environment.data.gov.au/def/property/deuterium_concentration" xlink:title="2Hydrogen"
14Carbon: xlink:href="http://environment.data.gov.au/def/property/carbon_14_concentration" xlink:title="14Carbon"
13Carbon: xlink:href="http://environment.data.gov.au/def/property/carbon_13_concentration" xlink:title="13Carbon"
CFC 11: xlink:href="http://environment.data.gov.au/def/property/trichlorofluoromethane_concentration" xlink:title="CFC 11"
CFC 12: xlink:href="http://environment.data.gov.au/def/property/dichlorodifluoromethane_concentration" xlink:title="CFC 12"
222Radon: xlink:href="http://environment.data.gov.au/def/property/radon222_concentration" xlink:title="222Radon"
Total Coliforms: xlink:href="http://environment.data.gov.au/def/property/coliform_concentration" xlink:title="Total Coliforms"
Faecal Coliforms: xlink:href="http://environment.data.gov.au/def/property/faecal_coliform_concentration" xlink:title="Faecal Coliforms"
Escherichia coli: xlink:href="http://environment.data.gov.au/def/property/escherichia_coli_count" xlink:title="Escherichia coli"
Faecal streptococci: xlink:href="http://environment.data.gov.au/def/property/faecal_streptococci_concentration" xlink:title="Faecal streptococci"
???? Pseudomonas aeruginosa = ? (needs to be added to http://environment.data.gov.au/def/property/) xlink:title="Pseudomonas aeruginosa concentration"
???? Heterotrophic Plate Count = ? (needs to be added to http://environment.data.gov.au/def/property/) xlink:title="Heterotrophic Plate Count"
Phosphate as P: xlink:href="http://environment.data.gov.au/def/property/phosphate_as_P_concentration" xlink:title="Phosphate as P"
Total phosphorus: xlink:href="http://environment.data.gov.au/def/property/phosphorus_concentration" xlink:title="Total phosphorus"
???? Reactive phosphorus = ? (needs to be added to http://environment.data.gov.au/def/property/) xlink:title="Reactive phosphorus"
Nitrate as N: xlink:href="http://environment.data.gov.au/def/property/nitrate_concentration" xlink:title="Nitrate as N"
Total Nitrogen: xlink:href="http://environment.data.gov.au/def/property/nitrogen_concentration" xlink:title="Total Nitrogen"
Kjeldahl Nitrogen: xlink:href="http://environment.data.gov.au/def/property/nitrogen_kjeldahl" xlink:title="Kjeldahl Nitrogen"
Oxidised Nitrogen: xlink:href="http://environment.data.gov.au/def/property/nitrogen_oxides_concentration" xlink:title="Oxidised Nitrogen"
Ammonia Nitrogen: xlink:href="http://environment.data.gov.au/def/property/ammonia_as_N_concentration" xlink:title="Ammonia Nitrogen"
Ammonia: xlink:href="http://environment.data.gov.au/def/property/ammonia_concentration" xlink:title="Ammonia"
????Dissolved Oxygen = xlink:title="Dissolved Oxygen"
-->
			<om:observedProperty xlink:href="http://environment.data.gov.au/def/property/pH_water" xlink:title="pH"/>
			<!-- FedUni - featureOfInterest is the GW_FluidBody. Apparently not! -->
			<!-- FedUni - For GW_FluidBody  xlink:href="http://groundwater.victoria.com.au/feature/fluid-body/[bore.bore_ID].[hydrochemistry.hydrochemistry_id]" -->
		<!-- <om:featureOfInterest xlink:href="http://groundwater.victoria.com.au/feature/fluid-body/51409.44574"/> -->
			<om:featureOfInterest xlink:href="hhttp://groundwater.victoria.com.au/feature/observation/feduni.borehole.51409"/>
			<om:result>
				<swe:Quantity>
					<!-- FedUni - om_Observation/om:result/swe:uom values in [chemistry_code.units] will need to be mapped to uom concepts from http://environment.data.gov.au/def/unit/ or http://qudt.org/vocab/unit (from http://environment.data.gov.au/def/unit) and swe:uom/xlink:title populated with the URI.  swe:uom xlink:title = [chemistry_code.units] -->
					<swe:uom xlink:href="http://environment.data.gov.au/def/unit/pH" xlink:title="pH"/>
					<!-- FedUni - swe:value = [sample_chemistry.value] -->
					<swe:value>7.5</swe:value>
				</swe:Quantity>
			</om:result>
		</om:OM_Observation>
	</gml:featureMember>
	<!-- This gml:featureMember is an om:OM_Observation of a constituent (18Oxygen concentration) -->
	<gml:featureMember>
		<!--  FedUni - OM_Observation gml:id = feduni.borehole.observation.[bore.bore_ID].[hydrochemistry.hydrochemistry_id].[sample_chemistry.sample_chemistry_id] -->
		<!-- FedUni - OM_Observation example for 18Oxygen  -->
		<om:OM_Observation gml:id="feduni.borehole.observation.51409.44574.32317">
			<!-- FedUni - gml:identifier codeSpace="http://www.ietf.org/rfc/rfc2616" value ="http://groundwater.victoria.com.au/feature/observation/feduni.borehole.[bore.bore_ID].[hydrochemistry.hydrochemistry_id].[sample_chemistry.sample_chemistry_id] -->
			<gml:identifier codeSpace="http://www.ietf.org/rfc/rfc2616">http://groundwater.victoria.com.au/feature/observation/feduni.borehole.51409.44574.32317</gml:identifier>
			<!-- FedUni - If OM_Observation/om:phenomenonTime already used from [hydrochemistry.sampdate] then xlink:href = #ref -->
			<om:phenomenonTime xlink:href="#feduni.borehole.observation.time.51409.44574"/>
			<!-- FedUni - If OM_Observation/om:resultTime already used from [hydrochemistry.sampdate] then xlink:href = #ref -->
			<om:resultTime xlink:href="#feduni.borehole.observation.time.51409.44574"/>
			<!-- FedUni - om:procedure xlink:title= [hydrochemistry.meth] -->
			<om:procedure xlink:title="PUM"/>
			<om:parameter>
				<om:NamedValue>
					<!-- FedUni - om:parameter/om:name xlink:href="http://www.opengis.net/req/gw_well/waterwell_sf_fromParam" xlink:title="from" -->
					<om:name xlink:href="http://www.opengis.net/def/param-name/GWML/2.2/fromDistance" xlink:title="from"/>
					<om:value xsi:type="swe:QuantityPropertyType">
						<swe:Quantity>
							<!-- FedUni - swe:uom xlink:href="http://qudt.org/vocab/unit#Meter" xlink:title="m from top" -->
							<swe:uom xlink:href="http://qudt.org/vocab/unit#Meter" xlink:title="m from top"/>
							<!-- FedUni - om:parameter 'from' swe:value = [hydrochemistry.sampfrom] -->
							<!-- FedUni - If only [hydrochemistry.sampdepth] is present then repeat it as if it was both [hydrochemistry.sampfrom] and [hydrochemistry.sampto] -->
							<swe:value>0</swe:value>
						</swe:Quantity>
					</om:value>
				</om:NamedValue>
			</om:parameter>
			<om:parameter>
				<om:NamedValue>
					<!-- FedUni - om:parameter/om:name xlink:href="http://www.opengis.net/req/gw_well/waterwell_sf_toParam" xlink:title="to" -->
					<om:name xlink:href="http://www.opengis.net/def/param-name/GWML/2.2/toDistance" xlink:title="to"/>
					<om:value>
						<swe:Quantity>
							<!-- FedUni - swe:uom xlink:href="http://qudt.org/vocab/unit#Meter" xlink:title="m from top" -->
							<swe:uom xlink:href="http://qudt.org/vocab/unit#Meter" xlink:title="m from top"/>
							<!-- FedUni - om:parameter 'to' swe:value = [hydrochemistry.sampto] -->
							<swe:value>0</swe:value>
						</swe:Quantity>
					</om:value>
				</om:NamedValue>
			</om:parameter>
			<om:parameter>
			<!-- NamedValue of type gml:ReferenceType to point to the Geometry of the well  -->
    <om:NamedValue>
        <om:name xlink:href="http://www.opengis.net/def/param-name/GWML/2.2/referenceGeometry" xlink:title="reference geometry"/>
        <om:value xsi:type="gml:CurvePropertyType" xlink:href="http://groundwater.victoria.com.au/feature/observation/feduni.borehole.51409#feduni.borehole.stratigraphic-shape.51409"/> <!-- pointing to the shape gml:id in the GW_Well feature (bore id).   -->
     </om:NamedValue>
</om:parameter>

<!-- FedUni - om:observedProperty is the property being observed and will come via [sample_chemistry.chemistry_code] -->
			<!-- FedUni - properties in [chemistry_code.name] need to be mapped to http://environment.data.gov.au/def/property/ concepts and used for om:observedProperty xlink:href. -->
			<!-- om:observedProperty xlink:title = [chemistry_code.name] -->
			<om:observedProperty xlink:href="http://environment.data.gov.au/def/property/oxygen_18_concentration" xlink:title="18Oxygen"/>
			<!-- Although I disagree apparently this has to be the SamplingFeature, that is the well -->
			<!-- I would prefer the FoI to be the GW_FluidBody  xlink:href="http://groundwater.victoria.com.au/feature/fluid-body/[bore.bore_ID].[hydrochemistry.hydrochemistry_id]" -->
		<!--	<om:featureOfInterest xlink:href="http://groundwater.victoria.com.au/feature/fluid-body/51409.44574"/> -->
			<om:featureOfInterest xlink:href="hhttp://groundwater.victoria.com.au/feature/observation/feduni.borehole.51409"/>

			<om:result>
				<swe:Quantity>
					<!-- FedUni - om_Observation/om:result/swe:uom values in [chemistry_code.units] will need to be mapped to uom concepts from http://environment.data.gov.au/def/unit/ or http://qudt.org/vocab/unit (from http://environment.data.gov.au/def/unit) and swe:uom/xlink:title populated with the URI.  swe:uom xlink:title = [chemistry_code.units] -->
					<swe:uom xlink:href="http://qudt.org/vocab/unit#Year365Day" xlink:title="year"/>
					<!-- FedUni - swe:value = [sample_chemistry.value] -->
					<swe:value>0.515</swe:value>
				</swe:Quantity>
			</om:result>
		</om:OM_Observation>
	</gml:featureMember>
	<!-- This gml:featureMember is an om:OM_Observation of the initial gww:gwWellStaticWaterDepth -->
	<gml:featureMember>
		<!--  FedUni - OM_Observation gml:id = feduni.borehole.observation.[bore.bore_ID].initial-swl -->
		<om:OM_Observation gml:id="feduni.borehole.observation.51409.initial-swl">
			<!-- FedUni - gml:identifier codeSpace="http://www.ietf.org/rfc/rfc2616" value="http://groundwater.victoria.com.au/feature/observation/feduni.borehole.observation.[bore.bore_id].initial-swl -->
			<gml:identifier codeSpace="http://www.ietf.org/rfc/rfc2616">http://groundwater.victoria.com.au/feature/observation/feduni.borehole.observation.51409.initial-swl</gml:identifier>
			<!-- om:phenomenomTime is the time the observation of the depth of the well was made -->
			<!-- gml:TimeInstant is defined here but could be an xlink:href to a date specified elsewhere in the mapping -->
			<!-- FedUni - assume completed date [bore.datecomp] is the om:phenomenonTime -->
			<om:phenomenonTime>
				<gml:TimeInstant gml:id="feduni.borehole.51409.date">
					<gml:timePosition>1993-11-10+00:00</gml:timePosition>
				</gml:TimeInstant>
			</om:phenomenonTime>
			<!-- FedUni - reference {gww:gwWellConstructedDepth/om:phenomenonTime/gml:TimeInstant gml:id} for all initial GW_Well time properties -->
			<om:resultTime xlink:href="#feduni.borehole.51409.date"/>
			<!-- FedUni does not have the procedure used to measure the depth of the well -->
			<om:procedure xsi:nil="true" nilReason="missing"/>
			<om:parameter>
			<!-- NamedValue of type gml:ReferenceType to point to the Geometry of the well  -->
    <om:NamedValue>
        <om:name xlink:href="http://www.opengis.net/def/param-name/GWML/2.2/referenceGeometry" xlink:title="reference geometry"/>
        <om:value xsi:type="gml:CurvePropertyType" xlink:href="http://groundwater.victoria.com.au/feature/observation/feduni.borehole.51409#feduni.borehole.stratigraphic-shape.51409"/> <!-- pointing to the shape gml:id in the GW_Well feature (bore id).   -->
     </om:NamedValue>
</om:parameter>
<!-- FedUni - om:observedProperty xlink:href="{namespace}/{property}" xlink:title="gwWellStaticWaterDepth" -->
			<om:observedProperty xlink:href="http://www.opengis.net/gwml-well/2.0/gwWellStaticWaterDepth" xlink:title="gwWellStaticWaterDepth"/>
			<!-- FedUni - om:featureOfInterest is the GW_Well.  -->
			<!-- FedUni - xlink:href="http://groundwater.victoria.com.au/feature/water-well/feduni.borehole.[bore.bore_id]" -->
			<om:featureOfInterest xlink:href="http://groundwater.victoria.com.au/feature/water-well/feduni.borehole.51409"/>
			<om:result>
				<swe:Quantity>
					<!-- FedUni - swe:uom xlink:href="http://qudt.org/vocab/unit#Meter" xlink:title="metre" code="m" -->
					<swe:uom xlink:href="http://qudt.org/vocab/unit#Meter" xlink:title="metre" code="m"/>
					<!-- FedUni - swe:value = [bore.initial_swl] -->
					<swe:value>10.12</swe:value>
				</swe:Quantity>
			</om:result>
		</om:OM_Observation>
	</gml:featureMember>
	<!-- This gml:featureMember is an om:OM_Observation of the initial ec -->
	<gml:featureMember>
		<!-- FedUni - gml:id = feduni.borehole.observation.[bore.bore_id].initial_ec -->
		<om:OM_Observation gml:id="feduni.borehole.observation.51409.initial-ec">
			<!-- FedUni - gml:identifier codeSpace="http://www.ietf.org/rfc/rfc2616" value="http://groundwater.victoria.com.au/feature/observation/feduni.borehole.observation.[bore.bore_id].initial-ec -->
			<gml:identifier codeSpace="http://www.ietf.org/rfc/rfc2616">http://groundwater.victoria.com.au/feature/observation/feduni.borehole.observation.51409.initial-ec</gml:identifier>
			<!-- FedUni - Where reference {gww:gwWellConstructedDepth/om:phenomenonTime/gml:TimeInstant gml:id} is already declared use # xlink:href  -->
			<om:phenomenonTime xlink:href="#feduni.borehole.51409.date"/>
			<!-- FedUni - reference {gww:gwWellConstructedDepth/om:phenomenonTime/gml:TimeInstant gml:id} for all initial GW_Well time properties -->
			<om:resultTime xlink:href="#feduni.borehole.51409.date"/>
			<!-- FedUni does not have the procedure used to measure the depth of the well -->
			<om:procedure xsi:nil="true" nilReason="missing"/>
			<!-- EC is of the whole fluid so no depth recorded, hence no parameter properties -->
			<om:observedProperty xlink:href="http://environment.data.gov.au/def/property/electrical_conductivity_water" xlink:title="initial electrical conductivity"/>
			<!-- FedUni - om:featureOfInterest is the GW_Well.  -->
			<!-- FedUni - xlink:href="http://groundwater.victoria.com.au/feature/water-well/feduni.borehole.[bore.bore_id]" -->
			<om:featureOfInterest xlink:href="http://groundwater.victoria.com.au/feature/water-well/feduni.borehole.51409"/>
			<om:result>
				<swe:Quantity>
					<!--  [bore.initial_ec]  uom (FedUni use mS/cm = dS/m = 1000uS/cm) -->
					<swe:uom xlink:href="http://environment.data.gov.au/def/unit/MilliSiemensPerCentimetre" xlink:title="MilliSiemens per Centimetre" code="mS/cm"/>
					<!-- FedUni - swe:value = [bore.initial_ec] -->
					<swe:value>341</swe:value>
				</swe:Quantity>
			</om:result>
		</om:OM_Observation>
	</gml:featureMember>
	<!-- FedUni - OM_Observation for [aquifer_property.hydraulic_conductivity] -->
	<gml:featureMember>
		<!-- FedUni - om:OM_Observation gml:id="feduni.borehole.[aquifer_property.bore_id_fk].aquifer_property.[aquifer_property.aquifer_property_id].hydraulic-conductivity -->
		<!-- FedUni - gml:id = feduni.borehole.observation.[bore.bore_id].[aquifer_property.aquifer_property_id].hydraulic-conductivity     -->
		<om:OM_Observation gml:id="feduni.borehole.observation.51409.1947.hydraulic-conductivity">
			<!-- FedUni - gml:identifier codeSpace="http://www.ietf.org/rfc/rfc2616" value="http://groundwater.victoria.com.au/feature/observation/feduni.borehole.observation.[bore.bore_id].[aquifer_property.aquifer_property_id].hydraulic-conductivity -->
			<gml:identifier codeSpace="http://www.ietf.org/rfc/rfc2616">http://groundwater.victoria.com.au/feature/observation/feduni.borehole.observation.51409.1947.hydraulic-conductivity</gml:identifier>
			<om:phenomenonTime>
				<!-- FedUni - gml:TimeInstant gml:id="feduni.borehole.aquifer_property.[aquifer_property.bore_id_fk].[aquifer_property.aquifer_property_id].tdate" -->
				<gml:TimeInstant gml:id="feduni.borehole.aquifer_property.51409.1947.tdate">
					<!-- FedUni - gml:timePosition = [aquifer_property.tdate] -->
					<gml:timePosition>1993-10-11T00:00:00</gml:timePosition>
				</gml:TimeInstant>
			</om:phenomenonTime>
			<!-- FedUni - om:resultTime = om:phenomenomTime -->
			<om:resultTime xlink:href="#feduni.borehole.aquifer_property.51409.1947.tdate"/>
			<!-- FedUni - om:procedure is unknown -->
			<om:procedure xsi:nil="true" nilReason="unknown"/>
			<!-- FedUni - om:observedProperty xlink:href="http://www.opengis.net/gwml-nucleus/2.0/gwHydraulicConductivity" xlink:title="Hydraulic Conductivity"  -->
			<om:observedProperty xlink:href="http://www.opengis.net/gwml-nucleus/2.0/gwHydraulicConductivity" xlink:title="Hydraulic Conuictivity"/>
			<!-- FedUni - om:featureOfInterest xlink:href="http://groundwater.victoria.com.au/feature/aquifer/[aquifer_property.bore_id_fk].[aquifer_property.aquifer_property_id]" -->
			<om:featureOfInterest xlink:href="http://groundwater.victoria.com.au/feature/aquifer/51409.1947"/>
			<om:result>
				<swe:Quantity>
					<!-- FedUni -  the [aquifer_property.hydraulic_conductivity] units of measure are L.T-1 e.g. m/d, m/s (FedUni use m/d) -->
					<swe:uom xlink:href="http://environment.data.gov.au/def/unit/MeterPerDay" xlink:title="Meter per Day"/>
					<!-- FedUni - swe:value = [aquifer_property.hydraulic_conductivity] -->
					<swe:value>0</swe:value>
				</swe:Quantity>
			</om:result>
		</om:OM_Observation>
	</gml:featureMember>
	<!-- FedUni - OM_Observation for [aquifer_property.hydraulic_storativity] -->
	<gml:featureMember>
		<!-- FedUni - om:OM_Observation gml:id="feduni.borehole.observation.[aquifer_property.bore_id_fk].[aquifer_property.aquifer_property_id].storativity -->
		<om:OM_Observation gml:id="feduni.borehole.observation.51409.1947.storativity">
			<!-- FedUni - gml:identifier codeSpace="http://www.ietf.org/rfc/rfc2616" value="http://groundwater.victoria.com.au/feature/observation/feduni.borehole.observation.[aquifer_property.bore_id_fk].[aquifer_property.aquifer_property_id].storativity -->
			<gml:identifier codeSpace="http://www.ietf.org/rfc/rfc2616">http://groundwater.victoria.com.au/feature/observation/feduni.borehole.observation.51409.1947.storativity</gml:identifier>
			<!-- FedUni - om:phenomenomTime = [aquifer_property.tdate]. Previously identified as gml:TimeInstant gml:id="feduni.borehole.[aquifer_property.bore_id_fk].aquifer_property.[aquifer_property.aquifer_property_id].tdate"  -->
			<!-- FedUni - If "feduni.borehole.aquifer_property.[aquifer_property.bore_id_fk].[aquifer_property.aquifer_property_id].tdate" previously used then use # xlink:href -->
			<om:phenomenonTime xlink:href="#feduni.borehole.aquifer_property.51409.1947.tdate"/>
			<!-- FedUni - om:resultTime = om:phenomenomTime -->
			<om:resultTime xlink:href="#feduni.borehole.aquifer_property.51409.1947.tdate"/>
			<!-- FedUni - om:procedure is unknown -->
			<om:procedure xsi:nil="true" nilReason="unknown"/>
			<!-- FedUni - om:observedProperty xlink:href="http://www.opengis.net/gwml-nucleus/2.0/gwStorativity" xlink:title="Storativity" -->
			<om:observedProperty xlink:href="http://www.opengis.net/gwml-main/2.0/gwStorativity" xlink:title="Storativity"/>
			<!-- FedUni - om:featureOfInterest xlink:href="http://groundwater.victoria.com.au/feature/aquifer/[aquifer_property.bore_id_fk].[aquifer_property.aquifer_property_id]" -->
			<om:featureOfInterest xlink:href="http://groundwater.victoria.com.au/feature/aquifer/51409.1947"/>
			<om:result>
				<swe:Quantity>
					<!-- FedUni -  the [aquifer_property.storativity] units of measure are dimensionless -->
					<swe:uom xlink:href="http://qudt.org/vocab/unit#Unitless" xlink:title="Unitless"/>
					<!-- FedUni - swe:value = [aquifer_property.storativity] -->
					<swe:value>0</swe:value>
				</swe:Quantity>
			</om:result>
		</om:OM_Observation>
	</gml:featureMember>
	<gml:featureMember>
		<!-- FedUni - om:OM_Observation gml:id="feduni.borehole.observation.[aquifer_property.bore_id_fk].[aquifer_property.aquifer_property_id].transmissivity -->
		<om:OM_Observation gml:id="feduni.borehole.observation.51409.1947.transmissivity">
			<!-- FedUni - gml:identifier codeSpace="http://www.ietf.org/rfc/rfc2616" value="http://groundwater.victoria.com.au/feature/observation/feduni.borehole.observation.[aquifer_property.bore_id_fk].[aquifer_property.aquifer_property_id].storativity -->
			<gml:identifier codeSpace="http://www.ietf.org/rfc/rfc2616">http://groundwater.victoria.com.au/feature/observation/feduni.borehole.observation.51409.1947.transmissivity</gml:identifier>
			<!-- FedUni - om:phenomenomTime = [aquifer_property.tdate]. Previously identified as gml:TimeInstant gml:id="feduni.borehole.[aquifer_property.bore_id_fk].aquifer_property.[aquifer_property.aquifer_property_id].tdate"  -->
			<!-- FedUni - If "feduni.borehole.aquifer_property.[aquifer_property.bore_id_fk].[aquifer_property.aquifer_property_id].tdate" previously used then use # xlink:href -->
			<om:phenomenonTime xlink:href="#feduni.borehole.aquifer_property.51409.1947.tdate"/>
			<!-- FedUni - om:resultTime = om:phenomenomTime -->
			<om:resultTime xlink:href="#feduni.borehole.aquifer_property.51409.1947.tdate"/>
			<!-- FedUni - om:procedure is unknown -->
			<om:procedure xsi:nil="true" nilReason="unknown"/>
			<!-- FedUni - om:observedProperty xlink:href="http://www.opengis.net/gwml-nucleus/2.0/gwTransmissivity" xlink:title="Transmissivity"  -->
			<om:observedProperty xlink:href="http://www.opengis.net/gwml-nucleus/2.0/gwTransmissivity" xlink:title="Transmissivity"/>
			<!-- FedUni - om:featureOfInterest xlink:href="http://groundwater.victoria.com.au/feature/aquifer/[aquifer_property.bore_id_fk].[aquifer_property.aquifer_property_id]"
			<om:featureOfInterest xlink:href="http://groundwater.victoria.com.au/feature/aquifer/51409.1947"/> -->
			<om:featureOfInterest xlink:href="hhttp://groundwater.victoria.com.au/feature/observation/feduni.borehole.51409"/>

			<om:result>
				<swe:Quantity>
					<!--  the [aquifer_property.transmissivity] units of measure are L2.T-1 e.g. m2/d, m2/s (FedUni use m2/d) -->
					<swe:uom xlink:href="http://environment.data.gov.au/def/unit/MeterSquaredPerDay" xlink:title="Meter squared per day"/>
					<!-- FedUni - swe:value = [aquifer_property.transmissivity] -->
					<swe:value>0</swe:value>
				</swe:Quantity>
			</om:result>
		</om:OM_Observation>
	</gml:featureMember>
	<!-- FedUni - gwml2:gwYield=[aquifer_property.yield] -->
	<gml:featureMember>
		<!-- FedUni - om:OM_Observation gml:id="feduni.borehole.observation.[aquifer_property.bore_id_fk].[aquifer_property.aquifer_property_id].yield -->
		<om:OM_Observation gml:id="feduni.borehole.observation.51409.1947.yield">
			<!-- FedUni - gml:identifier codeSpace="http://www.ietf.org/rfc/rfc2616" value="http://groundwater.victoria.com.au/feature/observation/feduni.borehole.observation.[aquifer_property.bore_id_fk].[aquifer_property.aquifer_property_id].yield -->
			<gml:identifier codeSpace="http://www.ietf.org/rfc/rfc2616">http://groundwater.victoria.com.au/feature/observation/feduni.borehole.observation.51409.1947.yield</gml:identifier>
			<!-- FedUni - om:phenomenomTime = [aquifer_property.tdate]. Previously identified as gml:TimeInstant gml:id="feduni.borehole.[aquifer_property.bore_id_fk].aquifer_property.[aquifer_property.aquifer_property_id].tdate"  -->
			<!-- FedUni - If "feduni.borehole.aquifer_property.[aquifer_property.bore_id_fk].[aquifer_property.aquifer_property_id].tdate" previously used then use # xlink:href -->
			<om:phenomenonTime xlink:href="#feduni.borehole.aquifer_property.51409.1947.tdate"/>
			<!-- FedUni - om:resultTime = om:phenomenomTime -->
			<om:resultTime xlink:href="#feduni.borehole.aquifer_property.51409.1947.tdate"/>
			<!-- FedUni - om:procedure is unknown -->
			<om:procedure xsi:nil="true" nilReason="unknown"/>
			<!-- FedUni - om:observedProperty xlink:href="http://www.opengis.net/gwml-nucleus/2.0/gwYield" xlink:title="Yield" -->
			<om:observedProperty xlink:href="http://www.opengis.net/gwml-nucleus/2.0/gwYield" xlink:title="Yield"/>
			<!-- FedUni - om:featureOfInterest xlink:href="http://groundwater.victoria.com.au/feature/aquifer/[aquifer_property.bore_id_fk].[aquifer_property.aquifer_property_id]" -->
			<om:featureOfInterest xlink:href="http://groundwater.victoria.com.au/feature/aquifer/51409.1947"/>
			<om:result>
				<swe:Quantity>
					<!--  the [aquifer_property.yield] units of measure are L3.T-1 e.g. m3/d, m3/s, l/min, l/s (FedUni use l/s) -->
					<swe:uom xlink:href="http://environment.data.gov.au/def/unit/LitrePerSecond" xlink:title="Litre per Second"/>
					<!-- FedUni - swe:value = [aquifer_property.yield] -->
					<swe:value>7.5</swe:value>
				</swe:Quantity>
			</om:result>
		</om:OM_Observation>
	</gml:featureMember>
	<!-- attempt to use Constituent -->
	<gml:featureMember>
		<om:OM_Observation gml:id="feduni.borehole.observation.51409.44574.32329-arsenic">
			<gml:identifier codeSpace="http://www.ietf.org/rfc/rfc2616">http://groundwater.victoria.com.au/feature/observation/feduni.borehole.observation.51409.44574.32329-constituent</gml:identifier>
			<om:phenomenonTime>
				<gml:TimeInstant gml:id="feduni.borehole.observation.time.51409.44575">
					<gml:timePosition>1997-07-14T12:00:00</gml:timePosition>
				</gml:TimeInstant>
			</om:phenomenonTime>
			<om:resultTime xlink:href="#feduni.borehole.observation.time.51409.44575"/>
			<om:procedure xlink:title="titration"/>
			<om:parameter>
				<om:NamedValue>
					<om:name xlink:href="http://www.opengis.net/def/param-name/GWML/2.2/fromDistance" xlink:title="from"/>
					<om:value xsi:type="swe:QuantityPropertyType">
						<swe:Quantity>
							<swe:uom xlink:href="http://qudt.org/vocab/unit#Meter" xlink:title="m from top"/>
							<swe:value>0</swe:value>
						</swe:Quantity>
					</om:value>
				</om:NamedValue>
			</om:parameter>
			<om:parameter>
				<om:NamedValue>
					<om:name xlink:href="http://www.opengis.net/def/param-name/GWML/2.2/toDistance" xlink:title="to"/>
					<om:value xsi:type="swe:QuantityPropertyType">
						<swe:Quantity>
							<swe:uom xlink:href="http://qudt.org/vocab/unit#Meter" xlink:title="m from top"/>
							<swe:value>0</swe:value>
						</swe:Quantity>
					</om:value>
				</om:NamedValue>
			</om:parameter>
			<om:parameter>
    <om:NamedValue>
        <om:name xlink:href="http://www.opengis.net/def/param-name/GWML/2.2/fromDistance" xlink:title="reference geometry"/>
        <om:value xsi:type="gml:CurvePropertyType" xlink:href="http://groundwater.victoria.com.au/feature/observation/feduni.borehole.51409#feduni.borehole.stratigraphic-shape.51409"/>
     </om:NamedValue>
</om:parameter>
			<om:observedProperty xlink:href="http://environment.data.gov.au/def/property/arsenic-concentration" xlink:title="Arsenic concentration"/>
			<om:featureOfInterest xlink:href="http://groundwater.victoria.com.au/feature/fluid-body/51409.44574"/>
			<om:result>
				<swe:Quantity>
					<swe:uom xlink:href="http://environment.data.gov.au/def/unit/pH" xlink:title="pH"/>
					<swe:value>7.5</swe:value>
				</swe:Quantity>
			</om:result>
		</om:OM_Observation>
	</gml:featureMember>

</gml:FeatureCollection>
