<?xml version="1.0"?>
<fes:Filter
   xmlns:fes="http://www.opengis.net/fes/2.0"
   xmlns:gml="http://www.opengis.net/gml/3.2"
   xmlns:xsi="http://www.w3.org/2001/XMLSchema-instance"
   xsi:schemaLocation="http://www.opengis.net/fes/2.0
   http://schemas.opengis.net/filter/2.0/filterAll.xsd
   http://www.opengis.net/gml/3.2
   http://schemas.opengis.net/gml/3.2.1/gml.xsd">
   <fes:During>
      <fes:ValueReference>SimpleTrajectory/pathGeometry/gml:MovingObjectStatus[1]/gml:validTime/gml:TimeInstant</fes:ValueReference>
      <gml:TimePeriod gml:id="TP1">
         <gml:begin>
            <gml:TimeInstant gml:id="TI1">
               <gml:timePosition>2005-05-17T00:00:00Z</gml:timePosition>
            </gml:TimeInstant>
         </gml:begin>
         <gml:end>
            <gml:TimeInstant gml:id="TI2">
               <gml:timePosition>2005-05-23T00:00:00Z</gml:timePosition>
            </gml:TimeInstant>
         </gml:end>
      </gml:TimePeriod>
   </fes:During>
</fes:Filter>



