<fes:Filter_Capabilities
   xmlns:ows="http://www.opengis.net/ows/1.1"
   xmlns:fes="http://www.opengis.net/fes/2.0"
   xmlns:gml="http://www.opengis.net/gml/3.2"
   xmlns:xsd="http://www.w3.org/2001/XMLSchema"
   xmlns:xsi="http://www.w3.org/2001/XMLSchema-instance"
   xsi:schemaLocation="http://www.opengis.net/fes/2.0
   http://schemas.opengis.net/filter/2.0/filterAll.xsd">
   <fes:Conformance>
      <fes:Constraint name="ImplementsQuery">
         <ows:NoValues/>
         <ows:DefaultValue>TRUE</ows:DefaultValue>
      </fes:Constraint>
      <fes:Constraint name="ImplementsAdHocQuery">
         <ows:NoValues/>
         <ows:DefaultValue>TRUE</ows:DefaultValue>
      </fes:Constraint>
      <fes:Constraint name="ImplementsFunctions">
         <ows:NoValues/>
         <ows:DefaultValue>FALSE</ows:DefaultValue>
      </fes:Constraint>
      <fes:Constraint name="ImplementsResourceId">
         <ows:NoValues/>
         <ows:DefaultValue>TRUE</ows:DefaultValue>
      </fes:Constraint>
      <fes:Constraint name="ImplementsMinStandardFilter">
         <ows:NoValues/>
         <ows:DefaultValue>TRUE</ows:DefaultValue>
      </fes:Constraint>
      <fes:Constraint name="ImplementsStandardFilter">
         <ows:NoValues/>
         <ows:DefaultValue>FALSE</ows:DefaultValue>
      </fes:Constraint>
      <fes:Constraint name="ImplementsMinSpatialFilter">
         <ows:NoValues/>
         <ows:DefaultValue>TRUE</ows:DefaultValue>
      </fes:Constraint>
      <fes:Constraint name="ImplementsSpatialFilter">
         <ows:NoValues/>
         <ows:DefaultValue>FALSE</ows:DefaultValue>
      </fes:Constraint>
      <fes:Constraint name="ImplementsMinTemporalFilter">
         <ows:NoValues/>
         <ows:DefaultValue>FALSE</ows:DefaultValue>
      </fes:Constraint>
      <fes:Constraint name="ImplementsTemporalFilter">
         <ows:NoValues/>
         <ows:DefaultValue>FALSE</ows:DefaultValue>
      </fes:Constraint>
      <fes:Constraint name="ImplementsVersionNav">
         <ows:NoValues/>
         <ows:DefaultValue>FALSE</ows:DefaultValue>
      </fes:Constraint>
      <fes:Constraint name="ImplementsSorting">
         <ows:NoValues/>
         <ows:DefaultValue>FALSE</ows:DefaultValue>
      </fes:Constraint>
      <fes:Constraint name="ImplementsExtendedOperators">
         <ows:NoValues/>
         <ows:DefaultValue>FALSE</ows:DefaultValue>
      </fes:Constraint>
      <fes:Constraint name="ImplementsMinimumXPath">
         <ows:NoValues/>
         <ows:DefaultValue>FALSE</ows:DefaultValue>
      </fes:Constraint>
      <fes:Constraint name="ImplementsSchemaElementFunc">
         <ows:NoValues/>
         <ows:DefaultValue>FALSE</ows:DefaultValue>
      </fes:Constraint>
  </fes:Conformance>
  <fes:Id_Capabilities>
     <fes:ResourceIdentifier name="fes:ResourceId"/>
  </fes:Id_Capabilities>
  <fes:Spatial_Capabilities>
    <fes:GeometryOperands>
      <fes:GeometryOperand name="gml:Envelope"/>
    </fes:GeometryOperands>
    <fes:SpatialOperators>
      <fes:SpatialOperator name="BBOX"/>
    </fes:SpatialOperators>
  </fes:Spatial_Capabilities>
</fes:Filter_Capabilities>


