<?xml version="1.0" encoding="UTF-8"?>
<wcs:GetCoverage xmlns:wcs="http://www.opengis.net/wcs/2.0"
    xmlns:gml="http://www.opengis.net/gml/3.2"
    xmlns:xsi="http://www.w3.org/2001/XMLSchema-instance"
    xmlns:rsub="http://www.opengis.net/wcs/range-subsetting/1.1"
    xsi:schemaLocation="http://www.opengis.net/wcs/range-subsetting/1.1
        http://schemas.opengis.net/wcs/range-subsetting/1.1/wcsRsub.xsd"
    service="WCS" version="2.0.1">
    <wcs:Extension>
        <rsub:RangeSubset>
            <rsub:RangeItem>
                <rsub:RangeComponent>band1</rsub:RangeComponent>
            </rsub:RangeItem>
            <rsub:RangeItem>
                <rsub:RangeInterval>
                    <rsub:startComponent>band3</rsub:startComponent>
                    <rsub:endComponent>band5</rsub:endComponent>
                </rsub:RangeInterval>
            </rsub:RangeItem>
        </rsub:RangeSubset>
    </wcs:Extension>
    <wcs:CoverageId>C0001</wcs:CoverageId>
</wcs:GetCoverage>
