<?xml version="1.0" encoding="UTF-8"?>
<!--

Codelist Metadata
_________________________________________________________________________________________
	Name: Assembly Bound Type
	Description: This is a reference code list (controlled vocabulary) used by PipelineML to constrain values used in data fields to industry vetted and accepted standards. This list defines the acceptable values pertaining to a set of bound values that collectively define the type of the assembly.
	Reference Code List Standard Version: 1.0
	Language: 
	Nationality: 
	Original Creation Date: Oct 16 2017  4:04PM
	Last Modification Date: Jun 13 2018  1:59PM
	Author: John Tisdale
	Version: 1.0.0
	Copyright: PipelineML is an OGC standard. Copyright (c) 2019 Open Geospatial Consortium. To obtain additional rights of use, visit http://www.opengeospatial.org/legal/.
 
-->
<gml:Dictionary
	xmlns:gml="http://www.opengis.net/gml/3.2"
	xmlns:xsi="http://www.w3.org/2001/XMLSchema-instance"
	xsi:schemaLocation="http://www.opengis.net/gml http://schemas.opengis.net/gml/3.2.1/dictionary.xsd"
	gml:id="assemblyBoundType">
	<gml:identifier codeSpace="https://www.opengis.net/def/pipelineml/1.0/codelists">assemblyBoundType</gml:identifier>
 
	<gml:dictionaryEntry>
		<gml:Definition gml:id="id0">
			<gml:description>No Data</gml:description>
			<gml:identifier codeSpace="https://www.opengis.net/def/pipelineml/1.0/codelists/assemblyboundtype">0</gml:identifier>
			<gml:name>No Data</gml:name>
		</gml:Definition>
	</gml:dictionaryEntry>
	 
	<gml:dictionaryEntry>
		<gml:Definition gml:id="id1">
			<gml:description>Facility; Breakout Tank; Breakout Tank Run</gml:description>
			<gml:identifier codeSpace="https://www.opengis.net/def/pipelineml/1.0/codelists/assemblyboundtype">1</gml:identifier>
			<gml:name>Facility; Breakout Tank; Breakout Tank Run</gml:name>
		</gml:Definition>
	</gml:dictionaryEntry>
	 
	<gml:dictionaryEntry>
		<gml:Definition gml:id="id2">
			<gml:description>Facility; LauncherReceiver; Launcher Receiver Run</gml:description>
			<gml:identifier codeSpace="https://www.opengis.net/def/pipelineml/1.0/codelists/assemblyboundtype">2</gml:identifier>
			<gml:name>Facility; LauncherReceiver; Launcher Receiver Run</gml:name>
		</gml:Definition>
	</gml:dictionaryEntry>
	 
	<gml:dictionaryEntry>
		<gml:Definition gml:id="id3">
			<gml:description>Facility; Products Handling Terminal; Truck Loading Run</gml:description>
			<gml:identifier codeSpace="https://www.opengis.net/def/pipelineml/1.0/codelists/assemblyboundtype">3</gml:identifier>
			<gml:name>Facility; Products Handling Terminal; Truck Loading Run</gml:name>
		</gml:Definition>
	</gml:dictionaryEntry>
	 
	<gml:dictionaryEntry>
		<gml:Definition gml:id="id4">
			<gml:description>Facility; Storage Tank</gml:description>
			<gml:identifier codeSpace="https://www.opengis.net/def/pipelineml/1.0/codelists/assemblyboundtype">4</gml:identifier>
			<gml:name>Facility; Storage Tank</gml:name>
		</gml:Definition>
	</gml:dictionaryEntry>
	 
	<gml:dictionaryEntry>
		<gml:Definition gml:id="id5">
			<gml:description>Facility; Underground Storage</gml:description>
			<gml:identifier codeSpace="https://www.opengis.net/def/pipelineml/1.0/codelists/assemblyboundtype">5</gml:identifier>
			<gml:name>Facility; Underground Storage</gml:name>
		</gml:Definition>
	</gml:dictionaryEntry>
	 
	<gml:dictionaryEntry>
		<gml:Definition gml:id="id6">
			<gml:description>Pipeline; Mainline Transmission; Blind Flange</gml:description>
			<gml:identifier codeSpace="https://www.opengis.net/def/pipelineml/1.0/codelists/assemblyboundtype">6</gml:identifier>
			<gml:name>Pipeline; Mainline Transmission; Blind Flange</gml:name>
		</gml:Definition>
	</gml:dictionaryEntry>
	 
	<gml:dictionaryEntry>
		<gml:Definition gml:id="id7">
			<gml:description>Pipeline; Mainline Transmission; Bridge Span</gml:description>
			<gml:identifier codeSpace="https://www.opengis.net/def/pipelineml/1.0/codelists/assemblyboundtype">7</gml:identifier>
			<gml:name>Pipeline; Mainline Transmission; Bridge Span</gml:name>
		</gml:Definition>
	</gml:dictionaryEntry>
	 
	<gml:dictionaryEntry>
		<gml:Definition gml:id="id8">
			<gml:description>Pipeline; Mainline Transmission; Directional Drill</gml:description>
			<gml:identifier codeSpace="https://www.opengis.net/def/pipelineml/1.0/codelists/assemblyboundtype">8</gml:identifier>
			<gml:name>Pipeline; Mainline Transmission; Directional Drill</gml:name>
		</gml:Definition>
	</gml:dictionaryEntry>
	 
	<gml:dictionaryEntry>
		<gml:Definition gml:id="id9">
			<gml:description>Pipeline; Mainline Transmission; Mainline</gml:description>
			<gml:identifier codeSpace="https://www.opengis.net/def/pipelineml/1.0/codelists/assemblyboundtype">9</gml:identifier>
			<gml:name>Pipeline; Mainline Transmission; Mainline</gml:name>
		</gml:Definition>
	</gml:dictionaryEntry>
	 
	<gml:dictionaryEntry>
		<gml:Definition gml:id="id10">
			<gml:description>Pipeline; Mainline Transmission; Manifold</gml:description>
			<gml:identifier codeSpace="https://www.opengis.net/def/pipelineml/1.0/codelists/assemblyboundtype">10</gml:identifier>
			<gml:name>Pipeline; Mainline Transmission; Manifold</gml:name>
		</gml:Definition>
	</gml:dictionaryEntry>
	 
	<gml:dictionaryEntry>
		<gml:Definition gml:id="id11">
			<gml:description>Pipeline; Mainline Transmission; Pump/Compressor Loop</gml:description>
			<gml:identifier codeSpace="https://www.opengis.net/def/pipelineml/1.0/codelists/assemblyboundtype">11</gml:identifier>
			<gml:name>Pipeline; Mainline Transmission; Pump/Compressor Loop</gml:name>
		</gml:Definition>
	</gml:dictionaryEntry>
	 
	<gml:dictionaryEntry>
		<gml:Definition gml:id="id12">
			<gml:description>Pipeline; Mainline Transmission; Tie-In</gml:description>
			<gml:identifier codeSpace="https://www.opengis.net/def/pipelineml/1.0/codelists/assemblyboundtype">12</gml:identifier>
			<gml:name>Pipeline; Mainline Transmission; Tie-In</gml:name>
		</gml:Definition>
	</gml:dictionaryEntry>
	 
	<gml:dictionaryEntry>
		<gml:Definition gml:id="id13">
			<gml:description>Pipeline; Mainline Transmission; Valve on Riser</gml:description>
			<gml:identifier codeSpace="https://www.opengis.net/def/pipelineml/1.0/codelists/assemblyboundtype">13</gml:identifier>
			<gml:name>Pipeline; Mainline Transmission; Valve on Riser</gml:name>
		</gml:Definition>
	</gml:dictionaryEntry>
	 
	<gml:dictionaryEntry>
		<gml:Definition gml:id="id14">
			<gml:description>Pipeline; Meter Run</gml:description>
			<gml:identifier codeSpace="https://www.opengis.net/def/pipelineml/1.0/codelists/assemblyboundtype">14</gml:identifier>
			<gml:name>Pipeline; Meter Run</gml:name>
		</gml:Definition>
	</gml:dictionaryEntry>
	 
</gml:Dictionary>

