<?xml version="1.0" encoding="UTF-8"?>
<!--

Codelist Metadata
_________________________________________________________________________________________
	Name: Cap Type
	Description: This is a reference code list (controlled vocabulary) used by PipelineML to constrain values used in data fields to industry
 vetted and accepted standards. This list defines the acceptable
 values pertaining to the cap type.
	Reference Code List Standard Version: 1.0
	Language: 
	Nationality: 
	Original Creation Date: May 23 2017 10:22AM
	Last Modification Date: Jun 13 2018  1:57PM
	Author: John Tisdale
	Version: 1.0.0
	Copyright: PipelineML is an OGC standard. Copyright (c) 2019 Open Geospatial Consortium. To obtain additional rights of use, visit http://www.opengeospatial.org/legal/.
 
-->
<gml:Dictionary
	xmlns:gml="http://www.opengis.net/gml/3.2"
	xmlns:xsi="http://www.w3.org/2001/XMLSchema-instance"
	xsi:schemaLocation="http://www.opengis.net/gml http://schemas.opengis.net/gml/3.2.1/dictionary.xsd"
	gml:id="capType">
	<gml:identifier codeSpace="https://www.opengis.net/def/pipelineml/1.0/codelists">capType</gml:identifier>
 
	<gml:dictionaryEntry>
		<gml:Definition gml:id="id0">
			<gml:description>No Data</gml:description>
			<gml:identifier codeSpace="https://www.opengis.net/def/pipelineml/1.0/codelists/captype">0</gml:identifier>
			<gml:name>No Data</gml:name>
		</gml:Definition>
	</gml:dictionaryEntry>
	 
	<gml:dictionaryEntry>
		<gml:Definition gml:id="id201">
			<gml:description>Butt Weld</gml:description>
			<gml:identifier codeSpace="https://www.opengis.net/def/pipelineml/1.0/codelists/captype">201</gml:identifier>
			<gml:name>Butt Weld</gml:name>
		</gml:Definition>
	</gml:dictionaryEntry>
	 
	<gml:dictionaryEntry>
		<gml:Definition gml:id="id202">
			<gml:description>Socket Weld</gml:description>
			<gml:identifier codeSpace="https://www.opengis.net/def/pipelineml/1.0/codelists/captype">202</gml:identifier>
			<gml:name>Socket Weld</gml:name>
		</gml:Definition>
	</gml:dictionaryEntry>
	 
	<gml:dictionaryEntry>
		<gml:Definition gml:id="id203">
			<gml:description>Threaded End</gml:description>
			<gml:identifier codeSpace="https://www.opengis.net/def/pipelineml/1.0/codelists/captype">203</gml:identifier>
			<gml:name>Threaded End</gml:name>
		</gml:Definition>
	</gml:dictionaryEntry>
	 
</gml:Dictionary>

