<?xml version="1.0" encoding="UTF-8"?>
<!--

Codelist Metadata
_________________________________________________________________________________________
	Name: Casing Bound Specification
	Description: This is a reference code list (controlled vocabulary) used by PipelineML to constrain values used in data fields to industry vetted and accepted standards. This list defines the acceptable values pertaining to a set of bound values that collectively define the specifications of a casing component.
	Reference Code List Standard Version: 1.0
	Language: 
	Nationality: 
	Original Creation Date: Jul 13 2017  3:11PM
	Last Modification Date: Jun 13 2018  1:58PM
	Author: John Tisdale
	Version: 1.0.0
	Copyright: PipelineML is an OGC standard. Copyright (c) 2019 Open Geospatial Consortium. To obtain additional rights of use, visit http://www.opengeospatial.org/legal/.
 
-->
<gml:Dictionary
	xmlns:gml="http://www.opengis.net/gml/3.2"
	xmlns:xsi="http://www.w3.org/2001/XMLSchema-instance"
	xsi:schemaLocation="http://www.opengis.net/gml http://schemas.opengis.net/gml/3.2.1/dictionary.xsd"
	gml:id="casingBoundSpecification">
	<gml:identifier codeSpace="https://www.opengis.net/def/pipelineml/1.0/codelists">casingBoundSpecification</gml:identifier>
 
	<gml:dictionaryEntry>
		<gml:Definition gml:id="id0">
			<gml:description>No Data</gml:description>
			<gml:identifier codeSpace="https://www.opengis.net/def/pipelineml/1.0/codelists/casingboundspecification">0</gml:identifier>
			<gml:name>No Data</gml:name>
		</gml:Definition>
	</gml:dictionaryEntry>
	 
	<gml:dictionaryEntry>
		<gml:Definition gml:id="id495">
			<gml:description>API-5L; A; 30000</gml:description>
			<gml:identifier codeSpace="https://www.opengis.net/def/pipelineml/1.0/codelists/casingboundspecification">495</gml:identifier>
			<gml:name>API-5L; A; 30000</gml:name>
		</gml:Definition>
	</gml:dictionaryEntry>
	 
	<gml:dictionaryEntry>
		<gml:Definition gml:id="id496">
			<gml:description>API-5L; A-25; 25000</gml:description>
			<gml:identifier codeSpace="https://www.opengis.net/def/pipelineml/1.0/codelists/casingboundspecification">496</gml:identifier>
			<gml:name>API-5L; A-25; 25000</gml:name>
		</gml:Definition>
	</gml:dictionaryEntry>
	 
	<gml:dictionaryEntry>
		<gml:Definition gml:id="id497">
			<gml:description>API-5L; B; 35000</gml:description>
			<gml:identifier codeSpace="https://www.opengis.net/def/pipelineml/1.0/codelists/casingboundspecification">497</gml:identifier>
			<gml:name>API-5L; B; 35000</gml:name>
		</gml:Definition>
	</gml:dictionaryEntry>
	 
	<gml:dictionaryEntry>
		<gml:Definition gml:id="id498">
			<gml:description>API-5L; X-42; 42000</gml:description>
			<gml:identifier codeSpace="https://www.opengis.net/def/pipelineml/1.0/codelists/casingboundspecification">498</gml:identifier>
			<gml:name>API-5L; X-42; 42000</gml:name>
		</gml:Definition>
	</gml:dictionaryEntry>
	 
	<gml:dictionaryEntry>
		<gml:Definition gml:id="id499">
			<gml:description>API-5L; X-46; 46000</gml:description>
			<gml:identifier codeSpace="https://www.opengis.net/def/pipelineml/1.0/codelists/casingboundspecification">499</gml:identifier>
			<gml:name>API-5L; X-46; 46000</gml:name>
		</gml:Definition>
	</gml:dictionaryEntry>
	 
	<gml:dictionaryEntry>
		<gml:Definition gml:id="id500">
			<gml:description>API-5L; X-52; 52000</gml:description>
			<gml:identifier codeSpace="https://www.opengis.net/def/pipelineml/1.0/codelists/casingboundspecification">500</gml:identifier>
			<gml:name>API-5L; X-52; 52000</gml:name>
		</gml:Definition>
	</gml:dictionaryEntry>
	 
	<gml:dictionaryEntry>
		<gml:Definition gml:id="id501">
			<gml:description>API-5L; X-56; 56000</gml:description>
			<gml:identifier codeSpace="https://www.opengis.net/def/pipelineml/1.0/codelists/casingboundspecification">501</gml:identifier>
			<gml:name>API-5L; X-56; 56000</gml:name>
		</gml:Definition>
	</gml:dictionaryEntry>
	 
	<gml:dictionaryEntry>
		<gml:Definition gml:id="id502">
			<gml:description>API-5L; X-60; 60000</gml:description>
			<gml:identifier codeSpace="https://www.opengis.net/def/pipelineml/1.0/codelists/casingboundspecification">502</gml:identifier>
			<gml:name>API-5L; X-60; 60000</gml:name>
		</gml:Definition>
	</gml:dictionaryEntry>
	 
	<gml:dictionaryEntry>
		<gml:Definition gml:id="id503">
			<gml:description>API-5L; X-65; 65000</gml:description>
			<gml:identifier codeSpace="https://www.opengis.net/def/pipelineml/1.0/codelists/casingboundspecification">503</gml:identifier>
			<gml:name>API-5L; X-65; 65000</gml:name>
		</gml:Definition>
	</gml:dictionaryEntry>
	 
	<gml:dictionaryEntry>
		<gml:Definition gml:id="id504">
			<gml:description>API-5L; X-70; 70000</gml:description>
			<gml:identifier codeSpace="https://www.opengis.net/def/pipelineml/1.0/codelists/casingboundspecification">504</gml:identifier>
			<gml:name>API-5L; X-70; 70000</gml:name>
		</gml:Definition>
	</gml:dictionaryEntry>
	 
	<gml:dictionaryEntry>
		<gml:Definition gml:id="id505">
			<gml:description>ASTM A-106; A; 30000</gml:description>
			<gml:identifier codeSpace="https://www.opengis.net/def/pipelineml/1.0/codelists/casingboundspecification">505</gml:identifier>
			<gml:name>ASTM A-106; A; 30000</gml:name>
		</gml:Definition>
	</gml:dictionaryEntry>
	 
	<gml:dictionaryEntry>
		<gml:Definition gml:id="id506">
			<gml:description>ASTM A-106; B; 35000</gml:description>
			<gml:identifier codeSpace="https://www.opengis.net/def/pipelineml/1.0/codelists/casingboundspecification">506</gml:identifier>
			<gml:name>ASTM A-106; B; 35000</gml:name>
		</gml:Definition>
	</gml:dictionaryEntry>
	 
	<gml:dictionaryEntry>
		<gml:Definition gml:id="id507">
			<gml:description>ASTM A-135; A; 30000</gml:description>
			<gml:identifier codeSpace="https://www.opengis.net/def/pipelineml/1.0/codelists/casingboundspecification">507</gml:identifier>
			<gml:name>ASTM A-135; A; 30000</gml:name>
		</gml:Definition>
	</gml:dictionaryEntry>
	 
	<gml:dictionaryEntry>
		<gml:Definition gml:id="id508">
			<gml:description>ASTM A-135; B; 35000</gml:description>
			<gml:identifier codeSpace="https://www.opengis.net/def/pipelineml/1.0/codelists/casingboundspecification">508</gml:identifier>
			<gml:name>ASTM A-135; B; 35000</gml:name>
		</gml:Definition>
	</gml:dictionaryEntry>
	 
	<gml:dictionaryEntry>
		<gml:Definition gml:id="id509">
			<gml:description>ASTM A-53; A; 30000</gml:description>
			<gml:identifier codeSpace="https://www.opengis.net/def/pipelineml/1.0/codelists/casingboundspecification">509</gml:identifier>
			<gml:name>ASTM A-53; A; 30000</gml:name>
		</gml:Definition>
	</gml:dictionaryEntry>
	 
	<gml:dictionaryEntry>
		<gml:Definition gml:id="id510">
			<gml:description>ASTM A-53; B; 35000</gml:description>
			<gml:identifier codeSpace="https://www.opengis.net/def/pipelineml/1.0/codelists/casingboundspecification">510</gml:identifier>
			<gml:name>ASTM A-53; B; 35000</gml:name>
		</gml:Definition>
	</gml:dictionaryEntry>
	 
	<gml:dictionaryEntry>
		<gml:Definition gml:id="id511">
			<gml:description>API-5LS; X-70; 70000</gml:description>
			<gml:identifier codeSpace="https://www.opengis.net/def/pipelineml/1.0/codelists/casingboundspecification">511</gml:identifier>
			<gml:name>API-5LS; X-70; 70000</gml:name>
		</gml:Definition>
	</gml:dictionaryEntry>
	 
</gml:Dictionary>

