<?xml version="1.0" encoding="UTF-8"?>
<!--

Codelist Metadata
_________________________________________________________________________________________
	Name: Casing Nominal Pipe Size
	Description: This is a reference code list (controlled vocabulary) used by PipelineML to constrain values used in data fields to industry vetted and accepted standards. This list defines the acceptable values pertaining to a nominal pipe size of the component.
	Reference Code List Standard Version: 1.0
	Language: 
	Nationality: 
	Original Creation Date: Dec 19 2017 10:40AM
	Last Modification Date: Jun 13 2018  1:59PM
	Author: John Tisdale
	Version: 1.0.0
	Copyright: PipelineML is an OGC standard. Copyright (c) 2019 Open Geospatial Consortium. To obtain additional rights of use, visit http://www.opengeospatial.org/legal/.
 
-->
<gml:Dictionary
	xmlns:gml="http://www.opengis.net/gml/3.2"
	xmlns:xsi="http://www.w3.org/2001/XMLSchema-instance"
	xsi:schemaLocation="http://www.opengis.net/gml http://schemas.opengis.net/gml/3.2.1/dictionary.xsd"
	gml:id="casingNominalPipeSize">
	<gml:identifier codeSpace="https://www.opengis.net/def/pipelineml/1.0/codelists">casingNominalPipeSize</gml:identifier>
 
	<gml:dictionaryEntry>
		<gml:Definition gml:id="id0">
			<gml:description>No Data</gml:description>
			<gml:identifier codeSpace="https://www.opengis.net/def/pipelineml/1.0/codelists/casingnominalpipesize">0</gml:identifier>
			<gml:name>No Data</gml:name>
		</gml:Definition>
	</gml:dictionaryEntry>
	 
	<gml:dictionaryEntry>
		<gml:Definition gml:id="id667">
			<gml:description>0.750</gml:description>
			<gml:identifier codeSpace="https://www.opengis.net/def/pipelineml/1.0/codelists/casingnominalpipesize">667</gml:identifier>
			<gml:name>0.750</gml:name>
		</gml:Definition>
	</gml:dictionaryEntry>
	 
	<gml:dictionaryEntry>
		<gml:Definition gml:id="id668">
			<gml:description>1.000</gml:description>
			<gml:identifier codeSpace="https://www.opengis.net/def/pipelineml/1.0/codelists/casingnominalpipesize">668</gml:identifier>
			<gml:name>1.000</gml:name>
		</gml:Definition>
	</gml:dictionaryEntry>
	 
	<gml:dictionaryEntry>
		<gml:Definition gml:id="id669">
			<gml:description>1.250</gml:description>
			<gml:identifier codeSpace="https://www.opengis.net/def/pipelineml/1.0/codelists/casingnominalpipesize">669</gml:identifier>
			<gml:name>1.250</gml:name>
		</gml:Definition>
	</gml:dictionaryEntry>
	 
	<gml:dictionaryEntry>
		<gml:Definition gml:id="id670">
			<gml:description>1.500</gml:description>
			<gml:identifier codeSpace="https://www.opengis.net/def/pipelineml/1.0/codelists/casingnominalpipesize">670</gml:identifier>
			<gml:name>1.500</gml:name>
		</gml:Definition>
	</gml:dictionaryEntry>
	 
	<gml:dictionaryEntry>
		<gml:Definition gml:id="id671">
			<gml:description>2.000</gml:description>
			<gml:identifier codeSpace="https://www.opengis.net/def/pipelineml/1.0/codelists/casingnominalpipesize">671</gml:identifier>
			<gml:name>2.000</gml:name>
		</gml:Definition>
	</gml:dictionaryEntry>
	 
	<gml:dictionaryEntry>
		<gml:Definition gml:id="id672">
			<gml:description>2.500</gml:description>
			<gml:identifier codeSpace="https://www.opengis.net/def/pipelineml/1.0/codelists/casingnominalpipesize">672</gml:identifier>
			<gml:name>2.500</gml:name>
		</gml:Definition>
	</gml:dictionaryEntry>
	 
	<gml:dictionaryEntry>
		<gml:Definition gml:id="id673">
			<gml:description>3.000</gml:description>
			<gml:identifier codeSpace="https://www.opengis.net/def/pipelineml/1.0/codelists/casingnominalpipesize">673</gml:identifier>
			<gml:name>3.000</gml:name>
		</gml:Definition>
	</gml:dictionaryEntry>
	 
	<gml:dictionaryEntry>
		<gml:Definition gml:id="id674">
			<gml:description>3.500</gml:description>
			<gml:identifier codeSpace="https://www.opengis.net/def/pipelineml/1.0/codelists/casingnominalpipesize">674</gml:identifier>
			<gml:name>3.500</gml:name>
		</gml:Definition>
	</gml:dictionaryEntry>
	 
	<gml:dictionaryEntry>
		<gml:Definition gml:id="id675">
			<gml:description>4.000</gml:description>
			<gml:identifier codeSpace="https://www.opengis.net/def/pipelineml/1.0/codelists/casingnominalpipesize">675</gml:identifier>
			<gml:name>4.000</gml:name>
		</gml:Definition>
	</gml:dictionaryEntry>
	 
	<gml:dictionaryEntry>
		<gml:Definition gml:id="id676">
			<gml:description>4.500</gml:description>
			<gml:identifier codeSpace="https://www.opengis.net/def/pipelineml/1.0/codelists/casingnominalpipesize">676</gml:identifier>
			<gml:name>4.500</gml:name>
		</gml:Definition>
	</gml:dictionaryEntry>
	 
	<gml:dictionaryEntry>
		<gml:Definition gml:id="id677">
			<gml:description>5.000</gml:description>
			<gml:identifier codeSpace="https://www.opengis.net/def/pipelineml/1.0/codelists/casingnominalpipesize">677</gml:identifier>
			<gml:name>5.000</gml:name>
		</gml:Definition>
	</gml:dictionaryEntry>
	 
	<gml:dictionaryEntry>
		<gml:Definition gml:id="id678">
			<gml:description>6.000</gml:description>
			<gml:identifier codeSpace="https://www.opengis.net/def/pipelineml/1.0/codelists/casingnominalpipesize">678</gml:identifier>
			<gml:name>6.000</gml:name>
		</gml:Definition>
	</gml:dictionaryEntry>
	 
	<gml:dictionaryEntry>
		<gml:Definition gml:id="id679">
			<gml:description>8.000</gml:description>
			<gml:identifier codeSpace="https://www.opengis.net/def/pipelineml/1.0/codelists/casingnominalpipesize">679</gml:identifier>
			<gml:name>8.000</gml:name>
		</gml:Definition>
	</gml:dictionaryEntry>
	 
	<gml:dictionaryEntry>
		<gml:Definition gml:id="id680">
			<gml:description>10.000</gml:description>
			<gml:identifier codeSpace="https://www.opengis.net/def/pipelineml/1.0/codelists/casingnominalpipesize">680</gml:identifier>
			<gml:name>10.000</gml:name>
		</gml:Definition>
	</gml:dictionaryEntry>
	 
	<gml:dictionaryEntry>
		<gml:Definition gml:id="id681">
			<gml:description>12.000</gml:description>
			<gml:identifier codeSpace="https://www.opengis.net/def/pipelineml/1.0/codelists/casingnominalpipesize">681</gml:identifier>
			<gml:name>12.000</gml:name>
		</gml:Definition>
	</gml:dictionaryEntry>
	 
	<gml:dictionaryEntry>
		<gml:Definition gml:id="id682">
			<gml:description>14.000</gml:description>
			<gml:identifier codeSpace="https://www.opengis.net/def/pipelineml/1.0/codelists/casingnominalpipesize">682</gml:identifier>
			<gml:name>14.000</gml:name>
		</gml:Definition>
	</gml:dictionaryEntry>
	 
	<gml:dictionaryEntry>
		<gml:Definition gml:id="id683">
			<gml:description>16.000</gml:description>
			<gml:identifier codeSpace="https://www.opengis.net/def/pipelineml/1.0/codelists/casingnominalpipesize">683</gml:identifier>
			<gml:name>16.000</gml:name>
		</gml:Definition>
	</gml:dictionaryEntry>
	 
	<gml:dictionaryEntry>
		<gml:Definition gml:id="id684">
			<gml:description>18.000</gml:description>
			<gml:identifier codeSpace="https://www.opengis.net/def/pipelineml/1.0/codelists/casingnominalpipesize">684</gml:identifier>
			<gml:name>18.000</gml:name>
		</gml:Definition>
	</gml:dictionaryEntry>
	 
	<gml:dictionaryEntry>
		<gml:Definition gml:id="id685">
			<gml:description>20.000</gml:description>
			<gml:identifier codeSpace="https://www.opengis.net/def/pipelineml/1.0/codelists/casingnominalpipesize">685</gml:identifier>
			<gml:name>20.000</gml:name>
		</gml:Definition>
	</gml:dictionaryEntry>
	 
	<gml:dictionaryEntry>
		<gml:Definition gml:id="id686">
			<gml:description>22.000</gml:description>
			<gml:identifier codeSpace="https://www.opengis.net/def/pipelineml/1.0/codelists/casingnominalpipesize">686</gml:identifier>
			<gml:name>22.000</gml:name>
		</gml:Definition>
	</gml:dictionaryEntry>
	 
	<gml:dictionaryEntry>
		<gml:Definition gml:id="id687">
			<gml:description>24.000</gml:description>
			<gml:identifier codeSpace="https://www.opengis.net/def/pipelineml/1.0/codelists/casingnominalpipesize">687</gml:identifier>
			<gml:name>24.000</gml:name>
		</gml:Definition>
	</gml:dictionaryEntry>
	 
	<gml:dictionaryEntry>
		<gml:Definition gml:id="id688">
			<gml:description>26.000</gml:description>
			<gml:identifier codeSpace="https://www.opengis.net/def/pipelineml/1.0/codelists/casingnominalpipesize">688</gml:identifier>
			<gml:name>26.000</gml:name>
		</gml:Definition>
	</gml:dictionaryEntry>
	 
	<gml:dictionaryEntry>
		<gml:Definition gml:id="id689">
			<gml:description>30.000</gml:description>
			<gml:identifier codeSpace="https://www.opengis.net/def/pipelineml/1.0/codelists/casingnominalpipesize">689</gml:identifier>
			<gml:name>30.000</gml:name>
		</gml:Definition>
	</gml:dictionaryEntry>
	 
	<gml:dictionaryEntry>
		<gml:Definition gml:id="id690">
			<gml:description>36.000</gml:description>
			<gml:identifier codeSpace="https://www.opengis.net/def/pipelineml/1.0/codelists/casingnominalpipesize">690</gml:identifier>
			<gml:name>36.000</gml:name>
		</gml:Definition>
	</gml:dictionaryEntry>
	 
	<gml:dictionaryEntry>
		<gml:Definition gml:id="id691">
			<gml:description>42.000</gml:description>
			<gml:identifier codeSpace="https://www.opengis.net/def/pipelineml/1.0/codelists/casingnominalpipesize">691</gml:identifier>
			<gml:name>42.000</gml:name>
		</gml:Definition>
	</gml:dictionaryEntry>
	 
</gml:Dictionary>

