<?xml version="1.0" encoding="UTF-8"?>
<!--

Codelist Metadata
_________________________________________________________________________________________
	Name: Casing Seal Type
	Description: This is a reference code list (controlled vocabulary) used by PipelineML to constrain values used in data fields to industry
 vetted and accepted standards. This list defines the acceptable
 values pertaining to the casing seal type.
	Reference Code List Standard Version: 1.0
	Language: 
	Nationality: 
	Original Creation Date: Jul 13 2017  2:14PM
	Last Modification Date: Jun 13 2018  1:58PM
	Author: John Tisdale
	Version: 1.0.0
	Copyright: PipelineML is an OGC standard. Copyright (c) 2019 Open Geospatial Consortium. To obtain additional rights of use, visit http://www.opengeospatial.org/legal/.
 
-->
<gml:Dictionary
	xmlns:gml="http://www.opengis.net/gml/3.2"
	xmlns:xsi="http://www.w3.org/2001/XMLSchema-instance"
	xsi:schemaLocation="http://www.opengis.net/gml http://schemas.opengis.net/gml/3.2.1/dictionary.xsd"
	gml:id="casingSealType">
	<gml:identifier codeSpace="https://www.opengis.net/def/pipelineml/1.0/codelists">casingSealType</gml:identifier>
 
	<gml:dictionaryEntry>
		<gml:Definition gml:id="id0">
			<gml:description>No Data</gml:description>
			<gml:identifier codeSpace="https://www.opengis.net/def/pipelineml/1.0/codelists/casingsealtype">0</gml:identifier>
			<gml:name>No Data</gml:name>
		</gml:Definition>
	</gml:dictionaryEntry>
	 
	<gml:dictionaryEntry>
		<gml:Definition gml:id="id717">
			<gml:description>Plastic</gml:description>
			<gml:identifier codeSpace="https://www.opengis.net/def/pipelineml/1.0/codelists/casingsealtype">717</gml:identifier>
			<gml:name>Plastic</gml:name>
		</gml:Definition>
	</gml:dictionaryEntry>
	 
	<gml:dictionaryEntry>
		<gml:Definition gml:id="id718">
			<gml:description>Rubber</gml:description>
			<gml:identifier codeSpace="https://www.opengis.net/def/pipelineml/1.0/codelists/casingsealtype">718</gml:identifier>
			<gml:name>Rubber</gml:name>
		</gml:Definition>
	</gml:dictionaryEntry>
	 
	<gml:dictionaryEntry>
		<gml:Definition gml:id="id719">
			<gml:description>Metal</gml:description>
			<gml:identifier codeSpace="https://www.opengis.net/def/pipelineml/1.0/codelists/casingsealtype">719</gml:identifier>
			<gml:name>Metal</gml:name>
		</gml:Definition>
	</gml:dictionaryEntry>
	 
	<gml:dictionaryEntry>
		<gml:Definition gml:id="id720">
			<gml:description>No Casing Seal</gml:description>
			<gml:identifier codeSpace="https://www.opengis.net/def/pipelineml/1.0/codelists/casingsealtype">720</gml:identifier>
			<gml:name>No Casing Seal</gml:name>
		</gml:Definition>
	</gml:dictionaryEntry>
	 
	<gml:dictionaryEntry>
		<gml:Definition gml:id="id721">
			<gml:description>Grout</gml:description>
			<gml:identifier codeSpace="https://www.opengis.net/def/pipelineml/1.0/codelists/casingsealtype">721</gml:identifier>
			<gml:name>Grout</gml:name>
		</gml:Definition>
	</gml:dictionaryEntry>
	 
	<gml:dictionaryEntry>
		<gml:Definition gml:id="id722">
			<gml:description>Wax</gml:description>
			<gml:identifier codeSpace="https://www.opengis.net/def/pipelineml/1.0/codelists/casingsealtype">722</gml:identifier>
			<gml:name>Wax</gml:name>
		</gml:Definition>
	</gml:dictionaryEntry>
	 
</gml:Dictionary>

