<?xml version="1.0" encoding="UTF-8"?>
<!--

Codelist Metadata
_________________________________________________________________________________________
	Name: Casing Vent Count
	Description: This is a reference code list (controlled vocabulary) used by PipelineML to constrain values used in data fields to industry vetted and accepted standards. This list defines the acceptable values pertaining to the vent count related to a casing component.
	Reference Code List Standard Version: 1.0
	Language:
	Nationality:
	Original Creation Date: Jul  6 2017  9:48AM
	Last Modification Date: Jun 13 2018  1:58PM
	Author: John Tisdale
	Version: 1.0.0
	Copyright: PipelineML is an OGC standard. Copyright (c) 2019 Open Geospatial Consortium. To obtain additional rights of use, visit http://www.opengeospatial.org/legal/.

-->
<gml:Dictionary
	xmlns:gml="http://www.opengis.net/gml/3.2"
	xmlns:xsi="http://www.w3.org/2001/XMLSchema-instance"
	xsi:schemaLocation="http://www.opengis.net/gml http://schemas.opengis.net/gml/3.2.1/dictionary.xsd"
	gml:id="casingVentCount">
	<gml:identifier codeSpace="https://www.opengis.net/def/pipelineml/1.0/codelists">casingVentCount</gml:identifier>

	<gml:dictionaryEntry>
		<gml:Definition gml:id="id0">
			<gml:description>No Data</gml:description>
			<gml:identifier codeSpace="https://www.opengis.net/def/pipelineml/1.0/codelists/casingventcount">0</gml:identifier>
			<gml:name>No Data</gml:name>
		</gml:Definition>
	</gml:dictionaryEntry>

	<gml:dictionaryEntry>
		<gml:Definition gml:id="id9101">
			<gml:description>1 Vent</gml:description>
			<gml:identifier codeSpace="https://www.opengis.net/def/pipelineml/1.0/codelists/casingventcount">9101</gml:identifier>
			<gml:name>1 Vent</gml:name>
		</gml:Definition>
	</gml:dictionaryEntry>

	<gml:dictionaryEntry>
		<gml:Definition gml:id="id9102">
			<gml:description>2 Vents</gml:description>
			<gml:identifier codeSpace="https://www.opengis.net/def/pipelineml/1.0/codelists/casingventcount">9102</gml:identifier>
			<gml:name>2 Vents</gml:name>
		</gml:Definition>
	</gml:dictionaryEntry>

	<gml:dictionaryEntry>
		<gml:Definition gml:id="id9103">
			<gml:description>3 Vents</gml:description>
			<gml:identifier codeSpace="https://www.opengis.net/def/pipelineml/1.0/codelists/casingventcount">9103</gml:identifier>
			<gml:name>3 Vents</gml:name>
		</gml:Definition>
	</gml:dictionaryEntry>

	<gml:dictionaryEntry>
		<gml:Definition gml:id="id9104">
			<gml:description>4 Vents</gml:description>
			<gml:identifier codeSpace="https://www.opengis.net/def/pipelineml/1.0/codelists/casingventcount">9104</gml:identifier>
			<gml:name>4 Vents</gml:name>
		</gml:Definition>
	</gml:dictionaryEntry>

</gml:Dictionary>
