<?xml version="1.0" encoding="UTF-8"?>
<!--

Codelist Metadata
_________________________________________________________________________________________
	Name: Collection Bound Type
	Description: This is a reference code list (controlled vocabulary) used by PipelineML to constrain values used in data fields to industry vetted and accepted standards. This list defines the acceptable values pertaining to a set of bound values that collectively define the type of the collection.
	Reference Code List Standard Version: 1.0
	Language: 
	Nationality: 
	Original Creation Date: Oct 17 2017 10:32AM
	Last Modification Date: Jun 13 2018  1:59PM
	Author: John Tisdale
	Version: 1.0.0
	Copyright: PipelineML is an OGC standard. Copyright (c) 2019 Open Geospatial Consortium. To obtain additional rights of use, visit http://www.opengeospatial.org/legal/.
 
-->
<gml:Dictionary
	xmlns:gml="http://www.opengis.net/gml/3.2"
	xmlns:xsi="http://www.w3.org/2001/XMLSchema-instance"
	xsi:schemaLocation="http://www.opengis.net/gml http://schemas.opengis.net/gml/3.2.1/dictionary.xsd"
	gml:id="collectionBoundType">
	<gml:identifier codeSpace="https://www.opengis.net/def/pipelineml/1.0/codelists">collectionBoundType</gml:identifier>
 
	<gml:dictionaryEntry>
		<gml:Definition gml:id="id0">
			<gml:description>No Data</gml:description>
			<gml:identifier codeSpace="https://www.opengis.net/def/pipelineml/1.0/codelists/collectionboundtype">0</gml:identifier>
			<gml:name>No Data</gml:name>
		</gml:Definition>
	</gml:dictionaryEntry>
	 
	<gml:dictionaryEntry>
		<gml:Definition gml:id="id1832">
			<gml:description>Administrative; Financial; AccountingCode</gml:description>
			<gml:identifier codeSpace="https://www.opengis.net/def/pipelineml/1.0/codelists/collectionboundtype">1832</gml:identifier>
			<gml:name>Administrative; Financial; AccountingCode</gml:name>
		</gml:Definition>
	</gml:dictionaryEntry>
	 
	<gml:dictionaryEntry>
		<gml:Definition gml:id="id1833">
			<gml:description>Administrative; OperatingBoundary; Area</gml:description>
			<gml:identifier codeSpace="https://www.opengis.net/def/pipelineml/1.0/codelists/collectionboundtype">1833</gml:identifier>
			<gml:name>Administrative; OperatingBoundary; Area</gml:name>
		</gml:Definition>
	</gml:dictionaryEntry>
	 
	<gml:dictionaryEntry>
		<gml:Definition gml:id="id1834">
			<gml:description>Administrative; OperatingBoundary; District</gml:description>
			<gml:identifier codeSpace="https://www.opengis.net/def/pipelineml/1.0/codelists/collectionboundtype">1834</gml:identifier>
			<gml:name>Administrative; OperatingBoundary; District</gml:name>
		</gml:Definition>
	</gml:dictionaryEntry>
	 
	<gml:dictionaryEntry>
		<gml:Definition gml:id="id1835">
			<gml:description>Administrative; OperatingBoundary; Division</gml:description>
			<gml:identifier codeSpace="https://www.opengis.net/def/pipelineml/1.0/codelists/collectionboundtype">1835</gml:identifier>
			<gml:name>Administrative; OperatingBoundary; Division</gml:name>
		</gml:Definition>
	</gml:dictionaryEntry>
	 
	<gml:dictionaryEntry>
		<gml:Definition gml:id="id1836">
			<gml:description>Administrative; OperatingBoundary; Region</gml:description>
			<gml:identifier codeSpace="https://www.opengis.net/def/pipelineml/1.0/codelists/collectionboundtype">1836</gml:identifier>
			<gml:name>Administrative; OperatingBoundary; Region</gml:name>
		</gml:Definition>
	</gml:dictionaryEntry>
	 
	<gml:dictionaryEntry>
		<gml:Definition gml:id="id1837">
			<gml:description>Operational; OperatingPressure; Maximum</gml:description>
			<gml:identifier codeSpace="https://www.opengis.net/def/pipelineml/1.0/codelists/collectionboundtype">1837</gml:identifier>
			<gml:name>Operational; OperatingPressure; Maximum</gml:name>
		</gml:Definition>
	</gml:dictionaryEntry>
	 
	<gml:dictionaryEntry>
		<gml:Definition gml:id="id1838">
			<gml:description>Operational; OperatingPressure; MaximumAllowable</gml:description>
			<gml:identifier codeSpace="https://www.opengis.net/def/pipelineml/1.0/codelists/collectionboundtype">1838</gml:identifier>
			<gml:name>Operational; OperatingPressure; MaximumAllowable</gml:name>
		</gml:Definition>
	</gml:dictionaryEntry>
	 
	<gml:dictionaryEntry>
		<gml:Definition gml:id="id1839">
			<gml:description>Operational; PressureTest; Equipment Hydrostatic Test</gml:description>
			<gml:identifier codeSpace="https://www.opengis.net/def/pipelineml/1.0/codelists/collectionboundtype">1839</gml:identifier>
			<gml:name>Operational; PressureTest; Equipment Hydrostatic Test</gml:name>
		</gml:Definition>
	</gml:dictionaryEntry>
	 
	<gml:dictionaryEntry>
		<gml:Definition gml:id="id1840">
			<gml:description>Product; Crude; Condensate</gml:description>
			<gml:identifier codeSpace="https://www.opengis.net/def/pipelineml/1.0/codelists/collectionboundtype">1840</gml:identifier>
			<gml:name>Product; Crude; Condensate</gml:name>
		</gml:Definition>
	</gml:dictionaryEntry>
	 
	<gml:dictionaryEntry>
		<gml:Definition gml:id="id1841">
			<gml:description>Product; Crude; Crude Oil</gml:description>
			<gml:identifier codeSpace="https://www.opengis.net/def/pipelineml/1.0/codelists/collectionboundtype">1841</gml:identifier>
			<gml:name>Product; Crude; Crude Oil</gml:name>
		</gml:Definition>
	</gml:dictionaryEntry>
	 
	<gml:dictionaryEntry>
		<gml:Definition gml:id="id1842">
			<gml:description>Product; Highly Volatile Liquid; Butane</gml:description>
			<gml:identifier codeSpace="https://www.opengis.net/def/pipelineml/1.0/codelists/collectionboundtype">1842</gml:identifier>
			<gml:name>Product; Highly Volatile Liquid; Butane</gml:name>
		</gml:Definition>
	</gml:dictionaryEntry>
	 
	<gml:dictionaryEntry>
		<gml:Definition gml:id="id1843">
			<gml:description>Product; Highly Volatile Liquid; Butane/Gasoline</gml:description>
			<gml:identifier codeSpace="https://www.opengis.net/def/pipelineml/1.0/codelists/collectionboundtype">1843</gml:identifier>
			<gml:name>Product; Highly Volatile Liquid; Butane/Gasoline</gml:name>
		</gml:Definition>
	</gml:dictionaryEntry>
	 
	<gml:dictionaryEntry>
		<gml:Definition gml:id="id1844">
			<gml:description>Product; Highly Volatile Liquid; Butane/Propane</gml:description>
			<gml:identifier codeSpace="https://www.opengis.net/def/pipelineml/1.0/codelists/collectionboundtype">1844</gml:identifier>
			<gml:name>Product; Highly Volatile Liquid; Butane/Propane</gml:name>
		</gml:Definition>
	</gml:dictionaryEntry>
	 
	<gml:dictionaryEntry>
		<gml:Definition gml:id="id1845">
			<gml:description>Product; Highly Volatile Liquid; Butylene</gml:description>
			<gml:identifier codeSpace="https://www.opengis.net/def/pipelineml/1.0/codelists/collectionboundtype">1845</gml:identifier>
			<gml:name>Product; Highly Volatile Liquid; Butylene</gml:name>
		</gml:Definition>
	</gml:dictionaryEntry>
	 
	<gml:dictionaryEntry>
		<gml:Definition gml:id="id1846">
			<gml:description>Product; Highly Volatile Liquid; Ethane</gml:description>
			<gml:identifier codeSpace="https://www.opengis.net/def/pipelineml/1.0/codelists/collectionboundtype">1846</gml:identifier>
			<gml:name>Product; Highly Volatile Liquid; Ethane</gml:name>
		</gml:Definition>
	</gml:dictionaryEntry>
	 
	<gml:dictionaryEntry>
		<gml:Definition gml:id="id1847">
			<gml:description>Product; Highly Volatile Liquid; Ethane/Propane</gml:description>
			<gml:identifier codeSpace="https://www.opengis.net/def/pipelineml/1.0/codelists/collectionboundtype">1847</gml:identifier>
			<gml:name>Product; Highly Volatile Liquid; Ethane/Propane</gml:name>
		</gml:Definition>
	</gml:dictionaryEntry>
	 
	<gml:dictionaryEntry>
		<gml:Definition gml:id="id1848">
			<gml:description>Product; Highly Volatile Liquid; Ethylene</gml:description>
			<gml:identifier codeSpace="https://www.opengis.net/def/pipelineml/1.0/codelists/collectionboundtype">1848</gml:identifier>
			<gml:name>Product; Highly Volatile Liquid; Ethylene</gml:name>
		</gml:Definition>
	</gml:dictionaryEntry>
	 
	<gml:dictionaryEntry>
		<gml:Definition gml:id="id1849">
			<gml:description>Product; Highly Volatile Liquid; Isobutane</gml:description>
			<gml:identifier codeSpace="https://www.opengis.net/def/pipelineml/1.0/codelists/collectionboundtype">1849</gml:identifier>
			<gml:name>Product; Highly Volatile Liquid; Isobutane</gml:name>
		</gml:Definition>
	</gml:dictionaryEntry>
	 
	<gml:dictionaryEntry>
		<gml:Definition gml:id="id1850">
			<gml:description>Product; Highly Volatile Liquid; Isobutylene</gml:description>
			<gml:identifier codeSpace="https://www.opengis.net/def/pipelineml/1.0/codelists/collectionboundtype">1850</gml:identifier>
			<gml:name>Product; Highly Volatile Liquid; Isobutylene</gml:name>
		</gml:Definition>
	</gml:dictionaryEntry>
	 
	<gml:dictionaryEntry>
		<gml:Definition gml:id="id1851">
			<gml:description>Product; Highly Volatile Liquid; Isooctane</gml:description>
			<gml:identifier codeSpace="https://www.opengis.net/def/pipelineml/1.0/codelists/collectionboundtype">1851</gml:identifier>
			<gml:name>Product; Highly Volatile Liquid; Isooctane</gml:name>
		</gml:Definition>
	</gml:dictionaryEntry>
	 
	<gml:dictionaryEntry>
		<gml:Definition gml:id="id1852">
			<gml:description>Product; Highly Volatile Liquid; Natural Gasoline</gml:description>
			<gml:identifier codeSpace="https://www.opengis.net/def/pipelineml/1.0/codelists/collectionboundtype">1852</gml:identifier>
			<gml:name>Product; Highly Volatile Liquid; Natural Gasoline</gml:name>
		</gml:Definition>
	</gml:dictionaryEntry>
	 
	<gml:dictionaryEntry>
		<gml:Definition gml:id="id1853">
			<gml:description>Product; Highly Volatile Liquid; Propane</gml:description>
			<gml:identifier codeSpace="https://www.opengis.net/def/pipelineml/1.0/codelists/collectionboundtype">1853</gml:identifier>
			<gml:name>Product; Highly Volatile Liquid; Propane</gml:name>
		</gml:Definition>
	</gml:dictionaryEntry>
	 
	<gml:dictionaryEntry>
		<gml:Definition gml:id="id1854">
			<gml:description>Product; Highly Volatile Liquid; Propane/Propylene</gml:description>
			<gml:identifier codeSpace="https://www.opengis.net/def/pipelineml/1.0/codelists/collectionboundtype">1854</gml:identifier>
			<gml:name>Product; Highly Volatile Liquid; Propane/Propylene</gml:name>
		</gml:Definition>
	</gml:dictionaryEntry>
	 
	<gml:dictionaryEntry>
		<gml:Definition gml:id="id1855">
			<gml:description>Product; Highly Volatile Liquid; Propylene</gml:description>
			<gml:identifier codeSpace="https://www.opengis.net/def/pipelineml/1.0/codelists/collectionboundtype">1855</gml:identifier>
			<gml:name>Product; Highly Volatile Liquid; Propylene</gml:name>
		</gml:Definition>
	</gml:dictionaryEntry>
	 
	<gml:dictionaryEntry>
		<gml:Definition gml:id="id1856">
			<gml:description>Product; Inert; Air</gml:description>
			<gml:identifier codeSpace="https://www.opengis.net/def/pipelineml/1.0/codelists/collectionboundtype">1856</gml:identifier>
			<gml:name>Product; Inert; Air</gml:name>
		</gml:Definition>
	</gml:dictionaryEntry>
	 
	<gml:dictionaryEntry>
		<gml:Definition gml:id="id1857">
			<gml:description>Product; Inert; Brine</gml:description>
			<gml:identifier codeSpace="https://www.opengis.net/def/pipelineml/1.0/codelists/collectionboundtype">1857</gml:identifier>
			<gml:name>Product; Inert; Brine</gml:name>
		</gml:Definition>
	</gml:dictionaryEntry>
	 
	<gml:dictionaryEntry>
		<gml:Definition gml:id="id1858">
			<gml:description>Product; Inert; Carbon Dioxide</gml:description>
			<gml:identifier codeSpace="https://www.opengis.net/def/pipelineml/1.0/codelists/collectionboundtype">1858</gml:identifier>
			<gml:name>Product; Inert; Carbon Dioxide</gml:name>
		</gml:Definition>
	</gml:dictionaryEntry>
	 
	<gml:dictionaryEntry>
		<gml:Definition gml:id="id1859">
			<gml:description>Product; Inert; Nitrogen</gml:description>
			<gml:identifier codeSpace="https://www.opengis.net/def/pipelineml/1.0/codelists/collectionboundtype">1859</gml:identifier>
			<gml:name>Product; Inert; Nitrogen</gml:name>
		</gml:Definition>
	</gml:dictionaryEntry>
	 
	<gml:dictionaryEntry>
		<gml:Definition gml:id="id1860">
			<gml:description>Product; Inert; Untreated Water</gml:description>
			<gml:identifier codeSpace="https://www.opengis.net/def/pipelineml/1.0/codelists/collectionboundtype">1860</gml:identifier>
			<gml:name>Product; Inert; Untreated Water</gml:name>
		</gml:Definition>
	</gml:dictionaryEntry>
	 
	<gml:dictionaryEntry>
		<gml:Definition gml:id="id1861">
			<gml:description>Product; Inert; Water</gml:description>
			<gml:identifier codeSpace="https://www.opengis.net/def/pipelineml/1.0/codelists/collectionboundtype">1861</gml:identifier>
			<gml:name>Product; Inert; Water</gml:name>
		</gml:Definition>
	</gml:dictionaryEntry>
	 
	<gml:dictionaryEntry>
		<gml:Definition gml:id="id1862">
			<gml:description>Product; Liquids; Anhydrous Ammonia</gml:description>
			<gml:identifier codeSpace="https://www.opengis.net/def/pipelineml/1.0/codelists/collectionboundtype">1862</gml:identifier>
			<gml:name>Product; Liquids; Anhydrous Ammonia</gml:name>
		</gml:Definition>
	</gml:dictionaryEntry>
	 
	<gml:dictionaryEntry>
		<gml:Definition gml:id="id1863">
			<gml:description>Product; Liquids; Y-Grade</gml:description>
			<gml:identifier codeSpace="https://www.opengis.net/def/pipelineml/1.0/codelists/collectionboundtype">1863</gml:identifier>
			<gml:name>Product; Liquids; Y-Grade</gml:name>
		</gml:Definition>
	</gml:dictionaryEntry>
	 
	<gml:dictionaryEntry>
		<gml:Definition gml:id="id1864">
			<gml:description>Product; Natural Gas; Acid Gas</gml:description>
			<gml:identifier codeSpace="https://www.opengis.net/def/pipelineml/1.0/codelists/collectionboundtype">1864</gml:identifier>
			<gml:name>Product; Natural Gas; Acid Gas</gml:name>
		</gml:Definition>
	</gml:dictionaryEntry>
	 
	<gml:dictionaryEntry>
		<gml:Definition gml:id="id1865">
			<gml:description>Product; Natural Gas; Ethane Gas</gml:description>
			<gml:identifier codeSpace="https://www.opengis.net/def/pipelineml/1.0/codelists/collectionboundtype">1865</gml:identifier>
			<gml:name>Product; Natural Gas; Ethane Gas</gml:name>
		</gml:Definition>
	</gml:dictionaryEntry>
	 
	<gml:dictionaryEntry>
		<gml:Definition gml:id="id1866">
			<gml:description>Product; Natural Gas; Natural Gas</gml:description>
			<gml:identifier codeSpace="https://www.opengis.net/def/pipelineml/1.0/codelists/collectionboundtype">1866</gml:identifier>
			<gml:name>Product; Natural Gas; Natural Gas</gml:name>
		</gml:Definition>
	</gml:dictionaryEntry>
	 
	<gml:dictionaryEntry>
		<gml:Definition gml:id="id1867">
			<gml:description>Product; Refined Products; Diesel</gml:description>
			<gml:identifier codeSpace="https://www.opengis.net/def/pipelineml/1.0/codelists/collectionboundtype">1867</gml:identifier>
			<gml:name>Product; Refined Products; Diesel</gml:name>
		</gml:Definition>
	</gml:dictionaryEntry>
	 
	<gml:dictionaryEntry>
		<gml:Definition gml:id="id1868">
			<gml:description>Product; Refined Products; Fuel Oil</gml:description>
			<gml:identifier codeSpace="https://www.opengis.net/def/pipelineml/1.0/codelists/collectionboundtype">1868</gml:identifier>
			<gml:name>Product; Refined Products; Fuel Oil</gml:name>
		</gml:Definition>
	</gml:dictionaryEntry>
	 
	<gml:dictionaryEntry>
		<gml:Definition gml:id="id1869">
			<gml:description>Product; Refined Products; Gasoline</gml:description>
			<gml:identifier codeSpace="https://www.opengis.net/def/pipelineml/1.0/codelists/collectionboundtype">1869</gml:identifier>
			<gml:name>Product; Refined Products; Gasoline</gml:name>
		</gml:Definition>
	</gml:dictionaryEntry>
	 
	<gml:dictionaryEntry>
		<gml:Definition gml:id="id1870">
			<gml:description>Product; Refined Products; Jet Fuel</gml:description>
			<gml:identifier codeSpace="https://www.opengis.net/def/pipelineml/1.0/codelists/collectionboundtype">1870</gml:identifier>
			<gml:name>Product; Refined Products; Jet Fuel</gml:name>
		</gml:Definition>
	</gml:dictionaryEntry>
	 
	<gml:dictionaryEntry>
		<gml:Definition gml:id="id1871">
			<gml:description>Product; Refined Products; Kerosene</gml:description>
			<gml:identifier codeSpace="https://www.opengis.net/def/pipelineml/1.0/codelists/collectionboundtype">1871</gml:identifier>
			<gml:name>Product; Refined Products; Kerosene</gml:name>
		</gml:Definition>
	</gml:dictionaryEntry>
	 
	<gml:dictionaryEntry>
		<gml:Definition gml:id="id1872">
			<gml:description>Product; Refined Products; Methanol</gml:description>
			<gml:identifier codeSpace="https://www.opengis.net/def/pipelineml/1.0/codelists/collectionboundtype">1872</gml:identifier>
			<gml:name>Product; Refined Products; Methanol</gml:name>
		</gml:Definition>
	</gml:dictionaryEntry>
	 
	<gml:dictionaryEntry>
		<gml:Definition gml:id="id1873">
			<gml:description>Product; Refined Products; MTBE</gml:description>
			<gml:identifier codeSpace="https://www.opengis.net/def/pipelineml/1.0/codelists/collectionboundtype">1873</gml:identifier>
			<gml:name>Product; Refined Products; MTBE</gml:name>
		</gml:Definition>
	</gml:dictionaryEntry>
	 
	<gml:dictionaryEntry>
		<gml:Definition gml:id="id1874">
			<gml:description>Product; Refined Products; Naphtha</gml:description>
			<gml:identifier codeSpace="https://www.opengis.net/def/pipelineml/1.0/codelists/collectionboundtype">1874</gml:identifier>
			<gml:name>Product; Refined Products; Naphtha</gml:name>
		</gml:Definition>
	</gml:dictionaryEntry>
	 
	<gml:dictionaryEntry>
		<gml:Definition gml:id="id1875">
			<gml:description>Product; Refined Products; Raffinate</gml:description>
			<gml:identifier codeSpace="https://www.opengis.net/def/pipelineml/1.0/codelists/collectionboundtype">1875</gml:identifier>
			<gml:name>Product; Refined Products; Raffinate</gml:name>
		</gml:Definition>
	</gml:dictionaryEntry>
	 
	<gml:dictionaryEntry>
		<gml:Definition gml:id="id1876">
			<gml:description>Product; Refined Products; Refined Products</gml:description>
			<gml:identifier codeSpace="https://www.opengis.net/def/pipelineml/1.0/codelists/collectionboundtype">1876</gml:identifier>
			<gml:name>Product; Refined Products; Refined Products</gml:name>
		</gml:Definition>
	</gml:dictionaryEntry>
	 
	<gml:dictionaryEntry>
		<gml:Definition gml:id="id1877">
			<gml:description>Product; Refined Products; Vacuum Gas Oil</gml:description>
			<gml:identifier codeSpace="https://www.opengis.net/def/pipelineml/1.0/codelists/collectionboundtype">1877</gml:identifier>
			<gml:name>Product; Refined Products; Vacuum Gas Oil</gml:name>
		</gml:Definition>
	</gml:dictionaryEntry>
	 
	<gml:dictionaryEntry>
		<gml:Definition gml:id="id1878">
			<gml:description>Regulatory; OperatingStatus; Abandoned</gml:description>
			<gml:identifier codeSpace="https://www.opengis.net/def/pipelineml/1.0/codelists/collectionboundtype">1878</gml:identifier>
			<gml:name>Regulatory; OperatingStatus; Abandoned</gml:name>
		</gml:Definition>
	</gml:dictionaryEntry>
	 
	<gml:dictionaryEntry>
		<gml:Definition gml:id="id1879">
			<gml:description>Regulatory; OperatingStatus; Abandoned and Removed</gml:description>
			<gml:identifier codeSpace="https://www.opengis.net/def/pipelineml/1.0/codelists/collectionboundtype">1879</gml:identifier>
			<gml:name>Regulatory; OperatingStatus; Abandoned and Removed</gml:name>
		</gml:Definition>
	</gml:dictionaryEntry>
	 
	<gml:dictionaryEntry>
		<gml:Definition gml:id="id1880">
			<gml:description>Regulatory; OperatingStatus; Active</gml:description>
			<gml:identifier codeSpace="https://www.opengis.net/def/pipelineml/1.0/codelists/collectionboundtype">1880</gml:identifier>
			<gml:name>Regulatory; OperatingStatus; Active</gml:name>
		</gml:Definition>
	</gml:dictionaryEntry>
	 
	<gml:dictionaryEntry>
		<gml:Definition gml:id="id1881">
			<gml:description>Regulatory; OperatingStatus; Idle</gml:description>
			<gml:identifier codeSpace="https://www.opengis.net/def/pipelineml/1.0/codelists/collectionboundtype">1881</gml:identifier>
			<gml:name>Regulatory; OperatingStatus; Idle</gml:name>
		</gml:Definition>
	</gml:dictionaryEntry>
	 
	<gml:dictionaryEntry>
		<gml:Definition gml:id="id1882">
			<gml:description>Regulatory; OperationalIntegrity; InlineInspection</gml:description>
			<gml:identifier codeSpace="https://www.opengis.net/def/pipelineml/1.0/codelists/collectionboundtype">1882</gml:identifier>
			<gml:name>Regulatory; OperationalIntegrity; InlineInspection</gml:name>
		</gml:Definition>
	</gml:dictionaryEntry>
	 
	<gml:dictionaryEntry>
		<gml:Definition gml:id="id1883">
			<gml:description>Regulatory; OperationalIntegrity; Integrity Hydrostatic Test</gml:description>
			<gml:identifier codeSpace="https://www.opengis.net/def/pipelineml/1.0/codelists/collectionboundtype">1883</gml:identifier>
			<gml:name>Regulatory; OperationalIntegrity; Integrity Hydrostatic Test</gml:name>
		</gml:Definition>
	</gml:dictionaryEntry>
	 
	<gml:dictionaryEntry>
		<gml:Definition gml:id="id1884">
			<gml:description>Regulatory; Permit; Texas Railroad Commission T4</gml:description>
			<gml:identifier codeSpace="https://www.opengis.net/def/pipelineml/1.0/codelists/collectionboundtype">1884</gml:identifier>
			<gml:name>Regulatory; Permit; Texas Railroad Commission T4</gml:name>
		</gml:Definition>
	</gml:dictionaryEntry>
	 
	<gml:dictionaryEntry>
		<gml:Definition gml:id="id1885">
			<gml:description>Regulatory; Permit; Unspecified</gml:description>
			<gml:identifier codeSpace="https://www.opengis.net/def/pipelineml/1.0/codelists/collectionboundtype">1885</gml:identifier>
			<gml:name>Regulatory; Permit; Unspecified</gml:name>
		</gml:Definition>
	</gml:dictionaryEntry>
	 
	<gml:dictionaryEntry>
		<gml:Definition gml:id="id1886">
			<gml:description>Regulatory; RegulatoryClass; Distribution</gml:description>
			<gml:identifier codeSpace="https://www.opengis.net/def/pipelineml/1.0/codelists/collectionboundtype">1886</gml:identifier>
			<gml:name>Regulatory; RegulatoryClass; Distribution</gml:name>
		</gml:Definition>
	</gml:dictionaryEntry>
	 
	<gml:dictionaryEntry>
		<gml:Definition gml:id="id1887">
			<gml:description>Regulatory; RegulatoryClass; Gathering</gml:description>
			<gml:identifier codeSpace="https://www.opengis.net/def/pipelineml/1.0/codelists/collectionboundtype">1887</gml:identifier>
			<gml:name>Regulatory; RegulatoryClass; Gathering</gml:name>
		</gml:Definition>
	</gml:dictionaryEntry>
	 
	<gml:dictionaryEntry>
		<gml:Definition gml:id="id1888">
			<gml:description>Regulatory; RegulatoryClass; Transmission</gml:description>
			<gml:identifier codeSpace="https://www.opengis.net/def/pipelineml/1.0/codelists/collectionboundtype">1888</gml:identifier>
			<gml:name>Regulatory; RegulatoryClass; Transmission</gml:name>
		</gml:Definition>
	</gml:dictionaryEntry>
	 
</gml:Dictionary>

