<?xml version="1.0" encoding="UTF-8"?>
<!--

Codelist Metadata
_________________________________________________________________________________________
	Name: Compressor Manufacturer
	Description: This is a reference code list (controlled vocabulary) used by PipelineML to constrain values used in data fields to industry vetted and accepted standards. This list defines the acceptable values pertaining to the manufacturers of compressor componentry.
	Reference Code List Standard Version: 1.0
	Language: 
	Nationality: 
	Original Creation Date: May  1 2017  4:53PM
	Last Modification Date: Jun 13 2018  1:57PM
	Author: John Tisdale
	Version: 1.0.0
	Copyright: PipelineML is an OGC standard. Copyright (c) 2019 Open Geospatial Consortium. To obtain additional rights of use, visit http://www.opengeospatial.org/legal/.
 
-->
<gml:Dictionary
	xmlns:gml="http://www.opengis.net/gml/3.2"
	xmlns:xsi="http://www.w3.org/2001/XMLSchema-instance"
	xsi:schemaLocation="http://www.opengis.net/gml http://schemas.opengis.net/gml/3.2.1/dictionary.xsd"
	gml:id="compressorManufacturer">
	<gml:identifier codeSpace="https://www.opengis.net/def/pipelineml/1.0/codelists">compressorManufacturer</gml:identifier>
 
	<gml:dictionaryEntry>
		<gml:Definition gml:id="id0">
			<gml:description>No Data</gml:description>
			<gml:identifier codeSpace="https://www.opengis.net/def/pipelineml/1.0/codelists/compressormanufacturer">0</gml:identifier>
			<gml:name>No Data</gml:name>
		</gml:Definition>
	</gml:dictionaryEntry>
	 
	<gml:dictionaryEntry>
		<gml:Definition gml:id="id4065">
			<gml:description>Ariel Corporation</gml:description>
			<gml:identifier codeSpace="https://www.opengis.net/def/pipelineml/1.0/codelists/compressormanufacturer">4065</gml:identifier>
			<gml:name>Ariel Corporation</gml:name>
		</gml:Definition>
	</gml:dictionaryEntry>
	 
	<gml:dictionaryEntry>
		<gml:Definition gml:id="id4066">
			<gml:description>Atlas Copco</gml:description>
			<gml:identifier codeSpace="https://www.opengis.net/def/pipelineml/1.0/codelists/compressormanufacturer">4066</gml:identifier>
			<gml:name>Atlas Copco</gml:name>
		</gml:Definition>
	</gml:dictionaryEntry>
	 
	<gml:dictionaryEntry>
		<gml:Definition gml:id="id4067">
			<gml:description>Blackmer</gml:description>
			<gml:identifier codeSpace="https://www.opengis.net/def/pipelineml/1.0/codelists/compressormanufacturer">4067</gml:identifier>
			<gml:name>Blackmer</gml:name>
		</gml:Definition>
	</gml:dictionaryEntry>
	 
	<gml:dictionaryEntry>
		<gml:Definition gml:id="id4068">
			<gml:description>Cooper Electric</gml:description>
			<gml:identifier codeSpace="https://www.opengis.net/def/pipelineml/1.0/codelists/compressormanufacturer">4068</gml:identifier>
			<gml:name>Cooper Electric</gml:name>
		</gml:Definition>
	</gml:dictionaryEntry>
	 
	<gml:dictionaryEntry>
		<gml:Definition gml:id="id4069">
			<gml:description>Corken, Inc.</gml:description>
			<gml:identifier codeSpace="https://www.opengis.net/def/pipelineml/1.0/codelists/compressormanufacturer">4069</gml:identifier>
			<gml:name>Corken, Inc.</gml:name>
		</gml:Definition>
	</gml:dictionaryEntry>
	 
	<gml:dictionaryEntry>
		<gml:Definition gml:id="id4070">
			<gml:description>Dresser-Rand</gml:description>
			<gml:identifier codeSpace="https://www.opengis.net/def/pipelineml/1.0/codelists/compressormanufacturer">4070</gml:identifier>
			<gml:name>Dresser-Rand</gml:name>
		</gml:Definition>
	</gml:dictionaryEntry>
	 
	<gml:dictionaryEntry>
		<gml:Definition gml:id="id4071">
			<gml:description>Frick</gml:description>
			<gml:identifier codeSpace="https://www.opengis.net/def/pipelineml/1.0/codelists/compressormanufacturer">4071</gml:identifier>
			<gml:name>Frick</gml:name>
		</gml:Definition>
	</gml:dictionaryEntry>
	 
	<gml:dictionaryEntry>
		<gml:Definition gml:id="id4072">
			<gml:description>Gardener Denver, Inc.</gml:description>
			<gml:identifier codeSpace="https://www.opengis.net/def/pipelineml/1.0/codelists/compressormanufacturer">4072</gml:identifier>
			<gml:name>Gardener Denver, Inc.</gml:name>
		</gml:Definition>
	</gml:dictionaryEntry>
	 
	<gml:dictionaryEntry>
		<gml:Definition gml:id="id4073">
			<gml:description>General Electric</gml:description>
			<gml:identifier codeSpace="https://www.opengis.net/def/pipelineml/1.0/codelists/compressormanufacturer">4073</gml:identifier>
			<gml:name>General Electric</gml:name>
		</gml:Definition>
	</gml:dictionaryEntry>
	 
	<gml:dictionaryEntry>
		<gml:Definition gml:id="id4074">
			<gml:description>Ingersoll Rand</gml:description>
			<gml:identifier codeSpace="https://www.opengis.net/def/pipelineml/1.0/codelists/compressormanufacturer">4074</gml:identifier>
			<gml:name>Ingersoll Rand</gml:name>
		</gml:Definition>
	</gml:dictionaryEntry>
	 
	<gml:dictionaryEntry>
		<gml:Definition gml:id="id4075">
			<gml:description>Joy Compressor</gml:description>
			<gml:identifier codeSpace="https://www.opengis.net/def/pipelineml/1.0/codelists/compressormanufacturer">4075</gml:identifier>
			<gml:name>Joy Compressor</gml:name>
		</gml:Definition>
	</gml:dictionaryEntry>
	 
	<gml:dictionaryEntry>
		<gml:Definition gml:id="id4076">
			<gml:description>Quincy Compressor</gml:description>
			<gml:identifier codeSpace="https://www.opengis.net/def/pipelineml/1.0/codelists/compressormanufacturer">4076</gml:identifier>
			<gml:name>Quincy Compressor</gml:name>
		</gml:Definition>
	</gml:dictionaryEntry>
	 
	<gml:dictionaryEntry>
		<gml:Definition gml:id="id4077">
			<gml:description>Siemens</gml:description>
			<gml:identifier codeSpace="https://www.opengis.net/def/pipelineml/1.0/codelists/compressormanufacturer">4077</gml:identifier>
			<gml:name>Siemens</gml:name>
		</gml:Definition>
	</gml:dictionaryEntry>
	 
	<gml:dictionaryEntry>
		<gml:Definition gml:id="id4078">
			<gml:description>Solar Turbines</gml:description>
			<gml:identifier codeSpace="https://www.opengis.net/def/pipelineml/1.0/codelists/compressormanufacturer">4078</gml:identifier>
			<gml:name>Solar Turbines</gml:name>
		</gml:Definition>
	</gml:dictionaryEntry>
	 
	<gml:dictionaryEntry>
		<gml:Definition gml:id="id4079">
			<gml:description>Sullair</gml:description>
			<gml:identifier codeSpace="https://www.opengis.net/def/pipelineml/1.0/codelists/compressormanufacturer">4079</gml:identifier>
			<gml:name>Sullair</gml:name>
		</gml:Definition>
	</gml:dictionaryEntry>
	 
	<gml:dictionaryEntry>
		<gml:Definition gml:id="id4080">
			<gml:description>Sundyne</gml:description>
			<gml:identifier codeSpace="https://www.opengis.net/def/pipelineml/1.0/codelists/compressormanufacturer">4080</gml:identifier>
			<gml:name>Sundyne</gml:name>
		</gml:Definition>
	</gml:dictionaryEntry>
	 
	<gml:dictionaryEntry>
		<gml:Definition gml:id="id4081">
			<gml:description>Worthington Compressor Services</gml:description>
			<gml:identifier codeSpace="https://www.opengis.net/def/pipelineml/1.0/codelists/compressormanufacturer">4081</gml:identifier>
			<gml:name>Worthington Compressor Services</gml:name>
		</gml:Definition>
	</gml:dictionaryEntry>
	 
	<gml:dictionaryEntry>
		<gml:Definition gml:id="id4082">
			<gml:description>York Pump</gml:description>
			<gml:identifier codeSpace="https://www.opengis.net/def/pipelineml/1.0/codelists/compressormanufacturer">4082</gml:identifier>
			<gml:name>York Pump</gml:name>
		</gml:Definition>
	</gml:dictionaryEntry>
	 
</gml:Dictionary>

