<?xml version="1.0" encoding="UTF-8"?>
<!--

Codelist Metadata
_________________________________________________________________________________________
	Name: Compressor Stage
	Description: This is a reference code list (controlled vocabulary) used by PipelineML to constrain values used in data fields to industry
 vetted and accepted standards. This list defines the acceptable
 values pertaining to the stages for this type of compressor component.
	Reference Code List Standard Version: 1.0
	Language: 
	Nationality: 
	Original Creation Date: May  2 2017  2:38PM
	Last Modification Date: Jun 13 2018  1:57PM
	Author: John Tisdale
	Version: 1.0.0
	Copyright: PipelineML is an OGC standard. Copyright (c) 2019 Open Geospatial Consortium. To obtain additional rights of use, visit http://www.opengeospatial.org/legal/.
 
-->
<gml:Dictionary
	xmlns:gml="http://www.opengis.net/gml/3.2"
	xmlns:xsi="http://www.w3.org/2001/XMLSchema-instance"
	xsi:schemaLocation="http://www.opengis.net/gml http://schemas.opengis.net/gml/3.2.1/dictionary.xsd"
	gml:id="compressorStage">
	<gml:identifier codeSpace="https://www.opengis.net/def/pipelineml/1.0/codelists">compressorStage</gml:identifier>
 
	<gml:dictionaryEntry>
		<gml:Definition gml:id="id0">
			<gml:description>No Data</gml:description>
			<gml:identifier codeSpace="https://www.opengis.net/def/pipelineml/1.0/codelists/compressorstage">0</gml:identifier>
			<gml:name>No Data</gml:name>
		</gml:Definition>
	</gml:dictionaryEntry>
	 
	<gml:dictionaryEntry>
		<gml:Definition gml:id="id5412">
			<gml:description> Dual</gml:description>
			<gml:identifier codeSpace="https://www.opengis.net/def/pipelineml/1.0/codelists/compressorstage">5412</gml:identifier>
			<gml:name> Dual</gml:name>
		</gml:Definition>
	</gml:dictionaryEntry>
	 
	<gml:dictionaryEntry>
		<gml:Definition gml:id="id5413">
			<gml:description> Multistage</gml:description>
			<gml:identifier codeSpace="https://www.opengis.net/def/pipelineml/1.0/codelists/compressorstage">5413</gml:identifier>
			<gml:name> Multistage</gml:name>
		</gml:Definition>
	</gml:dictionaryEntry>
	 
	<gml:dictionaryEntry>
		<gml:Definition gml:id="id5414">
			<gml:description> Single</gml:description>
			<gml:identifier codeSpace="https://www.opengis.net/def/pipelineml/1.0/codelists/compressorstage">5414</gml:identifier>
			<gml:name> Single</gml:name>
		</gml:Definition>
	</gml:dictionaryEntry>
	 
</gml:Dictionary>

