<?xml version="1.0" encoding="UTF-8"?>
<!--

Codelist Metadata
_________________________________________________________________________________________
	Name: Launcherreceiver Manufacturer
	Description: This is a reference code list (controlled vocabulary) used by PipelineML to constrain values used in data fields to industry vetted and accepted standards. This list defines the acceptable values pertaining to the manufacturers of launcherreceiver componentry.
	Reference Code List Standard Version: 1.0
	Language: 
	Nationality: 
	Original Creation Date: Jun  1 2017 12:47PM
	Last Modification Date: Jun 13 2018  1:58PM
	Author: John Tisdale
	Version: 1.0.0
	Copyright: PipelineML is an OGC standard. Copyright (c) 2019 Open Geospatial Consortium. To obtain additional rights of use, visit http://www.opengeospatial.org/legal/.
 
-->
<gml:Dictionary
	xmlns:gml="http://www.opengis.net/gml/3.2"
	xmlns:xsi="http://www.w3.org/2001/XMLSchema-instance"
	xsi:schemaLocation="http://www.opengis.net/gml http://schemas.opengis.net/gml/3.2.1/dictionary.xsd"
	gml:id="launcherreceiverManufacturer">
	<gml:identifier codeSpace="https://www.opengis.net/def/pipelineml/1.0/codelists">launcherreceiverManufacturer</gml:identifier>
 
	<gml:dictionaryEntry>
		<gml:Definition gml:id="id0">
			<gml:description>No Data</gml:description>
			<gml:identifier codeSpace="https://www.opengis.net/def/pipelineml/1.0/codelists/launcherreceivermanufacturer">0</gml:identifier>
			<gml:name>No Data</gml:name>
		</gml:Definition>
	</gml:dictionaryEntry>
	 
	<gml:dictionaryEntry>
		<gml:Definition gml:id="id5865">
			<gml:description>Circor Energy</gml:description>
			<gml:identifier codeSpace="https://www.opengis.net/def/pipelineml/1.0/codelists/launcherreceivermanufacturer">5865</gml:identifier>
			<gml:name>Circor Energy</gml:name>
		</gml:Definition>
	</gml:dictionaryEntry>
	 
	<gml:dictionaryEntry>
		<gml:Definition gml:id="id5866">
			<gml:description>CLK Industries, Inc.</gml:description>
			<gml:identifier codeSpace="https://www.opengis.net/def/pipelineml/1.0/codelists/launcherreceivermanufacturer">5866</gml:identifier>
			<gml:name>CLK Industries, Inc.</gml:name>
		</gml:Definition>
	</gml:dictionaryEntry>
	 
	<gml:dictionaryEntry>
		<gml:Definition gml:id="id5867">
			<gml:description>Houston Vessel Manufacturing</gml:description>
			<gml:identifier codeSpace="https://www.opengis.net/def/pipelineml/1.0/codelists/launcherreceivermanufacturer">5867</gml:identifier>
			<gml:name>Houston Vessel Manufacturing</gml:name>
		</gml:Definition>
	</gml:dictionaryEntry>
	 
	<gml:dictionaryEntry>
		<gml:Definition gml:id="id5868">
			<gml:description>Jamison Products</gml:description>
			<gml:identifier codeSpace="https://www.opengis.net/def/pipelineml/1.0/codelists/launcherreceivermanufacturer">5868</gml:identifier>
			<gml:name>Jamison Products</gml:name>
		</gml:Definition>
	</gml:dictionaryEntry>
	 
	<gml:dictionaryEntry>
		<gml:Definition gml:id="id5869">
			<gml:description>Pipeline Products Specialty Company</gml:description>
			<gml:identifier codeSpace="https://www.opengis.net/def/pipelineml/1.0/codelists/launcherreceivermanufacturer">5869</gml:identifier>
			<gml:name>Pipeline Products Specialty Company</gml:name>
		</gml:Definition>
	</gml:dictionaryEntry>
	 
	<gml:dictionaryEntry>
		<gml:Definition gml:id="id5870">
			<gml:description>SWECO Fab, Inc.</gml:description>
			<gml:identifier codeSpace="https://www.opengis.net/def/pipelineml/1.0/codelists/launcherreceivermanufacturer">5870</gml:identifier>
			<gml:name>SWECO Fab, Inc.</gml:name>
		</gml:Definition>
	</gml:dictionaryEntry>
	 
	<gml:dictionaryEntry>
		<gml:Definition gml:id="id5871">
			<gml:description>TD Williamson, Inc.</gml:description>
			<gml:identifier codeSpace="https://www.opengis.net/def/pipelineml/1.0/codelists/launcherreceivermanufacturer">5871</gml:identifier>
			<gml:name>TD Williamson, Inc.</gml:name>
		</gml:Definition>
	</gml:dictionaryEntry>
	 
</gml:Dictionary>

