<?xml version="1.0" encoding="UTF-8"?>
<!--

Codelist Metadata
_________________________________________________________________________________________
	Name: Pipeconnector Type
	Description: This is a reference code list (controlled vocabulary) used by PipelineML to constrain values used in data fields to industry
 vetted and accepted standards. This list defines the acceptable
 values pertaining to the Pipeconnector primary type.
	Reference Code List Standard Version: 1.0
	Language: 
	Nationality: 
	Original Creation Date: Aug  3 2017 10:41AM
	Last Modification Date: Jun 13 2018  1:58PM
	Author: John Tisdale
	Version: 1.0.0
	Copyright: PipelineML is an OGC standard. Copyright (c) 2019 Open Geospatial Consortium. To obtain additional rights of use, visit http://www.opengeospatial.org/legal/.
 
-->
<gml:Dictionary
	xmlns:gml="http://www.opengis.net/gml/3.2"
	xmlns:xsi="http://www.w3.org/2001/XMLSchema-instance"
	xsi:schemaLocation="http://www.opengis.net/gml http://schemas.opengis.net/gml/3.2.1/dictionary.xsd"
	gml:id="pipeconnectorType">
	<gml:identifier codeSpace="https://www.opengis.net/def/pipelineml/1.0/codelists">pipeconnectorType</gml:identifier>
 
	<gml:dictionaryEntry>
		<gml:Definition gml:id="id0">
			<gml:description>No Data</gml:description>
			<gml:identifier codeSpace="https://www.opengis.net/def/pipelineml/1.0/codelists/pipeconnectortype">0</gml:identifier>
			<gml:name>No Data</gml:name>
		</gml:Definition>
	</gml:dictionaryEntry>
	 
	<gml:dictionaryEntry>
		<gml:Definition gml:id="id6525">
			<gml:description>Bolt</gml:description>
			<gml:identifier codeSpace="https://www.opengis.net/def/pipelineml/1.0/codelists/pipeconnectortype">6525</gml:identifier>
			<gml:name>Bolt</gml:name>
		</gml:Definition>
	</gml:dictionaryEntry>
	 
	<gml:dictionaryEntry>
		<gml:Definition gml:id="id6526">
			<gml:description>Thread</gml:description>
			<gml:identifier codeSpace="https://www.opengis.net/def/pipelineml/1.0/codelists/pipeconnectortype">6526</gml:identifier>
			<gml:name>Thread</gml:name>
		</gml:Definition>
	</gml:dictionaryEntry>
	 
	<gml:dictionaryEntry>
		<gml:Definition gml:id="id6527">
			<gml:description>Weld</gml:description>
			<gml:identifier codeSpace="https://www.opengis.net/def/pipelineml/1.0/codelists/pipeconnectortype">6527</gml:identifier>
			<gml:name>Weld</gml:name>
		</gml:Definition>
	</gml:dictionaryEntry>
	 
</gml:Dictionary>

