<?xml version="1.0" encoding="UTF-8"?>
<!--

Codelist Metadata
_________________________________________________________________________________________
	Name: Pipeline Bound Type
	Description: This is a reference code list (controlled vocabulary) used by PipelineML to constrain values used in data fields to industry vetted and accepted standards. This list defines the acceptable values pertaining to a set of bound values that collectively define the type of the pipeline.
	Reference Code List Standard Version: 1.0
	Language: 
	Nationality: 
	Original Creation Date: Oct 17 2017  2:32PM
	Last Modification Date: Jun 13 2018  1:59PM
	Author: John Tisdale
	Version: 1.0.0
	Copyright: PipelineML is an OGC standard. Copyright (c) 2019 Open Geospatial Consortium. To obtain additional rights of use, visit http://www.opengeospatial.org/legal/.
 
-->
<gml:Dictionary
	xmlns:gml="http://www.opengis.net/gml/3.2"
	xmlns:xsi="http://www.w3.org/2001/XMLSchema-instance"
	xsi:schemaLocation="http://www.opengis.net/gml http://schemas.opengis.net/gml/3.2.1/dictionary.xsd"
	gml:id="pipelineBoundType">
	<gml:identifier codeSpace="https://www.opengis.net/def/pipelineml/1.0/codelists">pipelineBoundType</gml:identifier>
 
	<gml:dictionaryEntry>
		<gml:Definition gml:id="id0">
			<gml:description>No Data</gml:description>
			<gml:identifier codeSpace="https://www.opengis.net/def/pipelineml/1.0/codelists/pipelineboundtype">0</gml:identifier>
			<gml:name>No Data</gml:name>
		</gml:Definition>
	</gml:dictionaryEntry>
	 
	<gml:dictionaryEntry>
		<gml:Definition gml:id="id6528">
			<gml:description>Hydrocarbons; Utility; Water</gml:description>
			<gml:identifier codeSpace="https://www.opengis.net/def/pipelineml/1.0/codelists/pipelineboundtype">6528</gml:identifier>
			<gml:name>Hydrocarbons; Utility; Water</gml:name>
		</gml:Definition>
	</gml:dictionaryEntry>
	 
	<gml:dictionaryEntry>
		<gml:Definition gml:id="id6529">
			<gml:description>Hydrocarbons; Transmission; Crude</gml:description>
			<gml:identifier codeSpace="https://www.opengis.net/def/pipelineml/1.0/codelists/pipelineboundtype">6529</gml:identifier>
			<gml:name>Hydrocarbons; Transmission; Crude</gml:name>
		</gml:Definition>
	</gml:dictionaryEntry>
	 
	<gml:dictionaryEntry>
		<gml:Definition gml:id="id6530">
			<gml:description>Hydrocarbons; Gathering; Crude</gml:description>
			<gml:identifier codeSpace="https://www.opengis.net/def/pipelineml/1.0/codelists/pipelineboundtype">6530</gml:identifier>
			<gml:name>Hydrocarbons; Gathering; Crude</gml:name>
		</gml:Definition>
	</gml:dictionaryEntry>
	 
	<gml:dictionaryEntry>
		<gml:Definition gml:id="id6531">
			<gml:description>Hydrocarbons; Transmission; Gas</gml:description>
			<gml:identifier codeSpace="https://www.opengis.net/def/pipelineml/1.0/codelists/pipelineboundtype">6531</gml:identifier>
			<gml:name>Hydrocarbons; Transmission; Gas</gml:name>
		</gml:Definition>
	</gml:dictionaryEntry>
	 
	<gml:dictionaryEntry>
		<gml:Definition gml:id="id6532">
			<gml:description>Hydrocarbons; Distribution; Natural Gas</gml:description>
			<gml:identifier codeSpace="https://www.opengis.net/def/pipelineml/1.0/codelists/pipelineboundtype">6532</gml:identifier>
			<gml:name>Hydrocarbons; Distribution; Natural Gas</gml:name>
		</gml:Definition>
	</gml:dictionaryEntry>
	 
	<gml:dictionaryEntry>
		<gml:Definition gml:id="id6533">
			<gml:description>Hydrocarbons; Gathering; Gas</gml:description>
			<gml:identifier codeSpace="https://www.opengis.net/def/pipelineml/1.0/codelists/pipelineboundtype">6533</gml:identifier>
			<gml:name>Hydrocarbons; Gathering; Gas</gml:name>
		</gml:Definition>
	</gml:dictionaryEntry>
	 
	<gml:dictionaryEntry>
		<gml:Definition gml:id="id6534">
			<gml:description>Hydrocarbons; Gathering; Natural Gas Liquids</gml:description>
			<gml:identifier codeSpace="https://www.opengis.net/def/pipelineml/1.0/codelists/pipelineboundtype">6534</gml:identifier>
			<gml:name>Hydrocarbons; Gathering; Natural Gas Liquids</gml:name>
		</gml:Definition>
	</gml:dictionaryEntry>
	 
	<gml:dictionaryEntry>
		<gml:Definition gml:id="id6535">
			<gml:description>Hydrocarbons; Distribution; Crude</gml:description>
			<gml:identifier codeSpace="https://www.opengis.net/def/pipelineml/1.0/codelists/pipelineboundtype">6535</gml:identifier>
			<gml:name>Hydrocarbons; Distribution; Crude</gml:name>
		</gml:Definition>
	</gml:dictionaryEntry>
	 
	<gml:dictionaryEntry>
		<gml:Definition gml:id="id6536">
			<gml:description>Hydrocarbons; Gathering; Natural Gas</gml:description>
			<gml:identifier codeSpace="https://www.opengis.net/def/pipelineml/1.0/codelists/pipelineboundtype">6536</gml:identifier>
			<gml:name>Hydrocarbons; Gathering; Natural Gas</gml:name>
		</gml:Definition>
	</gml:dictionaryEntry>
	 
	<gml:dictionaryEntry>
		<gml:Definition gml:id="id6537">
			<gml:description>Hydrocarbons; Distribution; Natural Gas Liquids</gml:description>
			<gml:identifier codeSpace="https://www.opengis.net/def/pipelineml/1.0/codelists/pipelineboundtype">6537</gml:identifier>
			<gml:name>Hydrocarbons; Distribution; Natural Gas Liquids</gml:name>
		</gml:Definition>
	</gml:dictionaryEntry>
	 
	<gml:dictionaryEntry>
		<gml:Definition gml:id="id6538">
			<gml:description>Hydrocarbons; Utility; Brine</gml:description>
			<gml:identifier codeSpace="https://www.opengis.net/def/pipelineml/1.0/codelists/pipelineboundtype">6538</gml:identifier>
			<gml:name>Hydrocarbons; Utility; Brine</gml:name>
		</gml:Definition>
	</gml:dictionaryEntry>
	 
	<gml:dictionaryEntry>
		<gml:Definition gml:id="id6539">
			<gml:description>Hydrocarbons; Transmission; Natural Gas Liquids</gml:description>
			<gml:identifier codeSpace="https://www.opengis.net/def/pipelineml/1.0/codelists/pipelineboundtype">6539</gml:identifier>
			<gml:name>Hydrocarbons; Transmission; Natural Gas Liquids</gml:name>
		</gml:Definition>
	</gml:dictionaryEntry>
	 
	<gml:dictionaryEntry>
		<gml:Definition gml:id="id6540">
			<gml:description>Hydrocarbons; Transmission; Natural Gas</gml:description>
			<gml:identifier codeSpace="https://www.opengis.net/def/pipelineml/1.0/codelists/pipelineboundtype">6540</gml:identifier>
			<gml:name>Hydrocarbons; Transmission; Natural Gas</gml:name>
		</gml:Definition>
	</gml:dictionaryEntry>
	 
	<gml:dictionaryEntry>
		<gml:Definition gml:id="id6541">
			<gml:description>Hydrocarbons; Utility; Inert Gas</gml:description>
			<gml:identifier codeSpace="https://www.opengis.net/def/pipelineml/1.0/codelists/pipelineboundtype">6541</gml:identifier>
			<gml:name>Hydrocarbons; Utility; Inert Gas</gml:name>
		</gml:Definition>
	</gml:dictionaryEntry>
	 
	<gml:dictionaryEntry>
		<gml:Definition gml:id="id6542">
			<gml:description>Hydrocarbons; Distribution; Gas</gml:description>
			<gml:identifier codeSpace="https://www.opengis.net/def/pipelineml/1.0/codelists/pipelineboundtype">6542</gml:identifier>
			<gml:name>Hydrocarbons; Distribution; Gas</gml:name>
		</gml:Definition>
	</gml:dictionaryEntry>
	 
</gml:Dictionary>

