<?xml version="1.0" encoding="UTF-8"?>
<!--

Codelist Metadata
_________________________________________________________________________________________
	Name: Sleeve Bound Dimension
	Description: This is a reference code list (controlled vocabulary) used by PipelineML to constrain values used in data fields to industry vetted and accepted standards. This list defines the acceptable values pertaining to a set of bound values that collectively define the physical dimensions of sleeve component.
	Reference Code List Standard Version: 1.0
	Language: 
	Nationality: 
	Original Creation Date: Jul 31 2017 10:02AM
	Last Modification Date: Jun 13 2018  1:58PM
	Author: John Tisdale
	Version: 1.0.0
	Copyright: PipelineML is an OGC standard. Copyright (c) 2019 Open Geospatial Consortium. To obtain additional rights of use, visit http://www.opengeospatial.org/legal/.
 
-->
<gml:Dictionary
	xmlns:gml="http://www.opengis.net/gml/3.2"
	xmlns:xsi="http://www.w3.org/2001/XMLSchema-instance"
	xsi:schemaLocation="http://www.opengis.net/gml http://schemas.opengis.net/gml/3.2.1/dictionary.xsd"
	gml:id="sleeveBoundDimension">
	<gml:identifier codeSpace="https://www.opengis.net/def/pipelineml/1.0/codelists">sleeveBoundDimension</gml:identifier>
 
	<gml:dictionaryEntry>
		<gml:Definition gml:id="id0">
			<gml:description>No Data</gml:description>
			<gml:identifier codeSpace="https://www.opengis.net/def/pipelineml/1.0/codelists/sleevebounddimension">0</gml:identifier>
			<gml:name>No Data</gml:name>
		</gml:Definition>
	</gml:dictionaryEntry>
	 
	<gml:dictionaryEntry>
		<gml:Definition gml:id="id7511">
			<gml:description>2&quot; NPS;  .25&quot; WT</gml:description>
			<gml:identifier codeSpace="https://www.opengis.net/def/pipelineml/1.0/codelists/sleevebounddimension">7511</gml:identifier>
			<gml:name>2&quot; NPS;  .25&quot; WT</gml:name>
		</gml:Definition>
	</gml:dictionaryEntry>
	 
	<gml:dictionaryEntry>
		<gml:Definition gml:id="id7512">
			<gml:description>3&quot; NPS;  .188&quot; WT</gml:description>
			<gml:identifier codeSpace="https://www.opengis.net/def/pipelineml/1.0/codelists/sleevebounddimension">7512</gml:identifier>
			<gml:name>3&quot; NPS;  .188&quot; WT</gml:name>
		</gml:Definition>
	</gml:dictionaryEntry>
	 
	<gml:dictionaryEntry>
		<gml:Definition gml:id="id7513">
			<gml:description>3&quot; NPS;  .25&quot; WT</gml:description>
			<gml:identifier codeSpace="https://www.opengis.net/def/pipelineml/1.0/codelists/sleevebounddimension">7513</gml:identifier>
			<gml:name>3&quot; NPS;  .25&quot; WT</gml:name>
		</gml:Definition>
	</gml:dictionaryEntry>
	 
	<gml:dictionaryEntry>
		<gml:Definition gml:id="id7514">
			<gml:description>4&quot; NPS;  .188&quot; WT</gml:description>
			<gml:identifier codeSpace="https://www.opengis.net/def/pipelineml/1.0/codelists/sleevebounddimension">7514</gml:identifier>
			<gml:name>4&quot; NPS;  .188&quot; WT</gml:name>
		</gml:Definition>
	</gml:dictionaryEntry>
	 
	<gml:dictionaryEntry>
		<gml:Definition gml:id="id7515">
			<gml:description>4&quot; NPS;  .25&quot; WT</gml:description>
			<gml:identifier codeSpace="https://www.opengis.net/def/pipelineml/1.0/codelists/sleevebounddimension">7515</gml:identifier>
			<gml:name>4&quot; NPS;  .25&quot; WT</gml:name>
		</gml:Definition>
	</gml:dictionaryEntry>
	 
	<gml:dictionaryEntry>
		<gml:Definition gml:id="id7516">
			<gml:description>6&quot; NPS;  .25&quot; WT</gml:description>
			<gml:identifier codeSpace="https://www.opengis.net/def/pipelineml/1.0/codelists/sleevebounddimension">7516</gml:identifier>
			<gml:name>6&quot; NPS;  .25&quot; WT</gml:name>
		</gml:Definition>
	</gml:dictionaryEntry>
	 
	<gml:dictionaryEntry>
		<gml:Definition gml:id="id7517">
			<gml:description>6&quot; NPS;  .312&quot; WT</gml:description>
			<gml:identifier codeSpace="https://www.opengis.net/def/pipelineml/1.0/codelists/sleevebounddimension">7517</gml:identifier>
			<gml:name>6&quot; NPS;  .312&quot; WT</gml:name>
		</gml:Definition>
	</gml:dictionaryEntry>
	 
	<gml:dictionaryEntry>
		<gml:Definition gml:id="id7518">
			<gml:description>8&quot; NPS;  .25&quot; WT</gml:description>
			<gml:identifier codeSpace="https://www.opengis.net/def/pipelineml/1.0/codelists/sleevebounddimension">7518</gml:identifier>
			<gml:name>8&quot; NPS;  .25&quot; WT</gml:name>
		</gml:Definition>
	</gml:dictionaryEntry>
	 
	<gml:dictionaryEntry>
		<gml:Definition gml:id="id7519">
			<gml:description>8&quot; NPS;  .312&quot; WT</gml:description>
			<gml:identifier codeSpace="https://www.opengis.net/def/pipelineml/1.0/codelists/sleevebounddimension">7519</gml:identifier>
			<gml:name>8&quot; NPS;  .312&quot; WT</gml:name>
		</gml:Definition>
	</gml:dictionaryEntry>
	 
	<gml:dictionaryEntry>
		<gml:Definition gml:id="id7520">
			<gml:description>8&quot; NPS;  .375&quot; WT</gml:description>
			<gml:identifier codeSpace="https://www.opengis.net/def/pipelineml/1.0/codelists/sleevebounddimension">7520</gml:identifier>
			<gml:name>8&quot; NPS;  .375&quot; WT</gml:name>
		</gml:Definition>
	</gml:dictionaryEntry>
	 
	<gml:dictionaryEntry>
		<gml:Definition gml:id="id7521">
			<gml:description>8&quot; NPS;  .5&quot; WT</gml:description>
			<gml:identifier codeSpace="https://www.opengis.net/def/pipelineml/1.0/codelists/sleevebounddimension">7521</gml:identifier>
			<gml:name>8&quot; NPS;  .5&quot; WT</gml:name>
		</gml:Definition>
	</gml:dictionaryEntry>
	 
	<gml:dictionaryEntry>
		<gml:Definition gml:id="id7522">
			<gml:description>10&quot; NPS;  .25&quot; WT</gml:description>
			<gml:identifier codeSpace="https://www.opengis.net/def/pipelineml/1.0/codelists/sleevebounddimension">7522</gml:identifier>
			<gml:name>10&quot; NPS;  .25&quot; WT</gml:name>
		</gml:Definition>
	</gml:dictionaryEntry>
	 
	<gml:dictionaryEntry>
		<gml:Definition gml:id="id7523">
			<gml:description>10&quot; NPS;  .312&quot; WT</gml:description>
			<gml:identifier codeSpace="https://www.opengis.net/def/pipelineml/1.0/codelists/sleevebounddimension">7523</gml:identifier>
			<gml:name>10&quot; NPS;  .312&quot; WT</gml:name>
		</gml:Definition>
	</gml:dictionaryEntry>
	 
	<gml:dictionaryEntry>
		<gml:Definition gml:id="id7524">
			<gml:description>10&quot; NPS;  .375&quot; WT</gml:description>
			<gml:identifier codeSpace="https://www.opengis.net/def/pipelineml/1.0/codelists/sleevebounddimension">7524</gml:identifier>
			<gml:name>10&quot; NPS;  .375&quot; WT</gml:name>
		</gml:Definition>
	</gml:dictionaryEntry>
	 
	<gml:dictionaryEntry>
		<gml:Definition gml:id="id7525">
			<gml:description>10&quot; NPS;  .5&quot; WT</gml:description>
			<gml:identifier codeSpace="https://www.opengis.net/def/pipelineml/1.0/codelists/sleevebounddimension">7525</gml:identifier>
			<gml:name>10&quot; NPS;  .5&quot; WT</gml:name>
		</gml:Definition>
	</gml:dictionaryEntry>
	 
	<gml:dictionaryEntry>
		<gml:Definition gml:id="id7526">
			<gml:description>12&quot; NPS;  .25&quot; WT</gml:description>
			<gml:identifier codeSpace="https://www.opengis.net/def/pipelineml/1.0/codelists/sleevebounddimension">7526</gml:identifier>
			<gml:name>12&quot; NPS;  .25&quot; WT</gml:name>
		</gml:Definition>
	</gml:dictionaryEntry>
	 
	<gml:dictionaryEntry>
		<gml:Definition gml:id="id7527">
			<gml:description>12&quot; NPS;  .312&quot; WT</gml:description>
			<gml:identifier codeSpace="https://www.opengis.net/def/pipelineml/1.0/codelists/sleevebounddimension">7527</gml:identifier>
			<gml:name>12&quot; NPS;  .312&quot; WT</gml:name>
		</gml:Definition>
	</gml:dictionaryEntry>
	 
	<gml:dictionaryEntry>
		<gml:Definition gml:id="id7528">
			<gml:description>12&quot; NPS;  .375&quot; WT</gml:description>
			<gml:identifier codeSpace="https://www.opengis.net/def/pipelineml/1.0/codelists/sleevebounddimension">7528</gml:identifier>
			<gml:name>12&quot; NPS;  .375&quot; WT</gml:name>
		</gml:Definition>
	</gml:dictionaryEntry>
	 
	<gml:dictionaryEntry>
		<gml:Definition gml:id="id7529">
			<gml:description>12&quot; NPS;  .5&quot; WT</gml:description>
			<gml:identifier codeSpace="https://www.opengis.net/def/pipelineml/1.0/codelists/sleevebounddimension">7529</gml:identifier>
			<gml:name>12&quot; NPS;  .5&quot; WT</gml:name>
		</gml:Definition>
	</gml:dictionaryEntry>
	 
	<gml:dictionaryEntry>
		<gml:Definition gml:id="id7530">
			<gml:description>14&quot; NPS;  .25&quot; WT</gml:description>
			<gml:identifier codeSpace="https://www.opengis.net/def/pipelineml/1.0/codelists/sleevebounddimension">7530</gml:identifier>
			<gml:name>14&quot; NPS;  .25&quot; WT</gml:name>
		</gml:Definition>
	</gml:dictionaryEntry>
	 
	<gml:dictionaryEntry>
		<gml:Definition gml:id="id7531">
			<gml:description>14&quot; NPS;  .312&quot; WT</gml:description>
			<gml:identifier codeSpace="https://www.opengis.net/def/pipelineml/1.0/codelists/sleevebounddimension">7531</gml:identifier>
			<gml:name>14&quot; NPS;  .312&quot; WT</gml:name>
		</gml:Definition>
	</gml:dictionaryEntry>
	 
	<gml:dictionaryEntry>
		<gml:Definition gml:id="id7532">
			<gml:description>14&quot; NPS;  .375&quot; WT</gml:description>
			<gml:identifier codeSpace="https://www.opengis.net/def/pipelineml/1.0/codelists/sleevebounddimension">7532</gml:identifier>
			<gml:name>14&quot; NPS;  .375&quot; WT</gml:name>
		</gml:Definition>
	</gml:dictionaryEntry>
	 
	<gml:dictionaryEntry>
		<gml:Definition gml:id="id7533">
			<gml:description>14&quot; NPS;  .5&quot; WT</gml:description>
			<gml:identifier codeSpace="https://www.opengis.net/def/pipelineml/1.0/codelists/sleevebounddimension">7533</gml:identifier>
			<gml:name>14&quot; NPS;  .5&quot; WT</gml:name>
		</gml:Definition>
	</gml:dictionaryEntry>
	 
	<gml:dictionaryEntry>
		<gml:Definition gml:id="id7534">
			<gml:description>16&quot; NPS;  .25&quot; WT</gml:description>
			<gml:identifier codeSpace="https://www.opengis.net/def/pipelineml/1.0/codelists/sleevebounddimension">7534</gml:identifier>
			<gml:name>16&quot; NPS;  .25&quot; WT</gml:name>
		</gml:Definition>
	</gml:dictionaryEntry>
	 
	<gml:dictionaryEntry>
		<gml:Definition gml:id="id7535">
			<gml:description>16&quot; NPS;  .312&quot; WT</gml:description>
			<gml:identifier codeSpace="https://www.opengis.net/def/pipelineml/1.0/codelists/sleevebounddimension">7535</gml:identifier>
			<gml:name>16&quot; NPS;  .312&quot; WT</gml:name>
		</gml:Definition>
	</gml:dictionaryEntry>
	 
	<gml:dictionaryEntry>
		<gml:Definition gml:id="id7536">
			<gml:description>16&quot; NPS;  .375&quot; WT</gml:description>
			<gml:identifier codeSpace="https://www.opengis.net/def/pipelineml/1.0/codelists/sleevebounddimension">7536</gml:identifier>
			<gml:name>16&quot; NPS;  .375&quot; WT</gml:name>
		</gml:Definition>
	</gml:dictionaryEntry>
	 
	<gml:dictionaryEntry>
		<gml:Definition gml:id="id7537">
			<gml:description>16&quot; NPS;  .5&quot; WT</gml:description>
			<gml:identifier codeSpace="https://www.opengis.net/def/pipelineml/1.0/codelists/sleevebounddimension">7537</gml:identifier>
			<gml:name>16&quot; NPS;  .5&quot; WT</gml:name>
		</gml:Definition>
	</gml:dictionaryEntry>
	 
	<gml:dictionaryEntry>
		<gml:Definition gml:id="id7538">
			<gml:description>18&quot; NPS;  .25&quot; WT</gml:description>
			<gml:identifier codeSpace="https://www.opengis.net/def/pipelineml/1.0/codelists/sleevebounddimension">7538</gml:identifier>
			<gml:name>18&quot; NPS;  .25&quot; WT</gml:name>
		</gml:Definition>
	</gml:dictionaryEntry>
	 
	<gml:dictionaryEntry>
		<gml:Definition gml:id="id7539">
			<gml:description>18&quot; NPS;  .312&quot; WT</gml:description>
			<gml:identifier codeSpace="https://www.opengis.net/def/pipelineml/1.0/codelists/sleevebounddimension">7539</gml:identifier>
			<gml:name>18&quot; NPS;  .312&quot; WT</gml:name>
		</gml:Definition>
	</gml:dictionaryEntry>
	 
	<gml:dictionaryEntry>
		<gml:Definition gml:id="id7540">
			<gml:description>18&quot; NPS;  .375&quot; WT</gml:description>
			<gml:identifier codeSpace="https://www.opengis.net/def/pipelineml/1.0/codelists/sleevebounddimension">7540</gml:identifier>
			<gml:name>18&quot; NPS;  .375&quot; WT</gml:name>
		</gml:Definition>
	</gml:dictionaryEntry>
	 
	<gml:dictionaryEntry>
		<gml:Definition gml:id="id7541">
			<gml:description>18&quot; NPS;  .5&quot; WT</gml:description>
			<gml:identifier codeSpace="https://www.opengis.net/def/pipelineml/1.0/codelists/sleevebounddimension">7541</gml:identifier>
			<gml:name>18&quot; NPS;  .5&quot; WT</gml:name>
		</gml:Definition>
	</gml:dictionaryEntry>
	 
	<gml:dictionaryEntry>
		<gml:Definition gml:id="id7542">
			<gml:description>20&quot; NPS;  .25&quot; WT</gml:description>
			<gml:identifier codeSpace="https://www.opengis.net/def/pipelineml/1.0/codelists/sleevebounddimension">7542</gml:identifier>
			<gml:name>20&quot; NPS;  .25&quot; WT</gml:name>
		</gml:Definition>
	</gml:dictionaryEntry>
	 
	<gml:dictionaryEntry>
		<gml:Definition gml:id="id7543">
			<gml:description>20&quot; NPS;  .312&quot; WT</gml:description>
			<gml:identifier codeSpace="https://www.opengis.net/def/pipelineml/1.0/codelists/sleevebounddimension">7543</gml:identifier>
			<gml:name>20&quot; NPS;  .312&quot; WT</gml:name>
		</gml:Definition>
	</gml:dictionaryEntry>
	 
	<gml:dictionaryEntry>
		<gml:Definition gml:id="id7544">
			<gml:description>20&quot; NPS;  .375&quot; WT</gml:description>
			<gml:identifier codeSpace="https://www.opengis.net/def/pipelineml/1.0/codelists/sleevebounddimension">7544</gml:identifier>
			<gml:name>20&quot; NPS;  .375&quot; WT</gml:name>
		</gml:Definition>
	</gml:dictionaryEntry>
	 
	<gml:dictionaryEntry>
		<gml:Definition gml:id="id7545">
			<gml:description>20&quot; NPS;  .5&quot; WT</gml:description>
			<gml:identifier codeSpace="https://www.opengis.net/def/pipelineml/1.0/codelists/sleevebounddimension">7545</gml:identifier>
			<gml:name>20&quot; NPS;  .5&quot; WT</gml:name>
		</gml:Definition>
	</gml:dictionaryEntry>
	 
	<gml:dictionaryEntry>
		<gml:Definition gml:id="id7546">
			<gml:description>22&quot; NPS;  .25&quot; WT</gml:description>
			<gml:identifier codeSpace="https://www.opengis.net/def/pipelineml/1.0/codelists/sleevebounddimension">7546</gml:identifier>
			<gml:name>22&quot; NPS;  .25&quot; WT</gml:name>
		</gml:Definition>
	</gml:dictionaryEntry>
	 
	<gml:dictionaryEntry>
		<gml:Definition gml:id="id7547">
			<gml:description>22&quot; NPS;  .312&quot; WT</gml:description>
			<gml:identifier codeSpace="https://www.opengis.net/def/pipelineml/1.0/codelists/sleevebounddimension">7547</gml:identifier>
			<gml:name>22&quot; NPS;  .312&quot; WT</gml:name>
		</gml:Definition>
	</gml:dictionaryEntry>
	 
	<gml:dictionaryEntry>
		<gml:Definition gml:id="id7548">
			<gml:description>22&quot; NPS;  .375&quot; WT</gml:description>
			<gml:identifier codeSpace="https://www.opengis.net/def/pipelineml/1.0/codelists/sleevebounddimension">7548</gml:identifier>
			<gml:name>22&quot; NPS;  .375&quot; WT</gml:name>
		</gml:Definition>
	</gml:dictionaryEntry>
	 
	<gml:dictionaryEntry>
		<gml:Definition gml:id="id7549">
			<gml:description>22&quot; NPS;  .5&quot; WT</gml:description>
			<gml:identifier codeSpace="https://www.opengis.net/def/pipelineml/1.0/codelists/sleevebounddimension">7549</gml:identifier>
			<gml:name>22&quot; NPS;  .5&quot; WT</gml:name>
		</gml:Definition>
	</gml:dictionaryEntry>
	 
	<gml:dictionaryEntry>
		<gml:Definition gml:id="id7550">
			<gml:description>24&quot; NPS;  .25&quot; WT</gml:description>
			<gml:identifier codeSpace="https://www.opengis.net/def/pipelineml/1.0/codelists/sleevebounddimension">7550</gml:identifier>
			<gml:name>24&quot; NPS;  .25&quot; WT</gml:name>
		</gml:Definition>
	</gml:dictionaryEntry>
	 
	<gml:dictionaryEntry>
		<gml:Definition gml:id="id7551">
			<gml:description>24&quot; NPS;  .312&quot; WT</gml:description>
			<gml:identifier codeSpace="https://www.opengis.net/def/pipelineml/1.0/codelists/sleevebounddimension">7551</gml:identifier>
			<gml:name>24&quot; NPS;  .312&quot; WT</gml:name>
		</gml:Definition>
	</gml:dictionaryEntry>
	 
	<gml:dictionaryEntry>
		<gml:Definition gml:id="id7552">
			<gml:description>24&quot; NPS;  .375&quot; WT</gml:description>
			<gml:identifier codeSpace="https://www.opengis.net/def/pipelineml/1.0/codelists/sleevebounddimension">7552</gml:identifier>
			<gml:name>24&quot; NPS;  .375&quot; WT</gml:name>
		</gml:Definition>
	</gml:dictionaryEntry>
	 
	<gml:dictionaryEntry>
		<gml:Definition gml:id="id7553">
			<gml:description>24&quot; NPS;  .5&quot; WT</gml:description>
			<gml:identifier codeSpace="https://www.opengis.net/def/pipelineml/1.0/codelists/sleevebounddimension">7553</gml:identifier>
			<gml:name>24&quot; NPS;  .5&quot; WT</gml:name>
		</gml:Definition>
	</gml:dictionaryEntry>
	 
	<gml:dictionaryEntry>
		<gml:Definition gml:id="id7554">
			<gml:description>26&quot; NPS;  .25&quot; WT</gml:description>
			<gml:identifier codeSpace="https://www.opengis.net/def/pipelineml/1.0/codelists/sleevebounddimension">7554</gml:identifier>
			<gml:name>26&quot; NPS;  .25&quot; WT</gml:name>
		</gml:Definition>
	</gml:dictionaryEntry>
	 
	<gml:dictionaryEntry>
		<gml:Definition gml:id="id7555">
			<gml:description>26&quot; NPS;  .312&quot; WT</gml:description>
			<gml:identifier codeSpace="https://www.opengis.net/def/pipelineml/1.0/codelists/sleevebounddimension">7555</gml:identifier>
			<gml:name>26&quot; NPS;  .312&quot; WT</gml:name>
		</gml:Definition>
	</gml:dictionaryEntry>
	 
	<gml:dictionaryEntry>
		<gml:Definition gml:id="id7556">
			<gml:description>26&quot; NPS;  .375&quot; WT</gml:description>
			<gml:identifier codeSpace="https://www.opengis.net/def/pipelineml/1.0/codelists/sleevebounddimension">7556</gml:identifier>
			<gml:name>26&quot; NPS;  .375&quot; WT</gml:name>
		</gml:Definition>
	</gml:dictionaryEntry>
	 
	<gml:dictionaryEntry>
		<gml:Definition gml:id="id7557">
			<gml:description>26&quot; NPS;  .5&quot; WT</gml:description>
			<gml:identifier codeSpace="https://www.opengis.net/def/pipelineml/1.0/codelists/sleevebounddimension">7557</gml:identifier>
			<gml:name>26&quot; NPS;  .5&quot; WT</gml:name>
		</gml:Definition>
	</gml:dictionaryEntry>
	 
	<gml:dictionaryEntry>
		<gml:Definition gml:id="id7558">
			<gml:description>28&quot; NPS;  .375&quot; WT</gml:description>
			<gml:identifier codeSpace="https://www.opengis.net/def/pipelineml/1.0/codelists/sleevebounddimension">7558</gml:identifier>
			<gml:name>28&quot; NPS;  .375&quot; WT</gml:name>
		</gml:Definition>
	</gml:dictionaryEntry>
	 
	<gml:dictionaryEntry>
		<gml:Definition gml:id="id7559">
			<gml:description>28&quot; NPS;  .5&quot; WT</gml:description>
			<gml:identifier codeSpace="https://www.opengis.net/def/pipelineml/1.0/codelists/sleevebounddimension">7559</gml:identifier>
			<gml:name>28&quot; NPS;  .5&quot; WT</gml:name>
		</gml:Definition>
	</gml:dictionaryEntry>
	 
	<gml:dictionaryEntry>
		<gml:Definition gml:id="id7560">
			<gml:description>2&quot; NPS;  .188&quot; WT</gml:description>
			<gml:identifier codeSpace="https://www.opengis.net/def/pipelineml/1.0/codelists/sleevebounddimension">7560</gml:identifier>
			<gml:name>2&quot; NPS;  .188&quot; WT</gml:name>
		</gml:Definition>
	</gml:dictionaryEntry>
	 
	<gml:dictionaryEntry>
		<gml:Definition gml:id="id7561">
			<gml:description>30&quot; NPS;  .375&quot; WT</gml:description>
			<gml:identifier codeSpace="https://www.opengis.net/def/pipelineml/1.0/codelists/sleevebounddimension">7561</gml:identifier>
			<gml:name>30&quot; NPS;  .375&quot; WT</gml:name>
		</gml:Definition>
	</gml:dictionaryEntry>
	 
	<gml:dictionaryEntry>
		<gml:Definition gml:id="id7562">
			<gml:description>30&quot; NPS;  .5&quot; WT</gml:description>
			<gml:identifier codeSpace="https://www.opengis.net/def/pipelineml/1.0/codelists/sleevebounddimension">7562</gml:identifier>
			<gml:name>30&quot; NPS;  .5&quot; WT</gml:name>
		</gml:Definition>
	</gml:dictionaryEntry>
	 
	<gml:dictionaryEntry>
		<gml:Definition gml:id="id7563">
			<gml:description>32&quot; NPS;  .375&quot; WT</gml:description>
			<gml:identifier codeSpace="https://www.opengis.net/def/pipelineml/1.0/codelists/sleevebounddimension">7563</gml:identifier>
			<gml:name>32&quot; NPS;  .375&quot; WT</gml:name>
		</gml:Definition>
	</gml:dictionaryEntry>
	 
	<gml:dictionaryEntry>
		<gml:Definition gml:id="id7564">
			<gml:description>32&quot; NPS;  .5&quot; WT</gml:description>
			<gml:identifier codeSpace="https://www.opengis.net/def/pipelineml/1.0/codelists/sleevebounddimension">7564</gml:identifier>
			<gml:name>32&quot; NPS;  .5&quot; WT</gml:name>
		</gml:Definition>
	</gml:dictionaryEntry>
	 
	<gml:dictionaryEntry>
		<gml:Definition gml:id="id7565">
			<gml:description>34&quot; NPS;  .375&quot; WT</gml:description>
			<gml:identifier codeSpace="https://www.opengis.net/def/pipelineml/1.0/codelists/sleevebounddimension">7565</gml:identifier>
			<gml:name>34&quot; NPS;  .375&quot; WT</gml:name>
		</gml:Definition>
	</gml:dictionaryEntry>
	 
	<gml:dictionaryEntry>
		<gml:Definition gml:id="id7566">
			<gml:description>34&quot; NPS;  .5&quot; WT</gml:description>
			<gml:identifier codeSpace="https://www.opengis.net/def/pipelineml/1.0/codelists/sleevebounddimension">7566</gml:identifier>
			<gml:name>34&quot; NPS;  .5&quot; WT</gml:name>
		</gml:Definition>
	</gml:dictionaryEntry>
	 
	<gml:dictionaryEntry>
		<gml:Definition gml:id="id7567">
			<gml:description>36&quot; NPS;  .375&quot; WT</gml:description>
			<gml:identifier codeSpace="https://www.opengis.net/def/pipelineml/1.0/codelists/sleevebounddimension">7567</gml:identifier>
			<gml:name>36&quot; NPS;  .375&quot; WT</gml:name>
		</gml:Definition>
	</gml:dictionaryEntry>
	 
	<gml:dictionaryEntry>
		<gml:Definition gml:id="id7568">
			<gml:description>36&quot; NPS;  .5&quot; WT</gml:description>
			<gml:identifier codeSpace="https://www.opengis.net/def/pipelineml/1.0/codelists/sleevebounddimension">7568</gml:identifier>
			<gml:name>36&quot; NPS;  .5&quot; WT</gml:name>
		</gml:Definition>
	</gml:dictionaryEntry>
	 
	<gml:dictionaryEntry>
		<gml:Definition gml:id="id7569">
			<gml:description>38&quot; NPS;  .375&quot; WT</gml:description>
			<gml:identifier codeSpace="https://www.opengis.net/def/pipelineml/1.0/codelists/sleevebounddimension">7569</gml:identifier>
			<gml:name>38&quot; NPS;  .375&quot; WT</gml:name>
		</gml:Definition>
	</gml:dictionaryEntry>
	 
	<gml:dictionaryEntry>
		<gml:Definition gml:id="id7570">
			<gml:description>38&quot; NPS;  .5&quot; WT</gml:description>
			<gml:identifier codeSpace="https://www.opengis.net/def/pipelineml/1.0/codelists/sleevebounddimension">7570</gml:identifier>
			<gml:name>38&quot; NPS;  .5&quot; WT</gml:name>
		</gml:Definition>
	</gml:dictionaryEntry>
	 
	<gml:dictionaryEntry>
		<gml:Definition gml:id="id7571">
			<gml:description>40&quot; NPS;  .375&quot; WT</gml:description>
			<gml:identifier codeSpace="https://www.opengis.net/def/pipelineml/1.0/codelists/sleevebounddimension">7571</gml:identifier>
			<gml:name>40&quot; NPS;  .375&quot; WT</gml:name>
		</gml:Definition>
	</gml:dictionaryEntry>
	 
	<gml:dictionaryEntry>
		<gml:Definition gml:id="id7572">
			<gml:description>40&quot; NPS;  .5&quot; WT</gml:description>
			<gml:identifier codeSpace="https://www.opengis.net/def/pipelineml/1.0/codelists/sleevebounddimension">7572</gml:identifier>
			<gml:name>40&quot; NPS;  .5&quot; WT</gml:name>
		</gml:Definition>
	</gml:dictionaryEntry>
	 
	<gml:dictionaryEntry>
		<gml:Definition gml:id="id7573">
			<gml:description>42&quot; NPS;  .375&quot; WT</gml:description>
			<gml:identifier codeSpace="https://www.opengis.net/def/pipelineml/1.0/codelists/sleevebounddimension">7573</gml:identifier>
			<gml:name>42&quot; NPS;  .375&quot; WT</gml:name>
		</gml:Definition>
	</gml:dictionaryEntry>
	 
	<gml:dictionaryEntry>
		<gml:Definition gml:id="id7574">
			<gml:description>42&quot; NPS;  .5&quot; WT</gml:description>
			<gml:identifier codeSpace="https://www.opengis.net/def/pipelineml/1.0/codelists/sleevebounddimension">7574</gml:identifier>
			<gml:name>42&quot; NPS;  .5&quot; WT</gml:name>
		</gml:Definition>
	</gml:dictionaryEntry>
	 
	<gml:dictionaryEntry>
		<gml:Definition gml:id="id7575">
			<gml:description>44&quot; NPS;  .375&quot; WT</gml:description>
			<gml:identifier codeSpace="https://www.opengis.net/def/pipelineml/1.0/codelists/sleevebounddimension">7575</gml:identifier>
			<gml:name>44&quot; NPS;  .375&quot; WT</gml:name>
		</gml:Definition>
	</gml:dictionaryEntry>
	 
	<gml:dictionaryEntry>
		<gml:Definition gml:id="id7576">
			<gml:description>44&quot; NPS;  .5&quot; WT</gml:description>
			<gml:identifier codeSpace="https://www.opengis.net/def/pipelineml/1.0/codelists/sleevebounddimension">7576</gml:identifier>
			<gml:name>44&quot; NPS;  .5&quot; WT</gml:name>
		</gml:Definition>
	</gml:dictionaryEntry>
	 
	<gml:dictionaryEntry>
		<gml:Definition gml:id="id7577">
			<gml:description>46&quot; NPS;  .375&quot; WT</gml:description>
			<gml:identifier codeSpace="https://www.opengis.net/def/pipelineml/1.0/codelists/sleevebounddimension">7577</gml:identifier>
			<gml:name>46&quot; NPS;  .375&quot; WT</gml:name>
		</gml:Definition>
	</gml:dictionaryEntry>
	 
	<gml:dictionaryEntry>
		<gml:Definition gml:id="id7578">
			<gml:description>46&quot; NPS;  .5&quot; WT</gml:description>
			<gml:identifier codeSpace="https://www.opengis.net/def/pipelineml/1.0/codelists/sleevebounddimension">7578</gml:identifier>
			<gml:name>46&quot; NPS;  .5&quot; WT</gml:name>
		</gml:Definition>
	</gml:dictionaryEntry>
	 
	<gml:dictionaryEntry>
		<gml:Definition gml:id="id7579">
			<gml:description>48&quot; NPS;  .375&quot; WT</gml:description>
			<gml:identifier codeSpace="https://www.opengis.net/def/pipelineml/1.0/codelists/sleevebounddimension">7579</gml:identifier>
			<gml:name>48&quot; NPS;  .375&quot; WT</gml:name>
		</gml:Definition>
	</gml:dictionaryEntry>
	 
	<gml:dictionaryEntry>
		<gml:Definition gml:id="id7580">
			<gml:description>48&quot; NPS;  .5&quot; WT</gml:description>
			<gml:identifier codeSpace="https://www.opengis.net/def/pipelineml/1.0/codelists/sleevebounddimension">7580</gml:identifier>
			<gml:name>48&quot; NPS;  .5&quot; WT</gml:name>
		</gml:Definition>
	</gml:dictionaryEntry>
	 
</gml:Dictionary>

