<?xml version="1.0" encoding="UTF-8"?>
<!--

Codelist Metadata
_________________________________________________________________________________________
	Name: Valve Bound Specification
	Description: This is a reference code list (controlled vocabulary) used by PipelineML to constrain values used in data fields to industry vetted and accepted standards. This list defines the acceptable values pertaining to a set of bound values that collectively define the specifications of a valve component.
	Reference Code List Standard Version: 1.0
	Language: 
	Nationality: 
	Original Creation Date: Feb 14 2017  9:54AM
	Last Modification Date: Jun 13 2018  1:57PM
	Author: John Tisdale
	Version: 1.0.0
	Copyright: PipelineML is an OGC standard. Copyright (c) 2019 Open Geospatial Consortium. To obtain additional rights of use, visit http://www.opengeospatial.org/legal/.
 
-->
<gml:Dictionary
	xmlns:gml="http://www.opengis.net/gml/3.2"
	xmlns:xsi="http://www.w3.org/2001/XMLSchema-instance"
	xsi:schemaLocation="http://www.opengis.net/gml http://schemas.opengis.net/gml/3.2.1/dictionary.xsd"
	gml:id="valveBoundSpecification">
	<gml:identifier codeSpace="https://www.opengis.net/def/pipelineml/1.0/codelists">valveBoundSpecification</gml:identifier>
 
	<gml:dictionaryEntry>
		<gml:Definition gml:id="id0">
			<gml:description>No Data</gml:description>
			<gml:identifier codeSpace="https://www.opengis.net/def/pipelineml/1.0/codelists/valveboundspecification">0</gml:identifier>
			<gml:name>No Data</gml:name>
		</gml:Definition>
	</gml:dictionaryEntry>
	 
	<gml:dictionaryEntry>
		<gml:Definition gml:id="id8754">
			<gml:description>API 6D; 150#</gml:description>
			<gml:identifier codeSpace="https://www.opengis.net/def/pipelineml/1.0/codelists/valveboundspecification">8754</gml:identifier>
			<gml:name>API 6D; 150#</gml:name>
		</gml:Definition>
	</gml:dictionaryEntry>
	 
	<gml:dictionaryEntry>
		<gml:Definition gml:id="id8755">
			<gml:description>API 6D; 300#</gml:description>
			<gml:identifier codeSpace="https://www.opengis.net/def/pipelineml/1.0/codelists/valveboundspecification">8755</gml:identifier>
			<gml:name>API 6D; 300#</gml:name>
		</gml:Definition>
	</gml:dictionaryEntry>
	 
	<gml:dictionaryEntry>
		<gml:Definition gml:id="id8756">
			<gml:description>API 6D; 400#</gml:description>
			<gml:identifier codeSpace="https://www.opengis.net/def/pipelineml/1.0/codelists/valveboundspecification">8756</gml:identifier>
			<gml:name>API 6D; 400#</gml:name>
		</gml:Definition>
	</gml:dictionaryEntry>
	 
	<gml:dictionaryEntry>
		<gml:Definition gml:id="id8757">
			<gml:description>API 6D; 600#</gml:description>
			<gml:identifier codeSpace="https://www.opengis.net/def/pipelineml/1.0/codelists/valveboundspecification">8757</gml:identifier>
			<gml:name>API 6D; 600#</gml:name>
		</gml:Definition>
	</gml:dictionaryEntry>
	 
	<gml:dictionaryEntry>
		<gml:Definition gml:id="id8758">
			<gml:description>API 6D; 900#</gml:description>
			<gml:identifier codeSpace="https://www.opengis.net/def/pipelineml/1.0/codelists/valveboundspecification">8758</gml:identifier>
			<gml:name>API 6D; 900#</gml:name>
		</gml:Definition>
	</gml:dictionaryEntry>
	 
	<gml:dictionaryEntry>
		<gml:Definition gml:id="id8759">
			<gml:description>API 6D; 1500#</gml:description>
			<gml:identifier codeSpace="https://www.opengis.net/def/pipelineml/1.0/codelists/valveboundspecification">8759</gml:identifier>
			<gml:name>API 6D; 1500#</gml:name>
		</gml:Definition>
	</gml:dictionaryEntry>
	 
	<gml:dictionaryEntry>
		<gml:Definition gml:id="id8760">
			<gml:description>API 6D; 2500#</gml:description>
			<gml:identifier codeSpace="https://www.opengis.net/def/pipelineml/1.0/codelists/valveboundspecification">8760</gml:identifier>
			<gml:name>API 6D; 2500#</gml:name>
		</gml:Definition>
	</gml:dictionaryEntry>
	 
</gml:Dictionary>

