<?xml version="1.0" encoding="UTF-8"?>
<?valbuddy_schematron ../wmtsSimpleGetCapabilities.sch?>
<Capabilities xmlns="http://www.opengis.net/wmts/1.0" 
		xmlns:ows="http://www.opengis.net/ows/1.1" 
		xmlns:xlink="http://www.w3.org/1999/xlink" 
		xmlns:xsi="http://www.w3.org/2001/XMLSchema-instance" 
		xsi:schemaLocation="http://www.opengis.net/wmts/1.0 
					http://schemas.opengis.net/wmts/1.0/wmtsGetCapabilities_response.xsd" version="1.0.0">
	<ows:ServiceIdentification>
		<ows:Title>World example Web Map Tile Service</ows:Title>
		<ows:Abstract>Example service that contrains some world layers in the 
				urn:ogc:def:wkss:OGC:1.0:GlobalCRS84Pixel Well-known scale set</ows:Abstract>
		<ows:Keywords>
			<ows:Keyword>World</ows:Keyword>
			<ows:Keyword>Global</ows:Keyword>
			<ows:Keyword>Digital Elevation Model</ows:Keyword>
			<ows:Keyword>Administrative Boundaries</ows:Keyword>
		</ows:Keywords>
		<ows:ServiceType>OGC WMTS</ows:ServiceType>
		<ows:ServiceTypeVersion>1.0.0</ows:ServiceTypeVersion>
		<ows:Profile>http://www.opengis.net/spec/wmts-simple/1.0/conf/simple-profile</ows:Profile>
		<ows:Profile>http://www.opengis.net/spec/wmts-simple/1.0/conf/simple-profile/CRS84</ows:Profile>
		<ows:Fees>none</ows:Fees>
		<ows:AccessConstraints>none</ows:AccessConstraints>
	</ows:ServiceIdentification>
	<ows:ServiceProvider>
		<ows:ProviderName>UAB-CREAF-MiraMon</ows:ProviderName>
		<ows:ProviderSite xlink:href="http://www.creaf.uab.es/miramon"/>
		<ows:ServiceContact>
			<ows:IndividualName>Joan Maso Pau</ows:IndividualName>
			<ows:PositionName>Senior Software Engineer</ows:PositionName>
			<ows:ContactInfo>
				<ows:Phone>
					<ows:Voice>+34 93 581 1312</ows:Voice>
					<ows:Facsimile>+34 93 581 4151</ows:Facsimile>
				</ows:Phone>
				<ows:Address>
					<ows:DeliveryPoint>Fac Ciencies UAB</ows:DeliveryPoint>
					<ows:City>Bellaterra</ows:City>
					<ows:AdministrativeArea>Barcelona</ows:AdministrativeArea>
					<ows:PostalCode>08193</ows:PostalCode>
					<ows:Country>Spain</ows:Country>
					<ows:ElectronicMailAddress>joan.maso@uab.es</ows:ElectronicMailAddress>
				</ows:Address>
			</ows:ContactInfo>
		</ows:ServiceContact>
	</ows:ServiceProvider>
	<Contents>
		<Layer>
			<ows:Title>etopo2</ows:Title>
			<ows:Abstract>ETOPO2 - 2 minute Worldwide Bathymetry/Topography
			Data taken from National Geophysical Data Center(NGDC) CD-ROM, ETOPO2 
			Global 2' Elevations, September 2001.
			Author
			Dr. Peter W. Sloss (Peter.W.Sloss@noaa.gov),
			NOAA/NGDC
			Mail Code E/GC3, 325 Broadway, Boulder, CO USA 80305
			303-497-6119, fax 303-497-6513
			Major Sources of Data :
			  1. The seafloor data between latitudes 64— North and 72— South are
			     from the work of Smith and Sandwell (1997). 
			  2. Seafloor data southward of 72— South are from the US Naval
			     Oceanographic Office's (NAVOCEANO) Digital Bathymetric Data Base
			     Variable Resolution (DBDBV), version 4.1, gridded at 5 minute
			     spacing; 
			  3. Land topography is from the GLOBE Project, an internationally
			     designed, developed, and independently peer-reviewed global digital
			     elevation model (DEM), at a latitude-longitude grid spacing of 30
			     arc-seconds (30"). 
     
			     The data are cell-centered, with an array size of 10800 columns x
			     5400 rows; coverage is from 180— West to 179— 58' East and 90— North
			     to 89— 58' South. A data record for the South Pole is not in these
			     files -- assume 2810m as the elevation.
			</ows:Abstract>
			<ows:WGS84BoundingBox>
				<ows:LowerCorner>-180 -90</ows:LowerCorner>
				<ows:UpperCorner>180 90</ows:UpperCorner>
			</ows:WGS84BoundingBox>
			<ows:Identifier>etopo2</ows:Identifier>
			<ows:Metadata xlink:href="http://www.opengis.uab.es/SITiled/world/etopo2/metadata.htm"/>
			<Style isDefault="true">
				<ows:Title>default</ows:Title>
				<ows:Identifier/>
				<LegendURL format="image/png" xlink:href="http://www.opengis.uab.es/SITiled/world/etopo2/legend.png" />
			</Style>
			<Format>image/png</Format>
			<InfoFormat>application/gml+xml; version=3.1</InfoFormat>
			<TileMatrixSetLink>
				<TileMatrixSet>WorldWebMercatorQuad</TileMatrixSet>
			</TileMatrixSetLink>
			<TileMatrixSetLink>
				<TileMatrixSet>WorldCRS84Quad</TileMatrixSet>
			</TileMatrixSetLink>
			<ResourceURL format="image/png" resourceType="simpleProfileTile" template="http://www.opengis.uab.es/world-wmts-simple/etopo2/WorldSphericalMercatorQuad/{TileMatrix}/{TileCol}/{TileRow}.png"/>
			<ResourceURL format="image/png" resourceType="simpleProfileCRS84Tile" template="http://www.opengis.uab.es/world-wmts-simple/etopo2/WorldCRS84Quad/{TileMatrix}/{TileCol}/{TileRow}.png"/>
			<ResourceURL format="image/png" resourceType="tile" template="http://www.opengis.uab.es/world-wmts-simple/etopo2/{TileMatrixSet}/{TileMatrix}/{TileCol}/{TileRow}.png"/>
		</Layer>
		<Layer>
			<ows:Title>Administrative Boundaries</ows:Title>
			<ows:Abstract>The sub Country Administrative Units 1998 GeoDataset represents a 
			small-scale political map of the world. The data are generalized and were designed 
			for display at scales to about 1:10,000,000. The data were generalized from ESRI's 
			ArcWorld Supplement Map data. Country codes are from U.S. Federal Information 
			Processing Standards (FIPS) version 10-4. World sub Country Administrative Units 
			represent 2605 first level administrative units such as states and provinces with 
			14 descriptive fields.</ows:Abstract>
			<ows:WGS84BoundingBox>
				<ows:LowerCorner>-180 -90</ows:LowerCorner>
				<ows:UpperCorner>180 84</ows:UpperCorner>
			</ows:WGS84BoundingBox>
			<ows:Identifier>AdminBoundaries</ows:Identifier>
			<ows:Metadata xlink:href="http://www.opengis.uab.es/SITiled/world/AdminBoundaries/metadata.htm"/>
			<Style isDefault="true">
				<ows:Title>default</ows:Title>
				<ows:Identifier/>
			</Style>
			<Format>image/png</Format>
			<TileMatrixSetLink>
				<TileMatrixSet>WorldWebMercatorQuad</TileMatrixSet>
			</TileMatrixSetLink>
			<TileMatrixSetLink>				
				<TileMatrixSet>WorldCRS84Quad</TileMatrixSet>
			</TileMatrixSetLink>
			<ResourceURL format="image/png" resourceType="simpleProfileTile" template="http://www.opengis.uab.es/world-wmts-simple/AdminBoundaries/WorldSphericalMercatorQuad/{TileMatrix}/{TileCol}/{TileRow}.png"/>
			<ResourceURL format="image/png" resourceType="simpleProfileCRS84Tile" template="http://www.opengis.uab.es/world-wmts-simple/AdminBoundaries/WorldCRS84Quad/{TileMatrix}/{TileCol}/{TileRow}.png"/>
			<ResourceURL format="image/png" resourceType="tile" template="http://www.opengis.uab.es/world-wmts-simple/AdminBoundaries/{TileMatrixSet}/{TileMatrix}/{TileCol}/{TileRow}.png"/>
		</Layer>
		<TileMatrixSet>
			<ows:Title>Google Maps Compatible for the World</ows:Title>
			<ows:Identifier>WorldWebMercatorQuad</ows:Identifier>
			<ows:BoundingBox crs="urn:ogc:def:crs:EPSG::3857">
				<ows:LowerCorner>-20037508.3427892 -20037508.3427892</ows:LowerCorner>
				<ows:UpperCorner>20037508.3427892 20037508.3427892</ows:UpperCorner>
			</ows:BoundingBox>
			<ows:SupportedCRS>
             urn:ogc:def:crs:EPSG::3857
         </ows:SupportedCRS>
			<WellKnownScaleSet>urn:ogc:def:wkss:OGC:1.0:GoogleMapsCompatible</WellKnownScaleSet>
			<TileMatrix>
				<ows:Identifier>0</ows:Identifier>
				<ScaleDenominator>559082264.0287178</ScaleDenominator>
				<TopLeftCorner>-20037508.3427892 20037508.3427892</TopLeftCorner>
				<TileWidth>256</TileWidth>
				<TileHeight>256</TileHeight>
				<MatrixWidth>1</MatrixWidth>
				<MatrixHeight>1</MatrixHeight>
			</TileMatrix>
			<TileMatrix>
				<ows:Identifier>1</ows:Identifier>
				<ScaleDenominator>279541132.0143589</ScaleDenominator>
				<TopLeftCorner>-20037508.3427892 20037508.3427892</TopLeftCorner>
				<TileWidth>256</TileWidth>
				<TileHeight>256</TileHeight>
				<MatrixWidth>2</MatrixWidth>
				<MatrixHeight>2</MatrixHeight>
			</TileMatrix>
			<TileMatrix>
				<ows:Identifier>2</ows:Identifier>
				<ScaleDenominator>139770566.0071794</ScaleDenominator>
				<TopLeftCorner>-20037508.3427892 20037508.3427892</TopLeftCorner>
				<TileWidth>256</TileWidth>
				<TileHeight>256</TileHeight>
				<MatrixWidth>4</MatrixWidth>
				<MatrixHeight>4</MatrixHeight>
			</TileMatrix>
			<TileMatrix>
				<ows:Identifier>3</ows:Identifier>
				<ScaleDenominator>69885283.00358972</ScaleDenominator>
				<TopLeftCorner>-20037508.3427892 20037508.3427892</TopLeftCorner>
				<TileWidth>256</TileWidth>
				<TileHeight>256</TileHeight>
				<MatrixWidth>8</MatrixWidth>
				<MatrixHeight>8</MatrixHeight>
			</TileMatrix>
			<TileMatrix>
				<ows:Identifier>4</ows:Identifier>
				<ScaleDenominator>34942641.50179486</ScaleDenominator>
				<TopLeftCorner>-20037508.3427892 20037508.3427892</TopLeftCorner>
				<TileWidth>256</TileWidth>
				<TileHeight>256</TileHeight>
				<MatrixWidth>16</MatrixWidth>
				<MatrixHeight>16</MatrixHeight>
			</TileMatrix>
			<TileMatrix>
				<ows:Identifier>5</ows:Identifier>
				<ScaleDenominator>17471320.75089743</ScaleDenominator>
				<TopLeftCorner>-20037508.3427892 20037508.3427892</TopLeftCorner>
				<TileWidth>256</TileWidth>
				<TileHeight>256</TileHeight>
				<MatrixWidth>32</MatrixWidth>
				<MatrixHeight>32</MatrixHeight>
			</TileMatrix>
			<TileMatrix>
				<ows:Identifier>6</ows:Identifier>
				<ScaleDenominator>8735660.375448715</ScaleDenominator>
				<TopLeftCorner>-20037508.3427892 20037508.3427892</TopLeftCorner>
				<TileWidth>256</TileWidth>
				<TileHeight>256</TileHeight>
				<MatrixWidth>64</MatrixWidth>
				<MatrixHeight>64</MatrixHeight>
			</TileMatrix>
			<TileMatrix>
				<ows:Identifier>7</ows:Identifier>
				<ScaleDenominator>4367830.187724357</ScaleDenominator>
				<TopLeftCorner>-20037508.3427892 20037508.3427892</TopLeftCorner>
				<TileWidth>256</TileWidth>
				<TileHeight>256</TileHeight>
				<MatrixWidth>128</MatrixWidth>
				<MatrixHeight>128</MatrixHeight>
			</TileMatrix>
			<TileMatrix>
				<ows:Identifier>8</ows:Identifier>
				<ScaleDenominator>2183915.093862179</ScaleDenominator>
				<TopLeftCorner>-20037508.3427892 20037508.3427892</TopLeftCorner>
				<TileWidth>256</TileWidth>
				<TileHeight>256</TileHeight>
				<MatrixWidth>256</MatrixWidth>
				<MatrixHeight>256</MatrixHeight>
			</TileMatrix>
			<TileMatrix>
				<ows:Identifier>9</ows:Identifier>
				<ScaleDenominator>1091957.546931089</ScaleDenominator>
				<TopLeftCorner>-20037508.3427892 20037508.3427892</TopLeftCorner>
				<TileWidth>256</TileWidth>
				<TileHeight>256</TileHeight>
				<MatrixWidth>512</MatrixWidth>
				<MatrixHeight>512</MatrixHeight>
			</TileMatrix>
			<TileMatrix>
				<ows:Identifier>10</ows:Identifier>
				<ScaleDenominator>545978.7734655447</ScaleDenominator>
				<TopLeftCorner>-20037508.3427892 20037508.3427892</TopLeftCorner>
				<TileWidth>256</TileWidth>
				<TileHeight>256</TileHeight>
				<MatrixWidth>1024</MatrixWidth>
				<MatrixHeight>1024</MatrixHeight>
			</TileMatrix>
			<TileMatrix>
				<ows:Identifier>11</ows:Identifier>
				<ScaleDenominator>272989.3867327723</ScaleDenominator>
				<TopLeftCorner>-20037508.3427892 20037508.3427892</TopLeftCorner>
				<TileWidth>256</TileWidth>
				<TileHeight>256</TileHeight>
				<MatrixWidth>2048</MatrixWidth>
				<MatrixHeight>2048</MatrixHeight>
			</TileMatrix>
			<TileMatrix>
				<ows:Identifier>12</ows:Identifier>
				<ScaleDenominator>136494.6933663862</ScaleDenominator>
				<TopLeftCorner>-20037508.3427892 20037508.3427892</TopLeftCorner>
				<TileWidth>256</TileWidth>
				<TileHeight>256</TileHeight>
				<MatrixWidth>4096</MatrixWidth>
				<MatrixHeight>4096</MatrixHeight>
			</TileMatrix>
			<TileMatrix>
				<ows:Identifier>13</ows:Identifier>
				<ScaleDenominator>68247.34668319309</ScaleDenominator>
				<TopLeftCorner>-20037508.3427892 20037508.3427892</TopLeftCorner>
				<TileWidth>256</TileWidth>
				<TileHeight>256</TileHeight>
				<MatrixWidth>8192</MatrixWidth>
				<MatrixHeight>8192</MatrixHeight>
			</TileMatrix>
			<TileMatrix>
				<ows:Identifier>14</ows:Identifier>
				<ScaleDenominator>34123.67334159654</ScaleDenominator>
				<TopLeftCorner>-20037508.3427892 20037508.3427892</TopLeftCorner>
				<TileWidth>256</TileWidth>
				<TileHeight>256</TileHeight>
				<MatrixWidth>16384</MatrixWidth>
				<MatrixHeight>16384</MatrixHeight>
			</TileMatrix>
			<TileMatrix>
				<ows:Identifier>15</ows:Identifier>
				<ScaleDenominator>17061.83667079827</ScaleDenominator>
				<TopLeftCorner>-20037508.3427892 20037508.3427892</TopLeftCorner>
				<TileWidth>256</TileWidth>
				<TileHeight>256</TileHeight>
				<MatrixWidth>32768</MatrixWidth>
				<MatrixHeight>32768</MatrixHeight>
			</TileMatrix>
			<TileMatrix>
				<ows:Identifier>16</ows:Identifier>
				<ScaleDenominator>8530.918335399136</ScaleDenominator>
				<TopLeftCorner>-20037508.3427892 20037508.3427892</TopLeftCorner>
				<TileWidth>256</TileWidth>
				<TileHeight>256</TileHeight>
				<MatrixWidth>65536</MatrixWidth>
				<MatrixHeight>65536</MatrixHeight>
			</TileMatrix>
			<TileMatrix>
				<ows:Identifier>17</ows:Identifier>
				<ScaleDenominator>4265.459167699568</ScaleDenominator>
				<TopLeftCorner>-20037508.3427892 20037508.3427892</TopLeftCorner>
				<TileWidth>256</TileWidth>
				<TileHeight>256</TileHeight>
				<MatrixWidth>131072</MatrixWidth>
				<MatrixHeight>131072</MatrixHeight>
			</TileMatrix>
			<TileMatrix>
				<ows:Identifier>18</ows:Identifier>
				<ScaleDenominator>2132.729583849784</ScaleDenominator>
				<TopLeftCorner>-20037508.3427892 20037508.3427892</TopLeftCorner>
				<TileWidth>256</TileWidth>
				<TileHeight>256</TileHeight>
				<MatrixWidth>262144</MatrixWidth>
				<MatrixHeight>262144</MatrixHeight>
			</TileMatrix>
		</TileMatrixSet>
        <TileMatrixSet> 
         <ows:Title>CRS84 for the World</ows:Title>
         <ows:Identifier>WorldCRS84Quad</ows:Identifier>
         <ows:BoundingBox crs="urn:ogc:def:crs:OGC:1.3:CRS84">
            <ows:LowerCorner>-180 -90</ows:LowerCorner>
            <ows:UpperCorner>180 90</ows:UpperCorner>
         </ows:BoundingBox>
         <ows:SupportedCRS>
            urn:ogc:def:crs:OGC:1.3:CRS84
         </ows:SupportedCRS>
         <WellKnownScaleSet>urn:ogc:def:wkss:OGC:1.0:GoogleCRS84Quad</WellKnownScaleSet>
         <TileMatrix>
            <ows:Identifier>-1</ows:Identifier>
            <ScaleDenominator>559082264.0287178</ScaleDenominator>
            <TopLeftCorner>-180 90</TopLeftCorner>
            <TileWidth>256</TileWidth>
            <TileHeight>256</TileHeight>
            <MatrixWidth>1</MatrixWidth>
            <MatrixHeight>1</MatrixHeight>
         </TileMatrix>
         <TileMatrix>
            <ows:Identifier>0</ows:Identifier>
            <ScaleDenominator>279541132.0143589</ScaleDenominator>
            <TopLeftCorner>-180 90</TopLeftCorner>
            <TileWidth>256</TileWidth>
            <TileHeight>256</TileHeight>
            <MatrixWidth>2</MatrixWidth>
            <MatrixHeight>1</MatrixHeight>
         </TileMatrix>
         <TileMatrix>
            <ows:Identifier>1</ows:Identifier>
            <ScaleDenominator>139770566.0071794</ScaleDenominator>
            <TopLeftCorner>-180 90</TopLeftCorner>
            <TileWidth>256</TileWidth>
            <TileHeight>256</TileHeight>
            <MatrixWidth>4</MatrixWidth>
            <MatrixHeight>2</MatrixHeight>
         </TileMatrix>
         <TileMatrix>
            <ows:Identifier>2</ows:Identifier>
            <ScaleDenominator>69885283.00358972</ScaleDenominator>
            <TopLeftCorner>-180 90</TopLeftCorner>
            <TileWidth>256</TileWidth>
            <TileHeight>256</TileHeight>
            <MatrixWidth>8</MatrixWidth>
            <MatrixHeight>4</MatrixHeight>
         </TileMatrix>
         <TileMatrix>
            <ows:Identifier>3</ows:Identifier>
            <ScaleDenominator>34942641.50179486</ScaleDenominator>
            <TopLeftCorner>-180 90</TopLeftCorner>
            <TileWidth>256</TileWidth>
            <TileHeight>256</TileHeight>
            <MatrixWidth>16</MatrixWidth>
            <MatrixHeight>8</MatrixHeight>
         </TileMatrix>
         <TileMatrix>
            <ows:Identifier>4</ows:Identifier>
            <ScaleDenominator>17471320.75089743</ScaleDenominator>
            <TopLeftCorner>-180 90</TopLeftCorner>
            <TileWidth>256</TileWidth>
            <TileHeight>256</TileHeight>
            <MatrixWidth>32</MatrixWidth>
            <MatrixHeight>16</MatrixHeight>
         </TileMatrix>
         <TileMatrix>
            <ows:Identifier>5</ows:Identifier>
            <ScaleDenominator>8735660.375448715</ScaleDenominator>
            <TopLeftCorner>-180 90</TopLeftCorner>
            <TileWidth>256</TileWidth>
            <TileHeight>256</TileHeight>
            <MatrixWidth>64</MatrixWidth>
            <MatrixHeight>32</MatrixHeight>
         </TileMatrix>
         <TileMatrix>
            <ows:Identifier>6</ows:Identifier>
            <ScaleDenominator>4367830.187724357</ScaleDenominator>
            <TopLeftCorner>-180 90</TopLeftCorner>
            <TileWidth>256</TileWidth>
            <TileHeight>256</TileHeight>
            <MatrixWidth>128</MatrixWidth>
            <MatrixHeight>64</MatrixHeight>
         </TileMatrix>
         <TileMatrix>
            <ows:Identifier>7</ows:Identifier>
            <ScaleDenominator>2183915.093862179</ScaleDenominator>
            <TopLeftCorner>-180 90</TopLeftCorner>
            <TileWidth>256</TileWidth>
            <TileHeight>256</TileHeight>
            <MatrixWidth>256</MatrixWidth>
            <MatrixHeight>128</MatrixHeight>
         </TileMatrix>
         <TileMatrix>
            <ows:Identifier>8</ows:Identifier>
            <ScaleDenominator>1091957.546931089</ScaleDenominator>
            <TopLeftCorner>-180 90</TopLeftCorner>
            <TileWidth>256</TileWidth>
            <TileHeight>256</TileHeight>
            <MatrixWidth>512</MatrixWidth>
            <MatrixHeight>256</MatrixHeight>
         </TileMatrix>
         <TileMatrix>
            <ows:Identifier>9</ows:Identifier>
            <ScaleDenominator>545978.7734655447</ScaleDenominator>
            <TopLeftCorner>-180 90</TopLeftCorner>
            <TileWidth>256</TileWidth>
            <TileHeight>256</TileHeight>
            <MatrixWidth>1024</MatrixWidth>
            <MatrixHeight>512</MatrixHeight>
         </TileMatrix>
         <TileMatrix>
            <ows:Identifier>10</ows:Identifier>
            <ScaleDenominator>272989.3867327723</ScaleDenominator>
            <TopLeftCorner>-180 90</TopLeftCorner>
            <TileWidth>256</TileWidth>
            <TileHeight>256</TileHeight>
            <MatrixWidth>2048</MatrixWidth>
            <MatrixHeight>1024</MatrixHeight>
         </TileMatrix>
         <TileMatrix>
            <ows:Identifier>11</ows:Identifier>
            <ScaleDenominator>136494.6933663862</ScaleDenominator>
            <TopLeftCorner>-180 90</TopLeftCorner>
            <TileWidth>256</TileWidth>
            <TileHeight>256</TileHeight>
            <MatrixWidth>4096</MatrixWidth>
            <MatrixHeight>2048</MatrixHeight>
         </TileMatrix>
         <TileMatrix>
            <ows:Identifier>12</ows:Identifier>
            <ScaleDenominator>68247.34668319309</ScaleDenominator>
            <TopLeftCorner>-180 90</TopLeftCorner>
            <TileWidth>256</TileWidth>
            <TileHeight>256</TileHeight>
            <MatrixWidth>8192</MatrixWidth>
            <MatrixHeight>4096</MatrixHeight>
         </TileMatrix>
         <TileMatrix>
            <ows:Identifier>13</ows:Identifier>
            <ScaleDenominator>34123.67334159654</ScaleDenominator>
            <TopLeftCorner>-180 90</TopLeftCorner>
            <TileWidth>256</TileWidth>
            <TileHeight>256</TileHeight>
            <MatrixWidth>16384</MatrixWidth>
            <MatrixHeight>8192</MatrixHeight>
         </TileMatrix>
         <TileMatrix>
            <ows:Identifier>14</ows:Identifier>
            <ScaleDenominator>17061.83667079827</ScaleDenominator>
            <TopLeftCorner>-180 90</TopLeftCorner>
            <TileWidth>256</TileWidth>
            <TileHeight>256</TileHeight>
            <MatrixWidth>32768</MatrixWidth>
            <MatrixHeight>16384</MatrixHeight>
         </TileMatrix>
         <TileMatrix>
            <ows:Identifier>15</ows:Identifier>
            <ScaleDenominator>8530.918335399136</ScaleDenominator>
            <TopLeftCorner>-180 90</TopLeftCorner>
            <TileWidth>256</TileWidth>
            <TileHeight>256</TileHeight>
            <MatrixWidth>65536</MatrixWidth>
            <MatrixHeight>32768</MatrixHeight>
         </TileMatrix>
         <TileMatrix>
            <ows:Identifier>16</ows:Identifier>
            <ScaleDenominator>4265.459167699568</ScaleDenominator>
            <TopLeftCorner>-180 90</TopLeftCorner>
            <TileWidth>256</TileWidth>
            <TileHeight>256</TileHeight>
            <MatrixWidth>131072</MatrixWidth>
            <MatrixHeight>65536</MatrixHeight>
         </TileMatrix>
         <TileMatrix>
            <ows:Identifier>17</ows:Identifier>
            <ScaleDenominator>2132.729583849784</ScaleDenominator>
            <TopLeftCorner>-180 90</TopLeftCorner>
            <TileWidth>256</TileWidth>
            <TileHeight>256</TileHeight>
            <MatrixWidth>262144</MatrixWidth>
            <MatrixHeight>131072</MatrixHeight>
         </TileMatrix>
         <TileMatrix>
            <ows:Identifier>18</ows:Identifier>
            <ScaleDenominator>1066.364791924892</ScaleDenominator>
            <TopLeftCorner>-180 90</TopLeftCorner>
            <TileWidth>256</TileWidth>
            <TileHeight>256</TileHeight>
            <MatrixWidth>524288</MatrixWidth>
            <MatrixHeight>262144</MatrixHeight>
         </TileMatrix>
      </TileMatrixSet>
	</Contents>
	<Themes>
		<Theme>
			<ows:Title>Foundation</ows:Title>
			<ows:Abstract>World reference data</ows:Abstract>
			<ows:Identifier>Foundation</ows:Identifier>
			<Theme>
				<ows:Title>Digital Elevation Model</ows:Title>
				<ows:Identifier>DEM</ows:Identifier>
				<LayerRef>etopo2</LayerRef>
			</Theme>
			<Theme>
				<ows:Title>Administrative Boundaries</ows:Title>
				<ows:Identifier>AdmBoundaries</ows:Identifier>
				<LayerRef>AdminBoundaries</LayerRef>
			</Theme>
		</Theme>
	</Themes>
	<ServiceMetadataURL xlink:href="http://www.opengis.uab.es/world-wmts-simple/1.0.0/WMTSCapabilities.xml"/>
</Capabilities>
