<?xml version="1.0" encoding="UTF-8"?>

<!-- Example of a general-grid coverage with metadata
     as defined in the OGC Coverage Implementation Schema 1.1.
     Last updated 2016-aug-11.
-->

<GeneralGridCoverage
    xmlns='http://www.opengis.net/cis/1.1/gml'
    xmlns:eop="http://www.opengis.net/eop/2.0"
    xmlns:om="http://www.opengis.net/om/2.0"
    xmlns:gml='http://www.opengis.net/gml/3.2'
    xmlns:swe='http://www.opengis.net/swe/2.0'
    xmlns:xsi='http://www.w3.org/2001/XMLSchema-instance'
    xsi:schemaLocation='http://www.opengis.net/cis/1.1/gml ../cisAll.xsd'
    gml:id="CIS_001">

    <DomainSet>
        <GeneralGrid srsName="http://www.opengis.net/def/crs/EPSG/8.5/4326"  axisLabels="Lat Long">
            <IndexAxis axisLabel="i" lowerBound="0" upperBound="2"/>
            <IndexAxis axisLabel="j" lowerBound="0" upperBound="2"/>
        </GeneralGrid>
    </DomainSet>

    <RangeSet>
        <DataBlock>
            <V>1</V> <V>2</V> <V>3</V>
            <V>4</V> <V>5</V> <V>6</V>
            <V>7</V> <V>8</V> <V>9</V>
        </DataBlock>
    </RangeSet>

    <RangeType>
        <swe:DataRecord>
            <swe:field name="singleBand">
                <swe:Quantity definition="http://www.opengis.net/def/dataType/OGC/0/unsignedInt">
                    <swe:uom code="10^0"/>
                </swe:Quantity>
            </swe:field>
        </swe:DataRecord>
    </RangeType>

    <Metadata>
        <eop:EarthObservation gml:id="eop_someEOCoverage1">
            <om:featureOfInterest>
                <eop:Footprint gml:id="footprint_someEOCoverage1">
                    <eop:multiExtentOf>
                        <gml:MultiSurface gml:id="multisurface_someEOCoverage1" srsName="http://www.opengis.net/def/crs/EPSG/8.5/4326">
                            <gml:surfaceMember>
                                <gml:Polygon gml:id="polygon_someEOCoverage1">
                                    <gml:exterior>
                                        <gml:LinearRing>
                                            <gml:posList>
                                                46.216558117161831 14.322575965570632
                                                46.152076035932481 14.889221273108005
                                                46.044474823463794 15.714163344615594
                                                46.216558117161831 14.322575965570632
                                           </gml:posList>
                                        </gml:LinearRing>
                                    </gml:exterior>
                                </gml:Polygon>
                            </gml:surfaceMember>
                        </gml:MultiSurface>
                    </eop:multiExtentOf>
                </eop:Footprint>
            </om:featureOfInterest>
        </eop:EarthObservation>
    </Metadata>

</GeneralGridCoverage>

