<?xml version="1.0" encoding="UTF-8"?>

<!-- Example of a 3-D general grid coverage with distorted spatial axes and an irregular height axis
     as defined in the OGC Coverage Implementation Schema 1.1.
     Last updated 2016-aug-11.
-->

<GeneralGridCoverage
    xmlns='http://www.opengis.net/cis/1.1/gml'
    xmlns:gml='http://www.opengis.net/gml/3.2'
    xmlns:swe='http://www.opengis.net/swe/2.0'
    xmlns:xsi='http://www.w3.org/2001/XMLSchema-instance'
    xsi:schemaLocation='http://www.opengis.net/cis/1.1/gml ../cisAll.xsd'
    gml:id="CIS_002">

    <DomainSet>
        <GeneralGrid srsName="http://www.opengis.net/def/crs/EPSG/0/4979" axisLabels="Lat Long h">
            <DisplacementAxisNest axisLabels="Lat Long" uomLabels="deg deg">
                <P><C>-90</C><C>0</C></P> <P><C>-87</C><C>1</C></P> <P><C>-82</C><C> 2</C></P>
                <P><C>-89</C><C>4</C></P> <P><C>-86</C><C>5</C></P> <P><C>-81</C><C> 6</C></P>
                <P><C>-88</C><C>8</C></P> <P><C>-85</C><C>9</C></P> <P><C>-80</C><C>10</C></P>

                <P><C>-90</C><C>0</C></P> <P><C>-87</C><C>1</C></P> <P><C>-82</C><C> 2</C></P>
                <P><C>-89</C><C>4</C></P> <P><C>-86</C><C>5</C></P> <P><C>-81</C><C> 6</C></P>
                <P><C>-88</C><C>8</C></P> <P><C>-85</C><C>9</C></P> <P><C>-80</C><C>10</C></P>

                <P><C>-90</C><C>0</C></P> <P><C>-87</C><C>1</C></P> <P><C>-82</C><C> 2</C></P>
                <P><C>-89</C><C>4</C></P> <P><C>-86</C><C>5</C></P> <P><C>-81</C><C> 6</C></P>
                <P><C>-88</C><C>8</C></P> <P><C>-85</C><C>9</C></P> <P><C>-80</C><C>10</C></P>
            </DisplacementAxisNest>
            <IrregularAxis axisLabel="h" uomLabel="m">
                <C> 10</C>
                <C> 50</C>
                <C>100</C>
            </IrregularAxis>
            <GridLimits srsName="http://www.opengis.net/def/crs/OGC/0/Index3D" axisLabels="i j k">
                <IndexAxis axisLabel="i" lowerBound="0" upperBound="2"/>
                <IndexAxis axisLabel="j" lowerBound="0" upperBound="2"/>
                <IndexAxis axisLabel="k" lowerBound="0" upperBound="2"/>
            </GridLimits>
        </GeneralGrid>
    </DomainSet>

    <RangeSet>
        <DataBlock>
               <V> 1</V> <V> 2</V> <V> 3</V>
               <V> 4</V> <V> 5</V> <V> 6</V>
               <V> 7</V> <V> 8</V> <V> 9</V>

               <V>10</V> <V>11</V> <V>12</V>
               <V>13</V> <V>14</V> <V>15</V>
               <V>16</V> <V>17</V> <V>18</V>

               <V>19</V> <V>20</V> <V>21</V>
               <V>22</V> <V>23</V> <V>24</V>
               <V>25</V> <V>26</V> <V>27</V>
        </DataBlock>
    </RangeSet>

    <RangeType>
        <swe:DataRecord>
            <swe:field name="singleBand">
                <swe:Quantity definition="http://www.opengis.net/def/dataType/OGC/0/unsignedInt">
                    <swe:uom code="W/cm2"/>
                </swe:Quantity>
            </swe:field>
        </swe:DataRecord>
    </RangeType>

</GeneralGridCoverage>

