<?xml version="1.0" encoding="UTF-8"?>

<!-- Example of a partitioned coverage
     as defined in the OGC Coverage Implementation Schema 1.1.
     Last updated 2016-aug-11.
-->

<GeneralGridCoverage
    xmlns='http://www.opengis.net/cis/1.1/gml'
    xmlns:gml='http://www.opengis.net/gml/3.2'
    xmlns:swe='http://www.opengis.net/swe/2.0'
    xmlns:xsi='http://www.w3.org/2001/XMLSchema-instance'
    xsi:schemaLocation='http://www.opengis.net/cis/1.1/gml ../cisAll.xsd'
    gml:id="CIS_001">

    <!-- partitionSet replaces domainSet; different coverage referencing mechanisms are shown. -->
    <PartitionSet>

        <!-- This sub-coverage is referenced by URL, so it can sit anywhere on the Internet;
             caveat: may or may not be accessible from a particular program evaluating CIS_001.
             Therefore, we better enumerate all axes to indicate the position of CIS_002 within CIS_001 -->
        <Partition>
            <Envelope srsName="http://www.opengis.net/def/crs/EPSG/0/4326" axisLabels="Lat Long d" srsDimension="3">
                <AxisExtent axisLabel="Lat"  uomLabel="deg" lowerBound="-80"    upperBound="-70"/>
                <AxisExtent axisLabel="Long" uomLabel="deg" lowerBound="0"      upperBound="10"/>
                <AxisExtent axisLabel="date" uomLabel="d"   lowerBound="100003" upperBound="100003"/>
            </Envelope>
            <CoverageRef>http://www.acme.com/CIS_002</CoverageRef>
        </Partition>

        <!-- this sub-coverage is referenced by coverage id, which works well within, e.g., a WCS offering where the coverage id is unique.
             Only the time axis is enumerated here (which CIS_003 does not know), Lat and Long are taken from the CIS_003 domain set;
             this efficient and convenient if the sub-coverage is "close by" and easily accessible. -->
        <Partition>
            <Envelope srsName="http://www.opengis.net/def/crs/EPSG/0/4326" axisLabels="Lat Long d" srsDimension="3">
                <AxisExtent axisLabel="Lat"  uomLabel="deg" lowerBound="-80"    upperBound="-70"/>
                <AxisExtent axisLabel="Long" uomLabel="deg" lowerBound="0"      upperBound="10"/>
                <AxisExtent axisLabel="date" uomLabel="d"   lowerBound="100004" upperBound="100004"/>
            </Envelope>
            <CoverageRef>CIS_003</CoverageRef>
        </Partition>

        <!-- in this partition, the sub-coverage is given by GetCoverage request;
             in the partitionEnvelope, all axes are enumerated because it is costly to determine them by retrieving the sub-coverage.-->
        <Partition>
            <Envelope srsName="http://www.opengis.net/def/crs/EPSG/0/4326" axisLabels="Lat Long d" srsDimension="3">
                <AxisExtent axisLabel="Lat"  uomLabel="deg" lowerBound="-80"    upperBound="-70"/>
                <AxisExtent axisLabel="Long" uomLabel="deg" lowerBound="0"      upperBound="10"/>
                <AxisExtent axisLabel="date" uomLabel="d"   lowerBound="100005" upperBound="100005"/>
            </Envelope>
            <CoverageRef>http://www.acme.com/wcs?SERVICE=WCS&amp;VERSION=2.0&amp;REQUEST=GetCoverage&amp;COVERAGEID=CIS_004</CoverageRef>
        </Partition>
    </PartitionSet>

    <RangeType>
        <swe:DataRecord>
            <swe:field name="singleBand">
                <swe:Quantity definition="http://www.opengis.net/def/dataType/OGC/0/unsignedInt">
                    <swe:uom code="10^0"/>
                </swe:Quantity>
            </swe:field>
        </swe:DataRecord>
    </RangeType>

</GeneralGridCoverage>

