{
	"type": "Feature",
	"id": "http://fedeo.esa.int/opensearch/request/?httpAccept=application/geo%2Bjson&parentIdentifier=EOP:ESA:OADS:LANDSAT.ETM.GTC&uid=LS07_RMPS_ETM_GTC_1P_20000107T111229_20000107T111258_003886_0205_0031_9261",
   "bbox" : [ -10.9168, 40.7871, -8.19013, 42.7186 ],
	"geometry": {
		"type": "Polygon",
		"coordinates": [
			[
				[
					-10.9168,
					42.7054
				],
				[
					-10.8605,
					40.7871
				],
				[
					-8.21391,
					40.7994
				],
				[
					-8.19013,
					42.7186
				],
				[
					-10.9168,
					42.7054
				]
			]
		]
	},
	"properties": {
		"status": "ARCHIVED",
		"parentIdentifier": "LANDSAT.ETM.GTC",
		"title": "LS07_RMPS_ETM_GTC_1P_20000107T111229_20000107T111258_003886_0205_0031_9261",
      "identifier": "LS07_RMPS_ETM_GTC_1P_20000107T111229_20000107T111258_003886_0205_0031_9261",
		"date": "2000-01-07T11:12:29Z/2000-01-07T11:12:58Z",
		"updated": "2017-04-11T11:21:45Z",
		"links": {
			"alternates": [
				{
					"href": "http://fedeo.esa.int/opensearch/request/?httpAccept=application/atom%2Bxml&parentIdentifier=EOP:ESA:OADS:LANDSAT.ETM.GTC&uid=LS07_RMPS_ETM_GTC_1P_20000107T111229_20000107T111258_003886_0205_0031_9261&recordSchema=server-choice",
					"type": "application/atom+xml",
					"title": "Atom format"
				},
				{
					"href": "http://fedeo.esa.int/opensearch/request/?httpAccept=application/gml%2Bxml&parentIdentifier=EOP:ESA:OADS:LANDSAT.ETM.GTC&uid=LS07_RMPS_ETM_GTC_1P_20000107T111229_20000107T111258_003886_0205_0031_9261&recordSchema=om10",
					"type": "application/gml+xml;profile=http://www.opengis.net/spec/EOMPOM/1.0",
					"title": "O&M metadata"
				},
				{
					"href": "http://fedeo.esa.int/opensearch/request/?httpAccept=application/gml%2Bxml&parentIdentifier=EOP:ESA:OADS:LANDSAT.ETM.GTC&uid=LS07_RMPS_ETM_GTC_1P_20000107T111229_20000107T111258_003886_0205_0031_9261&recordSchema=om",
					"type": "application/gml+xml;profile=http://www.opengis.net/spec/EOMPOM/1.1",
					"title": "O&M 1.1 metadata"
				},
				{
					"href": "http://fedeo.esa.int/opensearch/request/?httpAccept=application/rdf%2Bxml&parentIdentifier=EOP:ESA:OADS:LANDSAT.ETM.GTC&uid=LS07_RMPS_ETM_GTC_1P_20000107T111229_20000107T111258_003886_0205_0031_9261&recordSchema=server-choice",
					"type": "application/rdf+xml",
					"title": "RDF/XML format"
				},
				{
					"href": "http://fedeo.esa.int/opensearch/request/?httpAccept=application/ld%2Bjson&parentIdentifier=EOP:ESA:OADS:LANDSAT.ETM.GTC&uid=LS07_RMPS_ETM_GTC_1P_20000107T111229_20000107T111258_003886_0205_0031_9261&recordSchema=server-choice",
					"type": "application/ld+json",
					"title": "JSON-LD format"
				},
				{
					"href": "http://fedeo.esa.int/opensearch/request/?httpAccept=text/turtle&parentIdentifier=EOP:ESA:OADS:LANDSAT.ETM.GTC&uid=LS07_RMPS_ETM_GTC_1P_20000107T111229_20000107T111258_003886_0205_0031_9261&recordSchema=server-choice",
					"type": "text/turtle",
					"title": "Turtle format"
				}
			],
			"data": [
				{
					"href": "http://landsat-ds.eo.esa.int/products/LANDSAT_ETM/2000/01/07/LS07_RMPS_ETM_GTC_1P_20000107T111229_20000107T111258_003886_0205_0031_9261.ZIP",
					"type": "application/x-binary",
					"title": "Download"
				}
			],
			"previews": [
				{
					"href": "http://landsat-ds.eo.esa.int/metadata/LANDSAT_ETM/2000/01/07/LS07_RMPS_ETM_GTC_1P_20000107T111229_20000107T111258_003886_0205_0031_9261.BP.PNG",
					"type": "image/png",
					"title": "Quicklook"
				}
			],
			"up": [
				{
					"href": "http://fedeo.esa.int/opensearch/request/?httpAccept=application/atom%2Bxml&uid=LANDSAT.ETM.GTC&recordSchema=iso",
					"type": "application/atom+xml",
					"title": "Up"
				}
			]
		},
		"acquisitionInformation": [
			{
				"platform": {
                    "id": "http://gcmdservices.gsfc.nasa.gov/kms/concept/c7a09e9f-3c99-4b31-a521-313c379ba2b4",
					"platformShortName": "Landsat",
					"platformSerialIdentifier": "7"
				},
                "instrument": {
                    "id": "http://gcmdservices.gsfc.nasa.gov/kms/concept/4dbe7764-a2ea-4a19-b754-696c35ac3205",
					"instrumentShortName": "ETM",
                    "sensorType": "OPTICAL"
				},
				"acquisitionParameters": {
                    "operationalMode": "IM",
					"beginningDateTime": "2000-01-07T11:12:29Z",
					"endingDateTime": "2000-01-07T11:12:58Z",
					"orbitDirection": "DESCENDING",
					"orbitNumber": 3886,
					"acquisitionType": "NOMINAL",
					"acquisitionSubType": "DEFAULT",
					"wrsLongitudeGrid": "205",
					"wrsLatitudeGrid": "31"
				}
			}
		],
		"productInformation": {
			"productType": "ETM_GTC_1P",
			"size": 165773162,
			"availabilityTime": "2000-01-07T11:12:58Z",
			"referenceSystemIdentifier": "epsg:4326",
			"cloudCover": 0
		}
	}
}
