{
	"type": "Feature",
	"id": "http://fedeo.esa.int/opensearch/request/?parentIdentifier=SEA_GEC_1P&uid=SE1_OPER_SEA_GEC_1P_19780927T010430_19780927T010445_001316_0000_2267_9B4F",
	"bbox": [
		-2.69574,
		61.965195,
		0.135472,
		63.261372
	],
	"geometry": {
		"coordinates": [
			[
				[
					-2.682513,
					63.261372
				],
				[
					-2.69574,
					61.997604
				],
				[
					0.005087,
					61.965195
				],
				[
					0.135472,
					63.227173
				],
				[
					-2.682513,
					63.261372
				]
			]
		],
		"type": "Polygon"
	},
	"properties": {
		"status": "ARCHIVED",
		"parentIdentifier": "SEA_GEC_1P",
		"title": "SE1_OPER_SEA_GEC_1P_19780927T010430_19780927T010445_001316_0000_2267_9B4F",
             "identifier": "SE1_OPER_SEA_GEC_1P_19780927T010430_19780927T010445_001316_0000_2267_9B4F",
		"doi": "10.15489/mf87c2zjgo59",
		"date": "2016-07-02T18:13:41.34Z/2016-07-02T18:14:06.34Z",
		"updated": "2017-01-26T11:30:18Z",
		"links": {
			"data": [
				{
					"href": "http://tpm-ds.eo.esa.int/products/SEA_GEC_1P/1978/09/27/SE1_OPER_SEA_GEC_1P_19780927T010430_19780927T010445_001316_0000_2267_9B4F.ZIP",
					"type": "application/binary",
					"title": "Download"
				}
			],
			"previews": [
				{
					"href": "http://tpm-ds.eo.esa.int/metadata/SEA_GEC_1P/1978/09/27/SE1_OPER_SEA_GEC_1P_19780927T010430_19780927T010445_001316_0000_2267_9B4F.BI.PNG",
					"type": "image/png",
					"title": "Quicklook",
					"category": "QUICKLOOK",
					"expression": "sample",
					"conformsTo": "http://www.opengis.net.def/crs/EPSG/0/4326"
				}
			],
			"alternates": [
				{
					"href": "http://fedeo.esa.int/opensearch/request/?httpAccept=application/atom%2Bxml&parentIdentifier=SEA_GEC_1P&uid=SE1_OPER_SEA_GEC_1P_19780927T010430_19780927T010445_001316_0000_2267_9B4F",
					"type": "application/atom+xml",
					"title": "Atom format"
				}
			]
		},
		"acquisitionInformation": [
			{
				"platform": {
					"id": "http://gcmdservices.gsfc.nasa.gov/kms/concept/1bffe898-f4a2-458e-92c5-cd7c9c1cd5f0",
					"platformShortName": "Seasat",
					"platformSerialIdentifier": "1"
				},
				"instrument": {
					"id": "http://gcmdservices.gsfc.nasa.gov/kms/concept/a37282d4-322c-4dd0-8edc-36099b9b586c",
					"sensorType": "RADAR",
					"instrumentShortName": "SAR"
				},
				"acquisitionParameters": {
                	"operationalMode": "IM",
					"polarisationMode": "S",
					"polarisationChannels": "HH",
					"beginningDateTime": "1978-09-27T01:04:30Z",
					"endingDateTime": "1978-09-27T01:04:45Z",
					"acquisitionType": "NOMINAL",
					"acquisitionSubType": "DEFAULT",
					"orbitNumber": 1316,
					"orbitDirection": "DESCENDING",
					"antennaLookDirection": "RIGHT",
					"acquisitionAngles": {
						"minimumIncidenceAngle": 19.6,
						"maximumIncidenceAngle": 9.6,
						"incidenceAngleVariation": 9.6
					}
				}
			}
		],
		"productInformation": {
			"productType": "SEA_GEC_1P",
			"size": 255211520,
			"availabilityTime": "1978-09-27T01:04:45Z"
		}
	}
}
