<?xml version="1.0" encoding="UTF-8"?>
<!--=====================================================================
Example SOAP Request for DescribeSensor operation.
=======================================================================-->
<soap12:Envelope xmlns:soap12="http://www.w3.org/2003/05/soap-envelope" xsi:schemaLocation="http://www.w3.org/2003/05/soap-envelope http://www.w3.org/2003/05/soap-envelope/soap-envelope.xsd
http://www.opengis.net/sos/2.0 http://schemas.opengis.net/sos/2.0/sos.xsd" xmlns:sos="http://www.opengis.net/sos/2.0" xmlns:wsa="http://www.w3.org/2005/08/addressing" xmlns:swes="http://www.opengis.net/swes/2.0" xmlns:xlink="http://www.w3.org/1999/xlink" xmlns:xsi="http://www.w3.org/2001/XMLSchema-instance">
	<soap12:Header>
		<wsa:To>http://mySOSURL</wsa:To>
		<wsa:Action>http://www.opengis.net/swes/2.0/DescribeSensor</wsa:Action>
		<wsa:ReplyTo>
			<wsa:Address>http://www.w3.org/2005/08/addressing/anonymous</wsa:Address>
		</wsa:ReplyTo>
		<wsa:MessageID>http://my.client.com/uid/msg-0010</wsa:MessageID>
	</soap12:Header>
	<soap12:Body>
		<swes:DescribeSensor service="SOS" version="2.0.0">
			<swes:procedure>http://www.my_namespace.org/sensors/Water_Gage_1</swes:procedure>
			<swes:procedureDescriptionFormat>http://www.opengis.net/sensorML/1.0.1</swes:procedureDescriptionFormat>
		</swes:DescribeSensor>
	</soap12:Body>
</soap12:Envelope>
