<?xml version="1.0" encoding="UTF-8"?>
<wcst:UpdateCoverage
    xmlns:wcst="http://www.opengis.net/wcs_service-extension_transaction/2.1" 
    xmlns:wcs="http://www.opengis.net/wcs/2.1/gml"
    xmlns:gml="http://www.opengis.net/gml/3.2"
    xmlns:xsi="http://www.w3.org/2001/XMLSchema-instance"
    xsi:schemaLocation="http://www.opengis.net/wcs_service-extension_transaction/2.1 http://schemas.opengis.net/wcs/transaction/2.1/wcsTransaction.xsd"
    service="WCS" version="2.1.0">
    <wcst:coverageId>CoverageToBeUpdated</wcst:coverageId>
    <wcst:inputCoverageRef>
        http://www.acme.com/update.gml
    </wcst:inputCoverageRef>
    <wcst:rangeComponent>
        <wcst:inputRangeComponent>
            red
        </wcst:inputRangeComponent>
        <wcst:updatedRangeComponent>
            band1
        </wcst:updatedRangeComponent>
    </wcst:rangeComponent>
    <wcst:maskRef>
        http://www.acme.com/mask.gml
    </wcst:maskRef>
</wcst:UpdateCoverage>
