{
	"type": "FeatureCollection",
	"id": "http://fedeo.esa.int/opensearch/request?maximumRecords=1&httpAccept=application/geo%2Bjson&organisationName=VITO",
	"totalResults": 56,
	"startIndex": 1,
	"itemsPerPage": 1,
	"queries": {
		"request": [
			{
				"eo:organisationName": "VITO",
				"count": 1,
				"sru:recordSchema": "server-choice"
			}
		]
	},
	"properties": {
		"title": "FEDEO Clearinghouse - Search Response",
		"authors": [
			{
				"type": "Agent",
				"name": "FEDEO Clearinghouse",
				"email": "eohelp@eo.esa.int"
			}
		],
		"updated": "2017-12-21T09:20:42Z",
		"lang": "en",
		"rights": "Copyright 2016-2017, European Space Agency",
		"links": {
			"profiles": [
				{
					"href": "http://www.opengis.net/spec/owc-geojson/1.0/req/core"
				}
			],
			"first": [
				{
					"href": "http://fedeo.esa.int/opensearch/request?maximumRecords=1&httpAccept=application/geo%2Bjson&organisationName=VITO&startRecord=1&status=56,0",
					"type": "application/geo+json",
					"title": "first results"
				}
			],
			"next": [
				{
					"href": "http://fedeo.esa.int/opensearch/request?maximumRecords=1&httpAccept=application/geo%2Bjson&organisationName=VITO&startRecord=2&status=56,0",
					"type": "application/geo+json",
					"title": "next results"
				}
			],
			"last": [
				{
					"href": "http://fedeo.esa.int/opensearch/request?maximumRecords=1&httpAccept=application/geo%2Bjson&organisationName=VITO&startRecord=56&status=56,0",
					"type": "application/geo+json",
					"title": "last results"
				}
			],
			"search": [
				{
					"href": "http://fedeo.esa.int/opensearch/description.xml",
					"type": "application/opensearchdescription+xml",
					"title": "search"
				}
			]
		}
	},
	"features": [
		{
			"type": "Feature",
			"id": "http://fedeo.esa.int/opensearch/request/?httpAccept=application/geo%2Bjson&parentIdentifier=EOP%3AESA%3AFEDEO%3ACOLLECTIONS&uid=EOP%3AVITO%3APROBAV_S10-TOC_333M_V001",
			"geometry": {
				"type": "Polygon",
				"coordinates": [
					[
						[
							-180,
							-56
						],
						[
							180,
							-56
						],
						[
							180,
							75
						],
						[
							-180,
							75
						],
						[
							-180,
							-56
						]
					]
				]
			},
			"properties": {
				"title": "PROBA-V S10 TOC 300 m: Decadal synthesis of S1's as Maximum Value Compositing (MVC)",
				"identifier": "EOP:VITO:PROBAV_S10-TOC_333M_V001",
				"abstract": "Level 3 data products are variables mapped on uniform space-time grid scales and are the result of combining multiple scenes (e.g. S1/S10) to cover the user's region of interest.",
				"date": "2013-10-16T00:00:00Z/2018-12-31T00:00:00Z",
				"updated": "2013-10-16T00:00:00Z",
				"links": {
					"alternates": [
						{
							"href": "http://fedeo.esa.int/opensearch/request/?httpAccept=application/vnd.iso.19139-2%2Bxml&parentIdentifier=EOP%3AESA%3AFEDEO%3ACOLLECTIONS&uid=EOP%3AVITO%3APROBAV_S10-TOC_333M_V001&recordSchema=iso19139-2",
							"type": "application/vnd.iso.19139-2+xml",
							"title": "ISO 19139-2 metadata"
						}
					],
					"search": [
						{
							"href": "http://fedeo.esa.int/opensearch/description.xml?parentIdentifier=EOP:VITO:PROBAV_S10-TOC_333M_V001&startDate=2013-10-16T00:00:00&endDate=2018-12-31T00:00:00",
							"type": "application/opensearchdescription+xml"
						}
					]
				}
			},
			"exceptions": [
				{
					"type": "Exception",
					"exceptionCode": "http://www.opengis.net/ows/2.0#OptionNotSupported",
					"exceptionText": "Search by {eo:organisationName} is not supported by CMR endpoint.  Only FedEO results returned.",
					"locator": "{eo:organisationName} parameter"
				}
			]
		}
	]
}
