{
	"type": "ExceptionReport",
	"exceptions": [
		{
			"type": "Exception",
			"exceptionCode": "http://www.opengis.net/ows/2.0#InvalidParameterValue",
			"exceptionText": "Media type application//geo+json is not supported for collection RSAT2_NRT",
			"locator": "httpAccept parameter"
		},
     {
			"type": "Exception",
			"exceptionCode": "http://www.opengis.net/ows/2.0#InvalidParameterValue",
			"exceptionText": "{time:end} must be later than {time:start}.",
			"locator": "{time:end} parameter"
		}
	]
}
