{
	"type": "FeatureCollection",
	"id": "http://fedeo.esa.int/opensearch/request?maximumRecords=1&parentIdentifier=LANDSAT.ETM.GTC&startDate=2000-01-01T00:00:00Z&endDate=2000-01-31T00:00:00Z&cloudCover=10%5D&httpAccept=application/geo%2Bjson",
	"totalResults": 1329,
	"startIndex": 1,
	"itemsPerPage": 1,
	"queries": {
			"request": [
				{
					"eo:cloudCover": "10]",
					"eo:parentIdentifier": "LANDSAT.ETM.GTC",
					"count": 1,
					"time:end": "2000-01-31T00:00:00Z",
					"time:start": "2000-01-01T00:00:00Z"
				}
			]
	},
	"properties": {
		"title": "FEDEO Clearinghouse - Search Response",
		"creator": "FEDEO Clearinghouse",
      "authors": [
			{
				"type": "Agent",
				"name": "FEDEO Clearinghouse",
				"email": "eohelp@eo.esa.int"
			}
		],
		"updated": "2017-09-26T08:37:28Z",
		"lang": "en",
		"rights": "Copyright 2016-2017, European Space Agency",
		"links": {
			"profiles": [
				{
					"href": "http://www.opengis.net/spec/owc-geojson/1.0/req/core"
				},
            {
					"href": "http://www.opengis.net/spec/os-geojson/1.0/req/core"
				}

			],
			"first": [
				{
					"href": "http://fedeo.esa.int/opensearch/request?maximumRecords=1&parentIdentifier=LANDSAT.ETM.GTC&startDate=2000-01-01T00:00:00Z&endDate=2000-01-31T00:00:00Z&cloudCover=10%5D&httpAccept=application/geo%2Bjson&startRecord=1",
					"type": "application/geo+json",
					"title": "first results"
				}
			],
			"next": [
				{
					"href": "http://fedeo.esa.int/opensearch/request?maximumRecords=1&parentIdentifier=LANDSAT.ETM.GTC&startDate=2000-01-01T00:00:00Z&endDate=2000-01-31T00:00:00Z&cloudCover=10%5D&httpAccept=application/geo%2Bjson&startRecord=2",
					"type": "application/geo+json",
					"title": "next results"
				}
			],
			"last": [
				{
					"href": "http://fedeo.esa.int/opensearch/request?maximumRecords=1&parentIdentifier=LANDSAT.ETM.GTC&startDate=2000-01-01T00:00:00Z&endDate=2000-01-31T00:00:00Z&cloudCover=10%5D&httpAccept=application/geo%2Bjson&startRecord=1329",
					"type": "application/geo+json",
					"title": "last results"
				}
			],
			"search": [
				{
					"href": "http://fedeo.esa.int/opensearch/description.xml?parentIdentifier=LANDSAT.ETM.GTC",
					"type": "application/opensearchdescription+xml",
					"title": "search"
				}
			]
		}
	},
	"features": [
		{
			"type": "Feature",
			"id": "http://fedeo.esa.int/opensearch/request/?httpAccept=application/geo%2Bjson&parentIdentifier=LANDSAT.ETM.GTC&uid=LS07_RNSG_ETM_GTC_1P_20000120T121602_20000120T121631_004076_0216_0020_E2A4",
			"bbox": [
				-21.7987,
				56.2923,
				-17.901,
				58.3046
			],
			"geometry": {
				"type": "Polygon",
				"coordinates": [
					[
						[
							-21.7987,
							58.3046
						],
						[
							-21.7569,
							56.3248
						],
						[
							-18.063,
							56.2923
						],
						[
							-17.901,
							58.2695
						],
						[
							-21.7987,
							58.3046
						]
					]
				]
			},
			"properties": {
				"status": "ARCHIVED",
				"parentIdentifier": "LANDSAT.ETM.GTC",
				"title": "LS07_RNSG_ETM_GTC_1P_20000120T121602_20000120T121631_004076_0216_0020_E2A4",
           "identifier": "LS07_RNSG_ETM_GTC_1P_20000120T121602_20000120T121631_004076_0216_0020_E2A4",
				"date": "2000-01-20T12:16:02Z/2000-01-20T12:16:31Z",
				"updated": "2017-09-26T08:35:52Z",
				"links": {
					"alternates": [
						{
							"href": "http://fedeo.esa.int/opensearch/request/?httpAccept=application/atom%2Bxml&parentIdentifier=LANDSAT.ETM.GTC&uid=LS07_RNSG_ETM_GTC_1P_20000120T121602_20000120T121631_004076_0216_0020_E2A4&recordSchema=server-choice",
							"type": "application/atom+xml",
							"title": "Atom format"
						},
						{
							"href": "http://fedeo.esa.int/opensearch/request/?httpAccept=application/gml%2Bxml&parentIdentifier=LANDSAT.ETM.GTC&uid=LS07_RNSG_ETM_GTC_1P_20000120T121602_20000120T121631_004076_0216_0020_E2A4&recordSchema=om10",
							"type": "application/gml+xml;profile=http://www.opengis.net/spec/EOMPOM/1.0",
							"title": "O&M metadata"
						},
						{
							"href": "http://fedeo.esa.int/opensearch/request/?httpAccept=application/gml%2Bxml&parentIdentifier=LANDSAT.ETM.GTC&uid=LS07_RNSG_ETM_GTC_1P_20000120T121602_20000120T121631_004076_0216_0020_E2A4&recordSchema=om",
							"type": "application/gml+xml;profile=http://www.opengis.net/spec/EOMPOM/1.1",
							"title": "O&M 1.1 metadata"
						}
					],
					"data": [
						{
							"href": "http://landsat-ds.eo.esa.int/products/LANDSAT_ETM/2000/01/20/LS07_RNSG_ETM_GTC_1P_20000120T121602_20000120T121631_004076_0216_0020_E2A4.ZIP",
							"type": "application/x-binary",
							"title": "Download"
						}
					],
					"previews": [
						{
							"href": "http://landsat-ds.eo.esa.int/metadata/LANDSAT_ETM/2000/01/20/LS07_RNSG_ETM_GTC_1P_20000120T121602_20000120T121631_004076_0216_0020_E2A4.BP.PNG",
							"type": "image/png",
							"title": "Quicklook"
						}
					],
					"up": [
						{
							"href": "http://fedeo.esa.int/opensearch/request/?httpAccept=application/atom%2Bxml&uid=LANDSAT.ETM.GTC&recordSchema=iso",
							"type": "application/atom+xml",
							"title": "Up"
						}
					]
				},
				"acquisitionInformation": [
					{
						"platform": {
							"platformShortName": "Landsat",
							"platformSerialIdentifier": "7"
						},
						"instrument": {
							"instrumentShortName": "ETM",
							"sensorType": "OPTICAL"
						},
						"acquisitionParameters": {
                            "operationalMode": "IM",
							"beginningDateTime": "2000-01-20T12:16:02Z",
							"endingDateTime": "2000-01-20T12:16:31Z",
							"orbitDirection": "DESCENDING",
							"orbitNumber": 4076,
							"acquisitionType": "NOMINAL",
							"acquisitionSubType": "DEFAULT",
							"wrsLongitudeGrid": "216",
							"wrsLatitudeGrid": "20"
						}
					}
				],
				"productInformation": {
					"productType": "ETM_GTC_1P",
					"size": 217432323,
					"availabilityTime": "2000-01-20T12:16:31Z",
					"referenceSystemIdentifier": "epsg:4326",
					"processingMode": "NOMINAL",
					"cloudCover": 6,
					"qualityInformation": {
						"qualityDegradation": 0
					}
				}
			}
		}
	]
}
