{
	"$schema": "http://json-schema.org/draft-04/schema#",
	"title": "GeoJSON encoding of OpenSearch Response",
	"description": "Definition of document with OpenSearch Response in GeoJSON encoding.  Note that numbers in the instance should not be surrounded by double-quotes to validate against this schema. ",
	"$ref": "#/definitions/FeatureCollection",
	"definitions": {
		"Point": {
			"title": "Point",
			"type": "object",
			"properties": {
				"coordinates": {
					"title": "coordinates",
					"description": "One position (longitude, latitude)",
					"type": "array",
					"minItems": 2,
					"maxItems": 2,
					"items": {
						"type": "number"
					}
				},
				"type": {
					"type": "string",
					"enum": [
						"Point"
					]
				}
			},
			"required": [
				"coordinates",
				"type"
			],
			"additionalProperties": false
		},
		"MultiPoint": {
			"title": "point",
			"type": "object",
			"properties": {
				"coordinates": {
					"title": "coordinates",
					"description": "Array of positions",
					"type": "array",
					"minItems": 1,
					"items": 
						{
							"description": "One position",
							"type": "array",
							"minItems": 2,
							"maxItems": 2,
							"items": {
								"type": "number"
							}
						}
					,
					"additionalItems": false
				},
				"type": {
					"type": "string",
					"enum": [
						"MultiPoint"
					]
				}
			},
			"required": [
				"coordinates",
				"type"
			],
			"additionalProperties": false
		},
		"LineString": {
			"title": "LineString",
			"type": "object",
			"properties": {
				"coordinates": {
					"title": "coordinates",
					"description": "Array of positions",
					"type": "array",
					"minItems": 2,
					"items": {
						"description": "One position",
						"type": "array",
						"minItems": 2,
						"maxItems": 2,
						"items": {
							"type": "number"
						}
					}
				},
				"type": {
					"type": "string",
					"enum": [
						"LineString"
					]
				}
			},
			"required": [
				"coordinates",
				"type"
			],
			"additionalProperties": false
		},
		"MultiLineString": {
			"title": "MultiLineString",
			"type": "object",
			"properties": {
				"coordinates": {
					"title": "coordinates",
					"description": "Array of linestring",
					"type": "array",
					"minItems": 1,
					"items": {
						"description": "Linestring, i.e. array of positions",
						"type": "array",
						"minItems": 2,
						"items": {
							"description": "Position (longitude, lattitude)",
							"type": "array",
							"minItems": 2,
							"maxItems": 2,
							"items": {
								"type": "number"
							}
						}
					}
				},
				"type": {
					"type": "string",
					"enum": [
						"MultiLineString"
					]
				}
			},
			"required": [
				"coordinates",
				"type"
			],
			"additionalProperties": false
		},
		"Polygon": {
			"title": "Polygon",
			"type": "object",
			"properties": {
				"coordinates": {
					"title": "coordinates",
					"description": "Array of linestrings",
					"type": "array",
					"minItems": 1,
					"items": {
						"description": "Linear ring, i.e. linestring or array of positions",
						"type": "array",
						"minItems": 1,
						"items": {
							"description": "One position",
							"type": "array",
							"minItems": 2,
							"maxItems": 2,
							"items": {
								"type": "number"
							}
						}
					}
				},
				"type": {
					"type": "string",
					"enum": [
						"Polygon"
					]
				}
			},
			"required": [
				"coordinates",
				"type"
			],
			"additionalProperties": false
		},
		"MultiPolygon": {
			"title": "MultiPolygon",
			"type": "object",
			"properties": {
				"coordinates": {
					"title": "coordinates",
					"description": "Array of Polygons",
					"type": "array",
					"minItems": 1,
					"items": {
						"description": "Array of linestrings",
						"type": "array",
						"minItems": 1,
						"items": {
							"description": "Linear ring, i.e. linestring or array of positions",
							"type": "array",
							"items": {
								"description": "One position",
								"type": "array",
								"minItems": 2,
								"maxItems": 2,
								"items": {
									"type": "number"
								}
							}
						}
					}
				},
				"type": {
					"type": "string",
					"enum": [
						"MultiPolygon"
					]
				}
			},
			"required": [
				"coordinates",
				"type"
			],
			"additionalProperties": false
		},
		"Geometry": {
			"title": "Geometry",
			"type": "object",
			"oneOf": [
				{
					"$ref": "#/definitions/Point"
				},
				{
					"$ref": "#/definitions/MultiPoint"
				},
				{
					"$ref": "#/definitions/LineString"
				},
				{
					"$ref": "#/definitions/MultiLineString"
				},
				{
					"$ref": "#/definitions/Polygon"
				},
				{
					"$ref": "#/definitions/MultiPolygon"
				}
			]
		},
		"Links": {
			"title": "Links",
			"description": "OGC 14-055r2",
			"type": "object",
			"properties": {
				"type": {
					"type": "string",
					"enum": [
						"Links"
					]
				}
			},
			"patternProperties": {
				"^(profiles|alternates|via|related)$": {
					"description": "OGC 14-055r2",
					"type": "array",
					"minItems": 1,
					"items": {
						"$ref": "#/definitions/Link"
					}
				},
				"^(first|last|previous|next)$": {
					"type": "array",
					"minItems": 1,
					"items": {
						"$ref": "#/definitions/Link"
					}
				},
				"^(search|describedby)$": {
					"type": "array",
					"minItems": 1,
					"items": {
						"$ref": "#/definitions/Link"
					}
				}
			},
			"additionalProperties": {
				"type": "array",
				"minItems": 1,
				"items": {
					"$ref": "#/definitions/Link"
				}
			}
		},
		"Properties": {
			"title": "Properties",
			"type": "object",
			"allOf": [
				{
					"type": "object",
					"properties": {
						"lang": {
							"description": "OGC 14-055r2",
							"type": "string",
							"minLength": 2
						},
						"subtitle": {
							"description": "OGC 14-055r2",
							"type": "string"
						},
						"creator": {
							"description": "OGC 14-055r2",
							"type": "string"
						},
						"links": {
							"$ref": "#/definitions/Links"
						},
						"generator": {
							"$ref": "#/definitions/Agent"
						}
					},
					"required": [
						"lang",
						"links"
					]
				},
				{
					"$ref": "#/definitions/CommonProperties"
				}
			]
		},
		"Feature": {
			"description": "GeoJSON Feature",
			"type": "object",
			"properties": {
				"type": {
					"title": "type",
					"type": "string",
					"enum": [
						"Feature"
					]
				},
				"id": {
					"type": "string",
					"format": "uri"
				},
				"geometry": {
					"oneOf": [
						{
							"$ref": "#/definitions/Geometry"
						},
						{
							"type": "null"
						}
					]
				},
				"bbox": {
					"type": "array",
					"minItems": 4,
					"maxItems": 4,
					"items": {
						"type": "number"
					}
				},
				"properties": {
					"$ref": "#/definitions/Properties_"
				}
			},
			"required": [
				"type",
				"id",
				"properties"
			]
		},
		"Link": {
			"description": "OGC 14-055r2",
			"type": "object",
			"properties": {
				"href": {
					"type": "string",
					"format": "uri"
				},
				"type": {
					"description": "MIME type",
					"type": "string"
				},
				"title": {
					"type": "string"
				},
				"length": {
					"type": "integer",
					"minimum": 0,
					"exclusiveMinimum": true
				},
				"lang": {
					"description": "RFC-3066",
					"type": "string"
				}
			},
			"required": [
				"href"
			]
		},
		"FeatureCollection": {
			"description": "GeoJSON FeatureCollection",
			"type": "object",
			"allOf": [
				{
					"type": "object",
					"properties": {
						"@context": {
							"type": "string"
						},
						"type": {
							"description": "OGC 14-055r2",
							"type": "string",
							"enum": [
								"FeatureCollection"
							]
						},
						"id": {
							"description": "OGC 14-055r2",
							"type": "string",
							"format": "uri"
						},
						"bbox": {
							"type": "array"
						},
						"properties": {
							"$ref": "#/definitions/Properties"
						},
						"features": {
							"type": "array",
							"minItems": 0,
							"items": {
								"$ref": "#/definitions/Feature"
							}
						},
						"exceptions": {
							"type": "array",
							"minItems": 1,
							"items": {
								"$ref": "#/definitions/Exception"
							}
						}
					},
					"required": [
						"type",
						"id",
						"features"
					]
				},
				{
					"$ref": "#/definitions/ControlInformation"
				}
			]
		},
		"Offering": {
			"title": "Offering",
			"description": "Offering as defined in OGC 14-055r2",
			"type": "object",
			"properties": {
				"code": {
					"type": "string",
					"format": "uri"
				},
				"operations": {
					"type": "array",
					"items": {
						"type": "object"
					}
				},
				"contents": {
					"type": "array"
				},
				"styles": {
					"type": "array"
				}
			},
			"required": [
				"code"
			]
		},
		"Queries": {
			"description": "Object with queries grouped by \"role\".  See also http://www.opensearch.org/Specifications/OpenSearch/1.1#OpenSearch_Query_element",
			"type": "object",
			"properties": {
				"@context": {
					"type": "object"
				},
				"type": {
					"type": "string",
					"enum": [
						"Queries"
					]
				}
			},
			"patternProperties": {
				"^(request|example|correction|related|superset|subset)$": {
					"description": "OpenSearch predefined role values.",
					"type": "array",
					"minItems": 1,
					"items": {
						"$ref": "#/definitions/Query"
					}
				}
			},
			"additionalProperties": {
				"description": "Additional role values as per http://www.opensearch.org/Specifications/OpenSearch/1.1#Role_values.",
				"type": "array",
				"minItems": 1,
				"items": {
					"$ref": "#/definitions/Query"
				}
			}
		},
		"Query": {
			"description": "OpenSearch Query element as defined at http://www.opensearch.org/Specifications/OpenSearch/1.1#OpenSearch_Query_element.",
			"type": "object",
			"properties": {
				"type": {
					"type": "string",
					"enum": [
						"Query"
					]
				},
				"title": {
					"type": "string"
				},
				"totalResults": {
					"type": "integer",
					"minimum": 0
				},
				"searchTerms": {
					"type": "string"
				},
				"count": {
					"type": "integer",
					"minimum": 0
				},
				"startIndex": {
					"type": "integer",
					"minimum": 0
				},
				"startPage": {
					"type": "integer",
					"minimum": 0
				},
				"language": {
					"type": "string"
				},
				"inputEncoding": {
					"type": "string"
				},
				"outputEncoding": {
					"type": "string"
				}
			},
			"additionalProperties": {
				"title": "Search parameter",
				"description": "Remaining OpenSearch query parameters and their values.",
				"type": [
					"string",
					"number"
				]
			}
		},
		"ControlInformation": {
			"type": "object",
			"properties": {
				"totalResults": {
					"type": "integer",
					"minimum": 0
				},
				"startIndex": {
					"type": "integer",
					"minimum": 0
				},
				"itemsPerPage": {
					"type": "integer",
					"minimum": 0
				},
				"queries": {
					"$ref": "#/definitions/Queries"
				}
			},
			"required": [
				"totalResults",
				"startIndex",
				"itemsPerPage"
			]
		},
		"Agent": {
			"description": "RFC4287 §3.2 and OGC 14-055r2 §7.1.1.7, §7.1.8",
			"type": "object",
			"minProperties": 1,
			"properties": {
				"type": {
					"type": "string",
					"enum": [
						"Agent",
						"Person",
						"Organization"
					]
				},
				"name": {
					"type": "string"
				},
				"email": {
					"type": "string",
					"format": "email"
				},
				"uri": {
					"type": "string",
					"format": "uri"
				},
				"title": {
					"description": "OGC 14-055r2 §7.1.8",
					"type": "string"
				},
				"version": {
					"description": "OGC 14-055r2 §7.1.8",
					"type": "string"
				}
			}
		},
		"Category": {
			"description": "OGC 14-055r2 §7.1.1.15",
			"type": "object",
			"properties": {
				"type": {
					"type": "string",
					"enum": [
						"Category"
					]
				},
				"scheme": {
					"type": "string",
					"format": "uri"
				},
				"term": {
					"type": "string"
				},
				"label": {
					"type": "string"
				}
			},
			"required": [
				"term"
			],
			"additionalProperties": false
		},
		"Properties_": {
			"type": "object",
			"allOf": [
				{
					"type": "object",
					"properties": {
						"identifier": {
							"type": "string"
						},
						"kind": {
							"description": "dct:type",
							"type": "string",
							"format": "uri"
						},
						"abstract": {
							"description": "OGC 14-055r2",
							"type": "string"
						},
						"links": {
							"$ref": "#/definitions/Links"
						}
					},
					"required": [
						"identifier"
					]
				},
				{
					"$ref": "#/definitions/CommonProperties"
				}
			]
		},
		"CommonProperties": {
			"type": "object",
			"properties": {
				"type": {
					"type": "string",
					"enum": [
						"Properties"
					]
				},
				"title": {
					"description": "OGC 14-055r2",
					"type": "string"
				},
				"updated": {
					"description": "OGC 14-055r2",
					"type": "string",
					"format": "date-time"
				},
				"date": {
					"description": "OGC 14-055r2",
					"type": "string"
				},
				"publisher": {
					"description": "OGC 14-055r2",
					"type": "string"
				},
				"rights": {
					"description": "OGC 14-055r2",
					"type": "string"
				},
				"authors": {
					"description": "OGC 14-055r2",
					"type": "array",
					"minItems": 1,
					"items": {
						"$ref": "#/definitions/Agent"
					}
				},
				"categories": {
					"description": "OGC 14-055r2",
					"type": "array",
					"minItems": 1,
					"items": {
						"$ref": "#/definitions/Category"
					}
				}
			},
			"required": [
				"title",
				"updated"
			]
		},
		"Exception": {
			"description": "OGC 06-121r9",
			"type": "object",
			"properties": {
				"exceptionCode": {
					"description": "Represents ows:exceptionCode",
					"type": "string",
					"format": "uri"
				},
				"exceptionText": {
					"description": "Represents ows:exceptionText",
					"type": "string"
				},
				"locator": {
					"description": "Represents ows:locator.",
					"type": "string"
				}
			},
			"required": [
				"exceptionCode"
			],
			"additionalProperties": false
		},
		"ExceptionReport": {
			"description": "OGC 06-121r9",
			"type": "object",
			"properties": {
				"type": {
					"type": "string",
					"enum": [
						"ExceptionReport"
					]
				},
				"exceptions": {
					"type": "array",
					"items": {
						"$ref": "#/definitions/Exception"
					}
				}
			}
		}
	}
}