{
	"@context":
	{
		"TileMatrixType": "tms:TileMatrixType",
		"scaleDenominator":
		{
			"@id": "tms:scaleDenominator",
			"@type": "http://www.w3.org/2001/XMLSchema#double"
		},
		"topLeftCorner":
		{
			"@id": "tms:topLeftCorner",
			"@container": "@list",
			"@type": "http://www.w3.org/2001/XMLSchema#double"
		},
		"tileWidth": "tms:tileWidth",
		"tileHeight": "tms:tileHeight",
		"matrixWidth": "tms:matrixWidth",
		"matrixHeight": "tms:matrixHeight",
		"variableMatrixWidth":
		{
			"@id": "tms:variableMatrixWidth",
			"@container": "@list"
		}
	}
}