<?xml version="1.0" encoding="UTF-8"?>
<gmlcov:MultiSurfaceCoverage
    xmlns:xsi='http://www.w3.org/2001/XMLSchema-instance'
    xmlns:gml='http://www.opengis.net/gml/3.2'
    xmlns='http://www.opengis.net/gml/3.2'
    xmlns:swe='http://www.opengis.net/swe/2.0'
    xmlns:gmlcov='http://www.opengis.net/gmlcov/1.0'
    xmlns:gmlwcs='http://www.opengis.net/gmlcov/1.0'
    xsi:schemaLocation='http://www.opengis.net/swe/2.0 http://schemas.opengis.net/sweCommon/2.0/swe.xsd
                        http://www.opengis.net/gmlcov/1.0 http://schemas.opengis.net/gmlcov/1.0/gmlcovAll.xsd'
    gml:id="C0004">
    <gml:boundedBy>
        <gml:Envelope srsName="http://www.opengis.net/def/crs/EPSG/0/4979" axisLabels="Lat Long h" uomLabels="deg deg m" srsDimension="3">
            <gml:lowerCorner>1 1 1</gml:lowerCorner>
            <gml:upperCorner>10 10 2</gml:upperCorner>
        </gml:Envelope>
    </gml:boundedBy>
    <gml:domainSet>
        <gml:MultiSurface gml:id="ms0001_C0004" srsName="http://www.opengis.net/def/crs/EPSG/0/4979">
            <gml:surfaceMember>
                <gml:Polygon gml:id="po0001_C0004">
                    <gml:exterior>
                        <gml:LinearRing>
                            <gml:posList srsDimension="3">1 1 1 1 5 1 5 5 1 5 1 1 1 1 1</gml:posList>
                        </gml:LinearRing>
                    </gml:exterior>
                </gml:Polygon>
            </gml:surfaceMember>
            <gml:surfaceMember>
                <gml:Polygon gml:id="po0002_C0004">
                    <gml:exterior>
                        <gml:LinearRing>
                            <gml:posList srsDimension="3">10 1 2 5 1 1 5 5 1 10 5 2 10 1 2</gml:posList>
                        </gml:LinearRing>
                    </gml:exterior>
                </gml:Polygon>
            </gml:surfaceMember>
            <gml:surfaceMember>
                <gml:Polygon gml:id="po0003_C0004">
                    <gml:exterior>
                        <gml:LinearRing>
                            <gml:posList srsDimension="3">5 5 1 1 5 1 1 10 1 5 10 1 5 5 1</gml:posList>
                        </gml:LinearRing>
                    </gml:exterior>
                </gml:Polygon>
            </gml:surfaceMember>
            <gml:surfaceMember>
                <gml:Polygon gml:id="po0004_C0004">
                    <gml:exterior>
                        <gml:LinearRing>
                            <gml:posList srsDimension="3">10 5 2 5 5 1 5 10 1 10 10 2 10 5 2</gml:posList>
                        </gml:LinearRing>
                    </gml:exterior>
                </gml:Polygon>
            </gml:surfaceMember>
        </gml:MultiSurface>
    </gml:domainSet>
    <gml:rangeSet>
        <gml:DataBlock>
            <gml:rangeParameters></gml:rangeParameters>
            <gml:tupleList>23,25,35,21</gml:tupleList>
        </gml:DataBlock>
    </gml:rangeSet>
    <gmlcov:rangeType><swe:DataRecord>
        <swe:field name="SoilMoisture">
            <swe:Quantity>
                <swe:description>Moisture</swe:description>
                <swe:uom code="Cel"></swe:uom>
                <swe:constraint>
                    <swe:AllowedValues>
                        <swe:interval>0 1</swe:interval>
                    </swe:AllowedValues>
                </swe:constraint>
            </swe:Quantity>
        </swe:field>
      </swe:DataRecord>
    </gmlcov:rangeType>
</gmlcov:MultiSurfaceCoverage>
