<?xml version="1.0" encoding="UTF-8"?>
<wcs:GetCoverage
  xmlns:wcs="http://www.opengis.net/wcs/2.0"
  xmlns:wcscrs="http://www.opengis.net/wcs_service-extension_crs/1.0"
  xmlns:gml="http://www.opengis.net/gml/3.2"
  xmlns:xsi="http://www.w3.org/2001/XMLSchema-instance"
  xsi:schemaLocation="http://www.opengis.net/wcs/2.0 http://schemas.opengis.net/wcs/2.0/wcsAll.xsd
  http://www.opengis.net/wcs/wcs_service-extension_crs/crs/1.0 http://schemas.opengis.net/wcs/crs/1.0/wcsCrs.xsd"
  service="WCS"
  version="2.0.1">
  <wcs:Extension>
      <wcscrs:Crs>
          <wcscrs:subsettingCrs>http://www.opengis.net/def/crs/EPSG/0/4326</wcscrs:subsettingCrs>
          <wcscrs:outputCrs>http://www.opengis.net/def/crs/EPSG/0/4326</wcscrs:outputCrs>
      </wcscrs:Crs>
  </wcs:Extension>
  <wcs:CoverageId>C0001</wcs:CoverageId>
</wcs:GetCoverage>

