{
	"@context": ["http://localhost/json-ld/coverage-context.json", {"examples": "http://www.opengis.net/cis/1.1/examples/"}],
	"type": "CoverageByDomainAndRangeType",
	"id": "examples:CIS_15_2D",
	"envelope": {
		"@context": "http://localhost/json-ld/envelope-context.json",
		"type": "EnvelopeByAxisType",
		"id": "examples:CIS_EV_15_2D",
		"srsName": "http://www.opengis.net/def/crs/OGC/0/Index2D",
		"axisLabels": ["Lat", "Long"],
		"axis": [{
			"type": "AxisExtentType",
			"id": "examples:CIS_EV_LAT_15_2D",
			"axisLabel": "Lat",
			"lowerBound": -80,
			"upperBound": -70,
			"uomLabel": "deg"
		},{
			"type": "AxisExtentType",
			"id": "examples:CIS_EV_LONG_15_2D",
			"axisLabel": "Long",
			"lowerBound": 0,
			"upperBound": 10,
			"uomLabel": "deg"
		}]
	},
	"domainSet": {
		"@context": "http://localhost/json-ld/domainset-context.json",
		"type": "DomainSetType",
		"id": "examples:CIS_DS_15_2D",
		"generalGrid":{
			"type": "GeneralGridCoverageType",
			"id": "examples:CIS_DS_GG_15_2D",
			"srsName": "http://www.opengis.net/def/crs/EPSG/0/4326",
			"axisLabels": ["Lat", "Long"],
			"axis": [{
				"type": "RegularAxisType",
				"id": "examples:CIS_DS_GG_LAT_15_2D",
				"axisLabel": "Lat",
				"lowerBound": -80,
				"upperBound": -70,
				"uomLabel": "deg",
				"resolution": 5
			},{
				"type": "RegularAxisType",
				"id": "examples:CIS_DS_GG_LONG_15_2D",
				"axisLabel": "Long",
				"lowerBound": 0,
				"upperBound": 10,
				"uomLabel": "deg",
				"resolution": 5
			}],
			"gridLimits": {
				"type": "GridLimitsType",
				"id": "examples:CIS_DS_GG_GL_15_2D",
				"srsName": "http://www.opengis.net/def/crs/OGC/0/Index2D",
				"axisLabels": ["i", "j"],
				"axis": [{
					"type": "IndexAxisType",
					"id": "examples:CIS_DS_GG_GL_I_15_2D",
					"axisLabel": "i",
					"lowerBound": 0,
					"upperBound": 2
				},{
					"type": "IndexAxisType",
					"id": "examples:CIS_DS_GG_GL_J_15_2D",
					"axisLabel": "j",
					"lowerBound": 0,
					"upperBound": 2
				}]
			}
		}
	},
	"rangeSet": {
		"@context": "http://localhost/json-ld/rangeset-context.json",
		"type": "RangeSetType",
		"id": "examples:CIS_RS_15_2D",
		"dataBlock": {
			"id": "examples:CIS_RS_DB_15_2D",
			"type": "VDataBlockType",
			"values": [1,2,3,4,5,6,7,8,9]
		}
	},
	"rangeType": {
		"@context": "http://localhost/json-ld/rangetype-context.json",
		"type": "DataRecordType",
		"id": "examples:CIS_RT_15_2D",
		"field":[{
			"type": "QuantityType",
			"id": "examples:CIS_RT_F_15_2D",
			"definition": "ogcType:unsignedInt",
			"uom": {
				"type": "UnitReference",
				"id": "examples:CIS_RT_F_UOM_15_2D",
				"code": "10^0"
			}
		}]
	}
}
