{
	"@context": ["http://localhost/json-ld/coverage-context.json", {"examples": "http://www.opengis.net/cis/1.1/examples/"}],
	"type": "CoverageByDomainAndRangeType",
	"id": "examples:CIS_30_4D",
	"domainSet":{
		"@context": "http://localhost/json-ld/domainset-context.json",
		"type": "DomainSetType",
		"id": "examples:CIS_DS_30_4D",
		"generalGrid":{
			"type": "GeneralGridCoverageType",
			"id": "examples:CIS_DS_GG_30_4D",
			"srsName": "http://www.opengis.net/def/crs-compound?1=http://www.opengis.net/def/crs/EPSG/0/4979&amp;2=http://www.opengis.net/def/crs/OGC/0/AnsiDate",
			"axisLabels": ["Lat", "Long", "h", "date"],
			"axis": [{
				"type": "RegularAxisType",
				"id": "examples:CIS_DS_GG_LAT_30_4D",
				"axisLabel": "Lat",
				"lowerBound": -80,
				"upperBound": -70,
				"uomLabel": "deg",
				"resolution": 5
			},{
				"type": "RegularAxisType",
				"id": "examples:CIS_DS_GG_LONG_30_4D",
				"axisLabel": "Long",
				"lowerBound": 0,
				"upperBound": 10,
				"uomLabel": "deg",
				"resolution": 5
			},{
				"type": "IrregularAxisType",
				"id": "examples:CIS_DS_GG_H_30_4D",
				"axisLabel": "h",
				"uomLabel": "m",
				"coordinate": [0, 100]
			},{
				"type": "IrregularAxisType",
				"id": "examples:CIS_DS_GG_DATE_30_4D",
				"axisLabel": "date",
				"uomLabel": "d",
				"coordinate": ["2015-12-01", "2015-12-02"]
			}],
			"gridLimits": {
				"type": "GridLimitsType",
				"id": "examples:CIS_DS_GG_GL_30_4D",
				"srsName": "http://www.opengis.net/def/crs/OGC/0/Index4D",
				"axisLabels": ["i", "j", "k", "l"],
				"axis": [{
					"type": "IndexAxisType",
					"id": "examples:CIS_DS_GG_GL_I_30_4D",
					"axisLabel": "i",
					"lowerBound": 0,
					"upperBound": 2
				},{
					"type": "IndexAxisType",
					"id": "examples:CIS_DS_GG_GL_J_30_4D",
					"axisLabel": "j",
					"lowerBound": 0,
					"upperBound": 2
				},{
					"type": "IndexAxisType",
					"id": "examples:CIS_DS_GG_GL_K_30_4D",
					"axisLabel": "k",
					"lowerBound": 0,
					"upperBound": 1
				},{
					"type": "IndexAxisType",
					"id": "examples:CIS_DS_GG_GL_L_30_4D",
					"axisLabel": "l",
					"lowerBound": 0,
					"upperBound": 1
				}]
			}
		}
	},
	"rangeSet": {
		"@context": "http://localhost/json-ld/rangeset-context.json",
		"type": "RangeSetType",
		"id": "examples:CIS_RS_30_4D",
		"dataBlock": {
			"id": "examples:CIS_RS_DB_30_4D",
			"type": "VDataBlockType",
			"values": ["01","02","03","04","05","06","07","08","09", "01","02","03","04","05","06","07","08","09", "01","02","03","04","05","06","07","08","09", "01","02","03","04","05","06","07","08","09"]
		}
	},
	"rangeType": {
		"@context": "http://localhost/json-ld/rangetype-context.json",
		"type": "DataRecordType",
		"id": "examples:CIS_RT_30_4D",
		"field":[{
			"type": "QuantityType",
			"id": "examples:CIS_RT_F_30_4D",
			"definition": "ogcType:unsignedInt",
			"uom": {
				"type": "UnitReference",
				"id": "examples:CIS_RT_F_UOM__30_4D",
				"code": "10^0"
			}
		}]
	}
}
