{
	"@context": ["http://localhost/json-ld/coverage-context.json", {"examples": "http://www.opengis.net/cis/1.1/examples/"}],
	"type": "CoverageByDomainAndRangeType",
	"id": "examples:CIS_45_2D",
	"domainSet":{
		"@context": "http://localhost/json-ld/domainset-context.json",
		"type": "DomainSetType",
		"id": "examples:CIS_DS_45_2D",
		"generalGrid":{
			"type": "GeneralGridCoverageType",
			"id": "examples:CIS_DS_GG_45_2D",
			"srsName": "http://www.opengis.net/def/crs/EPSG/0/4979",
			"axisLabels": ["Lat", "Long", "h"],
			"displacement": {
				"type": "DisplacementAxisNestType",
				"id": "examples:CIS_DS_GG_D_45_2D",
				"axisLabels": ["Lat", "Long", "h"],
				"uomLabels": ["deg", "deg", "m"],
				"coordinates": [[90, 0, 0], [85, 0, 0], [80, 0, 0], [90, 5, 0], [85, 5, 1], [80, 5, 0], [90, 10, 0], [85, 10, 0], [80, 10, 0]]
			},
			"gridLimits": {
				"type": "GridLimitsType",
				"id": "examples:CIS_DS_GG_GL_45_2D",
				"srsName": "http://www.opengis.net/def/crs/OGC/0/Index1D",
				"axisLabels": ["i", "j"],
				"axis": [{
					"type": "IndexAxisType",
					"id": "examples:CIS_DS_GG_GL_I_45_2D",
					"axisLabel": "i",
					"lowerBound": 0,
					"upperBound": 2
				},{
					"type": "IndexAxisType",
					"id": "examples:CIS_DS_GG_GL_J_45_2D",
					"axisLabel": "j",
					"lowerBound": 0,
					"upperBound": 2
				}]
			}
		}
	},
	"rangeSet": {
		"@context": "http://localhost/json-ld/rangeset-context.json",
		"type": "RangeSetType",
		"id": "examples:CIS_RS_45_2D",
		"dataBlock": {
			"id": "examples:CIS_RS_DB_45_2D",
			"type": "VDataBlockType",
			"values": [1,2,3,4,5,6,7,8,9]
		}
	},
	"rangeType": {
		"@context": "http://localhost/json-ld/rangetype-context.json",
		"type": "DataRecordType",
		"id": "examples:CIS_RT_45_2D",
		"field":[{
			"type": "QuantityType",
			"id": "examples:CIS_RT_F_45_2D",
			"definition": "ogcType:unsignedInt",
			"name": "singleBand",
			"uom": {
				"type": "UnitReference",
				"id": "examples:CIS_RT_F_UOM_45_2D",
				"code": "W/cm2"
			}
		}]
	}
}
