{
	"@context": ["http://localhost/json-ld/coverage-context.json", {"examples": "http://www.opengis.net/cis/1.1/examples/"}],
	"type": "CoverageByDomainAndRangeType",
	"id": "examples:CIS_46",
	"domainSet":{
		"@context": "http://localhost/json-ld/domainset-context.json",
		"type": "DomainSetType",
		"id": "examples:CIS_DS_46",
		"generalGrid":{
			"type": "GeneralGridCoverageType",
			"id": "examples:CIS_DS_GG_46",
			"srsName": "http://www.opengis.net/def/crs/EPSG/0/4979",
			"axisLabels": ["Lat", "Long", "h"],
			"displacement": {
				"type": "DisplacementAxisNestType",
				"id": "examples:CIS_DS_GG_D_46",
				"axisLabels": ["Lat", "Long"],
				"uomLabels": ["deg", "deg"],
				"coordinates": [[-90, 0], [-87, 1], [-82, 2], [-89, 4], [-86, 5], [-81, 6], [-88, 8], [85, 9], [80, 10],
							[-90, 0], [-87, 1], [-82, 2], [-89, 4], [-86, 5], [-81, 6], [-88, 8], [85, 9], [80, 10],
							[-90, 0], [-87, 1], [-82, 2], [-89, 4], [-86, 5], [-81, 6], [-88, 8], [85, 9], [80, 10]]
			},
			"axis": [{
				"type": "IrregularAxisType",
				"id": "examples:CIS_DS_GG_H_46",
				"axisLabel": "h",
				"uomLabel": "m",
				"coordinate": [10, 50, 100]
			}],
			"gridLimits": {
				"type": "GridLimitsType",
				"id": "examples:CIS_DS_GG_GL_46",
				"srsName": "http://www.opengis.net/def/crs/OGC/0/Index1D",
				"axisLabels": ["i", "j", "k"],
				"axis": [{
					"type": "IndexAxisType",
					"id": "examples:CIS_DS_GG_GL_I_46",
					"axisLabel": "i",
					"lowerBound": 0,
					"upperBound": 2
				},{
					"type": "IndexAxisType",
					"id": "examples:CIS_DS_GG_GL_J_46",
					"axisLabel": "j",
					"lowerBound": 0,
					"upperBound": 2
				},{
					"type": "IndexAxisType",
					"id": "examples:CIS_DS_GG_GL_K_46",
					"axisLabel": "k",
					"lowerBound": 0,
					"upperBound": 2
				}]
			}
		}
	},
	"rangeSet": {
		"@context": "http://localhost/json-ld/rangeset-context.json",
		"type": "RangeSetType",
		"id": "examples:CIS_RS_46",
		"dataBlock": {
			"id": "examples:CIS_RS_DB_46",
			"type": "VDataBlockType",
			"values": [1,2,3,4,5,6,7,8,9]
		}
	},
	"rangeType": {
		"@context": "http://localhost/json-ld/rangetype-context.json",
		"type": "DataRecordType",
		"id": "examples:CIS_RT_46",
		"field":[{
			"type": "QuantityType",
			"id": "examples:CIS_RT_F_46",
			"definition": "ogcType:unsignedInt",
			"name": "singleBand",
			"uom": {
				"type": "UnitReference",
				"id": "examples:CIS_RT_F_UOM_46",
				"code": "W/cm2"
			}
		}]
	}
}
