{
	"@context": ["http://localhost/json-ld/coverage-context.json", {"examples": "http://www.opengis.net/cis/1.1/examples/"}],
	"type": "CoverageByPartitioningType",
	"id": "examples:CIS_55_1D",
	"partitionSet":{
		"@context": "http://localhost/json-ld/partitionset-context.json",
		"type": "PartitionSetType",
		"id": "examples:CIS_PS_55_1D",
		"partition":[{
			"type": "PartitionType",
			"id": "examples:CIS_P1_55_1D",
			"envelope":{
				"@context": "http://localhost/json-ld/envelope-context.json",
				"type": "EnvelopeByAxisType",
				"id": "examples:CIS_P1_E_55_1D",
				"srsName": "http://www.opengis.net/def/crs/OGC/0/AnsiDate",
				"axisLabels": ["date"],
				"axis": [{
					"type": "AxisExtentType",
					"id": "examples:CIS_P1_DATE_55_1D",
					"axisLabel": "date",
					"lowerBound": "2015-09-20",
					"upperBound": "2015-09-20",
					"uomLabel": "d"
				}]
			},
			"coverage": {
				"type": "CoverageByDomainAndRangeType",
				"id": "examples:CIS_002_55_1D",
				"domainSet":{
					"@context": "http://localhost/json-ld/domainset-context.json",
					"type": "DomainSetType",
					"id": "examples:CIS_002_DS_55_1D",
					"generalGrid":{
						"type": "GeneralGridCoverageType",
						"id": "examples:CIS_002_DS_GG_55_1D",
						"srsName": "http://www.opengis.net/def/crs/OGC/0/Index1D",
						"axisLabels": ["i"],
						"axis": [{
							"type": "IndexAxisType",
							"id": "examples:CIS_002_DS_GG_I_55_1D",
							"axisLabel": "i",
							"lowerBound": 0,
							"upperBound": 0
						}]
					}
				},
				"rangeSet": {
					"@context": "http://localhost/json-ld/rangeset-context.json",
					"type": "RangeSetType",
					"id": "examples:CIS_002_RS_55_1D",
					"dataBlock": {
						"id": "examples:CIS_002_RS_DB_55_1D",
						"type": "VDataBlockType",
						"values": [0]
					}
				},
				"rangeType": {
					"@context": "http://localhost/json-ld/rangetype-context.json",
					"type": "DataRecordType",
					"id": "examples:CIS_002_RT_55_1D",
					"field":[{
						"type": "QuantityType",
						"id": "examples:CIS_002_RT_F_55_1D",
						"name": "singleBand",
						"definition": "ogcType:unsignedInt",
						"uom": {
							"type": "UnitReference",
							"id": "examples:CIS_002_RT_F_UOM_55_1D",
							"code": "10^0"
						}
					}]
				}
			}
		},{
			"type": "PartitionType",
			"id": "examples:CIS_P2_55_1D",
			"envelope":{
				"type": "EnvelopeByAxisType",
				"id": "examples:CIS_P2_E_55_1D",
				"srsName": "http://www.opengis.net/def/crs/OGC/0/AnsiDate",
				"axisLabels": ["date"],
				"axis": [{
					"type": "AxisExtentType",
					"id": "examples:CIS_P2_DATE_55_1D",
					"axisLabel": "date",
					"lowerBound": "2015-09-21",
					"upperBound": "2015-09-21",
					"uomLabel": "d"
				}]
			},
			"coverage": {
				"type": "CoverageByDomainAndRangeType",
				"id": "examples:CIS_003_55_1D",
				"domainSet":{
					"@context": "http://localhost/json-ld/domainset-context.json",
					"type": "DomainSetType",
					"id": "examples:CIS_003_DS_55_1D",
					"generalGrid":{
						"type": "GeneralGridCoverageType",
						"id": "examples:CIS_003_DS_GG_55_1D",
						"srsName": "http://www.opengis.net/def/crs/OGC/0/Index1D",
						"axisLabels": ["i"],
						"axis": [{
							"type": "IndexAxisType",
							"id": "examples:CIS_003_DS_GG_I_55_1D",
							"axisLabel": "i",
							"lowerBound": 0,
							"upperBound": 0
						}]
					}
				},
				"rangeSet": {
					"@context": "http://localhost/json-ld/rangeset-context.json",
					"type": "RangeSetType",
					"id": "examples:CIS_003_RS_55_1D",
					"dataBlock": {
						"id": "examples:CIS_003_RS_DB_55_1D",
						"type": "VDataBlockType",
						"values": [1]
					}
				},
				"rangeType": {
					"@context": "http://localhost/json-ld/rangetype-context.json",
					"type": "DataRecordType",
					"id": "examples:CIS_003_RT_55_1D",
					"field":[{
						"type": "QuantityType",
						"id": "examples:CIS_003_RT_F_55_1D",
						"name": "singleBand",
						"definition": "ogcType:unsignedInt",
						"uom": {
							"type": "UnitReference",
							"id": "examples:CIS_003_RT_F_UOM_55_1D",
							"code": "10^0"
						}
					}]
				}
			}
		},{
			"type": "PartitionType",
			"id": "examples:CIS_P3_55_1D",
			"envelope":{
				"type": "EnvelopeByAxisType",
				"id": "examples:CIS_P3_E_55_1D",
				"srsName": "http://www.opengis.net/def/crs/OGC/0/AnsiDate",
				"axisLabels": ["date"],
				"axis": [{
					"type": "AxisExtentType",
					"id": "examples:CIS_PS_P1_DATE_55_1D",
					"axisLabel": "date",
					"lowerBound": "2015-09-22",
					"upperBound": "2015-09-22",
					"uomLabel": "d"
				}]
			},
			"coverage": {
				"type": "CoverageByDomainAndRangeType",
				"id": "examples:CIS_004_55_1D",
				"domainSet":{
					"@context": "http://localhost/json-ld/domainset-context.json",
					"type": "DomainSetType",
					"id": "examples:CIS_004_DS_55_1D",
					"generalGrid":{
						"type": "GeneralGridCoverageType",
						"id": "examples:CIS_004_DS_GG_55_1D",
						"srsName": "http://www.opengis.net/def/crs/OGC/0/Index1D",
						"axisLabels": ["i"],
						"axis": [{
							"type": "IndexAxisType",
							"id": "examples:CIS_004_DS_GG_I_55_1D",
							"axisLabel": "i",
							"lowerBound": 0,
							"upperBound": 0
						}]
					}
				},
				"rangeSet": {
					"@context": "http://localhost/json-ld/rangeset-context.json",
					"type": "RangeSetType",
					"id": "examples:CIS_004_RS_55_1D",
					"dataBlock": {
						"id": "examples:CIS_004_RS_DB_55_1D",
						"type": "VDataBlockType",
						"values": [2]
					}
				},
				"rangeType": {
					"@context": "http://localhost/json-ld/rangetype-context.json",
					"type": "DataRecordType",
					"id": "examples:CIS_004_RT_55_1D",
					"field":[{
						"type": "QuantityType",
						"id": "examples:CIS_004_RT_F_55_1D",
						"name": "singleBand",
						"definition": "ogcType:unsignedInt",
						"uom": {
							"type": "UnitReference",
							"id": "examples:CIS_004_RT_F_UOM_55_1D",
							"code": "10^0"
						}
					}]
				}
			}
		},{
			"type": "PartitionType",
			"id": "examples:CIS_P4_55_1D",
			"envelope":{
				"type": "EnvelopeByAxisType",
				"id": "examples:CIS_P4_E_55_1D",
				"srsName": "http://www.opengis.net/def/crs/OGC/0/AnsiDate",
				"axisLabels": ["date"],
				"axis": [{
					"type": "AxisExtentType",
					"id": "examples:CIS_P4_DATE_55_1D",
					"axisLabel": "date",
					"lowerBound": "2015-09-23",
					"upperBound": "2015-09-23",
					"uomLabel": "d"
				}]
			},
			"coverage": {
				"type": "CoverageByDomainAndRangeType",
				"id": "examples:CIS_005_55_1D",
				"domainSet":{
					"@context": "http://localhost/json-ld/domainset-context.json",
					"type": "DomainSetType",
					"id": "examples:CIS_005_DS_55_1D",
					"generalGrid":{
						"type": "GeneralGridCoverageType",
						"id": "examples:CIS_005_DS_GG_55_1D",
						"srsName": "http://www.opengis.net/def/crs/OGC/0/Index1D",
						"axisLabels": ["i"],
						"axis": [{
							"type": "IndexAxisType",
							"id": "examples:CIS_005_DS_GG_I_55_1D",
							"axisLabel": "i",
							"lowerBound": 0,
							"upperBound": 0
						}]
					}
				},
				"rangeSet": {
					"@context": "http://localhost/json-ld/rangeset-context.json",
					"type": "RangeSetType",
					"id": "examples:CIS_005_RS_55_1D",
					"dataBlock": {
						"id": "examples:CIS_005_RS_DB_55_1D",
						"type": "VDataBlockType",
						"values": [3]
					}
				},
				"rangeType": {
					"@context": "http://localhost/json-ld/rangetype-context.json",
					"type": "DataRecordType",
					"id": "examples:CIS_005_RT_55_1D",
					"field":[{
						"type": "QuantityType",
						"id": "examples:CIS_005_RT_F_55_1D",
						"name": "singleBand",
						"definition": "ogcType:unsignedInt",
						"uom": {
							"type": "UnitReference",
							"id": "examples:CIS_002_RT_F_UOM_55_1D",
							"code": "10^0"
						}
					}]
				}
			}
		}]
	},
	"rangeType": {
		"@context": "http://localhost/json-ld/rangetype-context.json",
		"type": "DataRecordType",
		"id": "examples:CIS_RT_55_1D",
		"field":[{
			"type": "QuantityType",
			"id": "examples:CIS_RT_F_55_1D",
			"definition": "ogcType:unsignedInt",
			"uom": {
				"type": "UnitReference",
				"id": "examples:CIS_RT_F_UOM__55_1D",
				"code": "10^0"
			}
		}]
	}
}
