<?xml version="1.0" encoding="UTF-8"?>
<wfs:ValueCollection timeStamp="2008-09-07T19:00:00" numberReturned="2"
   numberMatched="unknown" xmlns="http://www.someserver.example.com/myns"
   xmlns:myns="http://www.someserver.example.com/myns"
   xmlns:abc="http://www.someserver.example.com/abc"
   xmlns:wfs="http://www.opengis.net/wfs/2.0"
   xmlns:gml="http://www.opengis.net/gml/3.2"
   xmlns:xlink="http://www.w3.org/1999/xlink"
   xmlns:xsi="http://www.w3.org/2001/XMLSchema-instance"
   xsi:schemaLocation="http://www.opengis.net/wfs/2.0 http://schemas.opengis.net/wfs/2.0/wfs.xsd
                       http://www.someserver.example.com/myns ./myns.xsd
                       http://www.someserver.example.com/abc ./abc.xsd">
   <wfs:member>
      <myns:Person gml:id="p4456">
         <gml:identifier codeSpace="http://www.canadaSIN.com">424679374</gml:identifier>
         <myns:lastName>Smith</myns:lastName>
         <myns:firstName>Fred</myns:firstName>
         <myns:age>35</myns:age>
         <myns:sex>male</myns:sex>
         <myns:spouse xlink:href="#p4467"/>
         <myns:location xlink:href="#pt102"/>
         <myns:mailAddress>
            <myns:Address gml:id="a201">
               <myns:streetName>Main St.</myns:streetName>
               <myns:streetNumber>5</myns:streetNumber>
               <myns:city>SomeCity</myns:city>
               <myns:province>Someprovince</myns:province>
               <myns:postalCode>X1X 1X1</myns:postalCode>
               <myns:country>Canada</myns:country>
            </myns:Address>
         </myns:mailAddress>
         <myns:phone>416-123-4567</myns:phone>
         <myns:phone>416-890-1234</myns:phone>
      </myns:Person>
   </wfs:member>
   <wfs:additionalValues>
      <wfs:ValueCollection
         timeStamp="2008-09-07T19:00:00"
         numberReturned="2"
         numberMatched="2">
         <wfs:member>
            <myns:Person gml:id="p4467">
               <gml:identifier codeSpace="http://www.canadaSIN.com">424679360</gml:identifier>
               <myns:lastName>Smith</myns:lastName>
               <myns:firstName>Mary</myns:firstName>
               <myns:age>18</myns:age>
               <myns:sex>Female</myns:sex>
               <myns:spouse xlink:href="#p4456"/>
               <myns:location xlink:href="#p101"/>
               <myns:mailAddress xlink:href="#a201"/>
               <myns:phone>416-123-4567</myns:phone>
               <myns:phone>416-890-1234</myns:phone>
               <myns:livesIn xlink:href="#h32"/>
               <myns:isDriving xlink:href="r1432"/>
            </myns:Person>
         </wfs:member>
         <wfs:member>
            <myns:Car gml:id="r1432">
               <gml:identifier codeSpace="http://www.carserial.org">51465243</gml:identifier>
               <myns:model>Ford Pinto</myns:model>
               <myns:age>4</myns:age>
               <myns:colour>red</myns:colour>
               <myns:location>
                  <gml:Point gml:id="pt102">
                     <gml:pos>-59.603958 -52.106559</gml:pos>
                  </gml:Point>
               </myns:location>
            </myns:Car>
         </wfs:member>
      </wfs:ValueCollection>
   </wfs:additionalValues>
</wfs:ValueCollection>
