<?xml version="1.0" encoding="UTF-8"?>
<metoceanpolygon:GetPolygon xmlns:gml="http://www.opengis.net/gml/3.2"
 xmlns:xlink="http://www.w3.org/1999/xlink"
 xmlns:gsr="http://www.isotc211.org/2005/gsr"
 xmlns:gco="http://www.isotc211.org/2005/gco"
 xmlns:gts="http://www.isotc211.org/2005/gts"
 xmlns:gss="http://www.isotc211.org/2005/gss"
 xmlns:gmd="http://www.isotc211.org/2005/gmd"
 xmlns:wcs="http://www.opengis.net/wcs/2.1"
 xmlns:ows="http://www.opengis.net/ows/2.0"
 xmlns:sml="http://www.opengis.net/sensorml/2.0"
 xmlns:swe="http://www.opengis.net/swe/2.0"
 xmlns:gmlcov="http://www.opengis.net/gmlcov/1.0"
 xmlns:om="http://www.opengis.net/om/2.0"
 xmlns:sam="http://www.opengis.net/sampling/2.0"
 xmlns:sams="http://www.opengis.net/samplingSpatial/2.0"
 xmlns:cis="http://www.opengis.net/cis/1.1/gml"
 xmlns:ns0="http://www.opengis.net/wcs/2.0"
 xmlns:wcs20="http://www.opengis.net/wcs/2.0"
 xmlns:metocean="http://www.opengis.net/wcs/metoceanProfile/1.0"
 xmlns:metoceanpolygon="http://www.opengis.net/wcs/metoceanProfile_getPolygon/1.0"
 xmlns:gmlrgrid="http://www.opengis.net/gml/3.3/rgrid"
 xmlns:int="http://www.opengis.net/WCS_service-extension_interpolation/1.0"
 xmlns:rsub="http://www.opengis.net/wcs/range-subsetting/1.0"
 xmlns:scal="http://www.opengis.net/WCS_service-extension_scaling/1.0"
 xmlns:xsi="http://www.w3.org/2001/XMLSchema-instance"
 xsi:schemaLocation="http://www.opengis.net/wcs/metoceanProfile_getPolygon/1.0 http://schemas.opengis.net/wcs/metoceanProfile/1.0/wcsMetOceanGetPolygon.xsd"
 service="WCS" version="2.0.0">

    <wcs20:CoverageId>CoverageId0</wcs20:CoverageId>
    <rsub:RangeSubset>
        <rsub:RangeItem>
            <rsub:RangeComponent>Temperature</rsub:RangeComponent>
        </rsub:RangeItem>
        <rsub:RangeItem>
            <rsub:RangeComponent>Wind_Speed</rsub:RangeComponent>
        </rsub:RangeItem>
        <rsub:RangeItem>
            <rsub:RangeComponent>Wind_Direction</rsub:RangeComponent>
        </rsub:RangeItem>
    </rsub:RangeSubset>
    <metoceanpolygon:polygonDescription>
        <metoceanpolygon:PolygonDescription>
            <metoceanpolygon:polygonGeometry>
                <metoceanpolygon:PolygonRing gml:id="ID000">
                    <gml:Polygon gml:id="Model_Boundary-Geometry"
                        uomLabels="deg deg" axisLabels="lat Lon"
                        srsDimension="2"
                        srsName="http://www.opengis.net/def/crs/EPSG/0/4326">
                        <gml:exterior>
                            <gml:LinearRing>
                                <gml:posList> -90.0 -180.0 90.0 -180.0 90.0 180.0
                                    -90.0 180.0 -90.0 -180.0 </gml:posList>
                            </gml:LinearRing>
                        </gml:exterior>
                    </gml:Polygon>
                </metoceanpolygon:PolygonRing>
            </metoceanpolygon:polygonGeometry>
<!--            <metoceanpolygon:verticaTemporalDescription>
                <metoceanpolygon:VerticalTemporalDescription>
                    <metoceanpolygon:subsetByTrim>
                        <metoceanpolygon:SubsetByTrim>
                            <metoceanpolygon:dimensionTrim>
                                <metoceanpolygon:DimensionTrim uomLabel="hPA">
                                    <metoceanpolygon:dimension>Pressure</metoceanpolygon:dimension>
                                    <metoceanpolygon:trimLow>200.0</metoceanpolygon:trimLow>
                                    <metoceanpolygon:trimHigh>1000.0</metoceanpolygon:trimHigh>
                                </metoceanpolygon:DimensionTrim>
                            </metoceanpolygon:dimensionTrim>
                            <metoceanpolygon:dimensionTrim>
                                <metoceanpolygon:DimensionTrim uomLabel="ISO8601">
                                    <metoceanpolygon:dimension>Time</metoceanpolygon:dimension>
                                    <metoceanpolygon:trimLow>2017-05-14T00:00:00Z</metoceanpolygon:trimLow>
                                    <metoceanpolygon:trimHigh>2017-05-15T00:00:00Z</metoceanpolygon:trimHigh>
                                </metoceanpolygon:DimensionTrim>
                            </metoceanpolygon:dimensionTrim>
                        </metoceanpolygon:SubsetByTrim>
                    </metoceanpolygon:subsetByTrim>
                </metoceanpolygon:VerticalTemporalDescription>
            </metoceanpolygon:verticaTemporalDescription>-->
        </metoceanpolygon:PolygonDescription>
    </metoceanpolygon:polygonDescription>
</metoceanpolygon:GetPolygon>
