<?xml version="1.0" encoding="UTF-8"?>
<wcs21:CoverageDescriptions xmlns:gml="http://www.opengis.net/gml/3.2"
    xmlns:xlink="http://www.w3.org/1999/xlink" xmlns:ows="http://www.opengis.net/ows/2.0"
    xmlns:wcs21="http://www.opengis.net/wcs/2.1/gml" xmlns:swe="http://www.opengis.net/swe/2.0"
    xmlns:xsi="http://www.w3.org/2001/XMLSchema-instance" xmlns:om="http://www.opengis.net/om/2.0"
    xmlns:metocean="http://www.opengis.net/wcs/metoceanProfile/1.0"
    xmlns:sam="http://www.opengis.net/sampling/2.0"
    xmlns:sams="http://www.opengis.net/samplingSpatial/2.0"
    xmlns:cis11="http://www.opengis.net/cis/1.1/gml"
    xmlns:gmd="http://www.isotc211.org/2005/gmd"
    xmlns:metce="http://def.wmo.int/metce/2013"
    xmlns:wcs20="http://www.opengis.net/wcs/2.0"
    xsi:schemaLocation="http://www.opengis.net/wcs/2.1/gml http://schemas.opengis.net/wcs/2.1/gml/wcsAll.xsd http://www.opengis.net/wcs/metoceanProfile/1.0 http://schemas.opengis.net/wcs/metoceanProfile/1.0/wcsMetOceanProfileALL.xsd">
    <wcs21:CoverageDescription gml:id="UK">
        <gml:boundedBy>
            <gml:Envelope axisLabels="Lat Lon" srsDimension="2"
                srsName="http://www.opengis.net/def/crs/EPSG/0/4326" uomLabels="deg deg">
                <gml:lowerCorner>-90.0 0.0</gml:lowerCorner>
                <gml:upperCorner>90.0 360.0</gml:upperCorner>
            </gml:Envelope>
        </gml:boundedBy>
        <wcs20:CoverageId>UK_GLOBAL_2015-05-15T00.00.00Z_ISBL</wcs20:CoverageId>
        <cis11:Envelope srsName="http://www.opengis.net/def/crs/EPSG/0/4326" axisLabels="Lat Long" srsDimension="2">
            <cis11:AxisExtent axisLabel="Lat"  uomLabel="deg" lowerBound="1" upperBound="5"/>
            <cis11:AxisExtent axisLabel="Long" uomLabel="deg" lowerBound="1" upperBound="3"/>
        </cis11:Envelope>
        <cis11:Metadata>
<!--            <cis:Extension>-->
            <metocean:extensionProperty>
                <metocean:CoverageMetadata>
                    <metocean:nwpObservation>
                        <om:OM_Observation gml:id="pete">
                                <om:phenomenonTime>
                                </om:phenomenonTime>
                                <om:resultTime>
                                    <gml:TimeInstant gml:id="arrival_time_on_system">
                                        <gml:timePosition>2015-05-15T03:30:00Z</gml:timePosition>
                                    </gml:TimeInstant>
                                </om:resultTime>
                                <om:validTime>
                                    <gml:TimePeriod gml:id="Validity_TimePeriod">
                                        <gml:beginPosition>2015-05-15T00:00:00Z</gml:beginPosition>
                                        <gml:endPosition>2015-05-17T00:00:00Z</gml:endPosition>
                                    </gml:TimePeriod>
                                </om:validTime>
                            <om:procedure>
                                <metce:Process gml:id="pete2">
                                    <metce:context>
                                        <metocean:SimulationProcessMetadata gml:id="pete3">
                                            <metce:measureand>
                                                <ObservableProperty xmlns="http://def.wmo.int/opm/2013" gml:id="pete1">
                                                    <gml:description>Atmosphere</gml:description>
                                                </ObservableProperty>
                                            </metce:measureand>
                                            <metocean:processType
                                                xlink:href="http://metoffice.gov.uk/Unified_Model/Version/7.1"
                                                xlink:title="Model description"/>
                                            <metocean:discipline
                                                xlink:href="http://codes.wmo.int/grib2/codeflag/0.0/discipline"
                                                xlink:title="Meteorological Products"/>
                                            <metocean:typeOfData
                                                xlink:href="http://codes.wmo.int/grib2/codeflag/1.4/typeOfData"
                                                xlink:title="Forecast Products"/>
                                            <metocean:signifcanceOfReferenceTime
                                                xlink:href="http://codes.wmo.int/grib2/codeflag/1.2/significanceOfReferenceTime"
                                                xlink:title="Start of Forecast"/>
                                            <metocean:originatingCentre
                                                xlink:href="http://codes.wmo.int/grib2/codeflag/0/originatingCentre"
                                                xlink:title="Uk Met Office Exeter"/>
                                            <metocean:productionStatusOfData
                                                xlink:href="http://codes.wmo.int/grib2/codeflag/1.3/productionStatusOfData"
                                                xlink:title="Operational Products"/>
                                            <metocean:typeOfCalendarUsed
                                                xlink:href="http://codes.wmo.int/grib2/codeflag/1.6/typeOfCalendarUsed"
                                                xlink:title="Gregorian"/>
                                            <metocean:fixedSurfacetypesAndUnits
                                                xlink:href="http://codes.wmo.int/grib2/codeflag/4.5/100"
                                                xlink:title="Isobaric Surface"/>
                                        </metocean:SimulationProcessMetadata>
                                    </metce:context>
                                </metce:Process>
                            </om:procedure>
                            <om:parameter>
                                <om:NamedValue>
                                    <om:name xlink:href="http://codes.wmo.int/grib2/codeflag/1.2/significanceOfReferenceTime"
                                        xlink:title="Start of Forecast"/>
                                    <om:value xsi:type="gml:TimeInstantType" gml:id="referenceTime">
                                        <gml:timePosition>2015-05-15T03:30:00Z</gml:timePosition>
                                    </om:value>
                                </om:NamedValue>
                            </om:parameter>

                                <om:observedProperty
                                    xlink:href="http://codes.wmo.int/grib2/codeflag/0.0/_0"
                                    xlink:title="Meterological Products"/>
                                <om:featureOfInterest>
                                    <metocean:SimulationProcessDomain gml:id="NWP">
                                        <sam:type
                                            xlink:href="http://www.opengis.net/def/samplingFeatureType/OGC-OM/2.0/SF_SamplingSurface"/>
                                        <sam:sampledFeature
                                            xlink:href="http://ukmetoffice.gov.uk/NwpModel/UkGlobal/Version 6.1/Exeter"
                                            xlink:title="Model Used"/>
                                        <sams:shape>
                                            <metocean:Footprint
                                                gml:id="Model_Boundary-Geometry2">
                                                <metocean:horizontalDomain>
                                                    <gml:Polygon gml:id="Model_Boundary-Geometry" uomLabels="deg deg" axisLabels="lat Lon"
                                                        srsDimension="2" srsName="http://www.opengis.net/def/crs/EPSG/0/4326">
                                                        <gml:exterior>
                                                            <gml:LinearRing>
                                                                <gml:posList> -90.0 -180.0 90.0 -180.0 90.0 180.0
                                                                    -90.0 180.0 -90.0 -180.0 </gml:posList>
                                                            </gml:LinearRing>
                                                        </gml:exterior>
                                                    </gml:Polygon>
                                                </metocean:horizontalDomain>
                                            </metocean:Footprint>
                                        </sams:shape>
                                    </metocean:SimulationProcessDomain>
                                </om:featureOfInterest>
                                <om:resultQuality>
                                    <metocean:ResultMask>
                                        <gmd:result>
                                            <metocean:ParameterMask>
                                                <metocean:rangeComponent>Temperature/U_Comp/V_Comp/Dewpoint Temperature</metocean:rangeComponent>
                                                <metocean:timeHeightMask>
                                                    <metocean:TimeHeightMask gml:id="ID000">
                                                        <cis11:Envelope srsName="http://www.opengis.net/def/crs-compound?
                                                            1=http://http://www.opengis.net/def/crs/OGC/0/AnsiDate&amp;
                                                            2=http://www.codes.wmo.int/GRIB2/table4.5/IsobaricSurface"
                                                            axisLabels="Time pressure" srsDimension="2">
                                                            <cis11:AxisExtent axisLabel="Time" uomLabel="ISO8601" lowerBound="PT0H" upperBound="PT48H" />
                                                            <cis11:AxisExtent axisLabel="pressure"    uomLabel="hPa"   lowerBound="1000.0" upperBound="200.00" />
                                                        </cis11:Envelope>
                                                        <cis11:DomainSet>
                                                            <cis11:GeneralGrid  srsName="http://www.opengis.net/def/crs-compound?
                                                                1=http://http://www.opengis.net/def/crs/OGC/0/Time&amp;
                                                                2=http://www.codes.wmo.int/GRIB2/table4.5/IsobaricSurface"
                                                                axisLabels="Time pressure">
                                                                <cis11:IrregularAxis uomLabel="ISO8601" axisLabel="Time">
                                                                    <cis11:C>PT0H</cis11:C>
                                                                    <cis11:C>PT6H</cis11:C>
                                                                    <cis11:C>PT12H</cis11:C>
                                                                    <cis11:C>PT18H</cis11:C>
                                                                    <cis11:C>PT24H</cis11:C>
                                                                    <cis11:C>PT30H</cis11:C>
                                                                    <cis11:C>PT36H</cis11:C>
                                                                    <cis11:C>PT42H</cis11:C>
                                                                    <cis11:C>PT48H</cis11:C>
                                                                </cis11:IrregularAxis>

                                                                <cis11:IrregularAxis  uomLabel="hPa" axisLabel="pressure">
                                                                    <cis11:C>1000.0</cis11:C>
                                                                    <cis11:C>950.0</cis11:C>
                                                                    <cis11:C>850.0</cis11:C>
                                                                    <cis11:C>500.0</cis11:C>
                                                                    <cis11:C>300.0</cis11:C>
                                                                    <cis11:C>250.0</cis11:C>
                                                                    <cis11:C>200.0</cis11:C>
                                                                </cis11:IrregularAxis>

                                                                <cis11:GridLimits srsName="http://www.codes.wmo.int/def/crs/OGC/0/Index4D" axisLabels="k l" >
                                                                    <cis11:IndexAxis axisLabel="k" lowerBound="0" upperBound="8"/>
                                                                    <cis11:IndexAxis axisLabel="l" lowerBound="0" upperBound="6"/>
                                                                </cis11:GridLimits>
                                                            </cis11:GeneralGrid>
                                                        </cis11:DomainSet>
                                                        <cis11:RangeSet>
                                                       <cis11:DataBlock>
                                                                <!--    The mask is arranged such that the levels are listed in rows for each timestep
                                                                    Thus for timee PY0H the levels 300.0 and 250.0 are missing>-->
                                                           <cis11:V>1 1 1 1 0 0 1</cis11:V>
                                                           <cis11:V>1 0 1 0 1 1 1</cis11:V>
                                                           <cis11:V>1 1 0 1 0 1 0</cis11:V>
                                                           <cis11:V>1 0 1 0 1 1 0</cis11:V>
                                                           <cis11:V>1 0 0 1 1 1 1</cis11:V>
                                                           <cis11:V>1 0 1 0 0 1 0</cis11:V>
                                                           <cis11:V>1 0 0 1 1 1 0</cis11:V>
                                                           <cis11:V>1 0 1 1 0 0 1</cis11:V>
                                                           <cis11:V>1 1 0 1 0 1 1</cis11:V>
                                                       </cis11:DataBlock>
                                                        </cis11:RangeSet>
                                                        <cis11:RangeType>
                                                            <swe:DataRecord>
                                                                <swe:field name="datacompletenessomission">
                                                                    <swe:Boolean>
                                                                        <swe:quality>
                                                                            <swe:Quantity>
                                                                                <swe:uom/>
                                                                                <swe:constraint/>
                                                                                <swe:value>1.0</swe:value>
                                                                            </swe:Quantity>
                                                                        </swe:quality>
                                                                        <swe:nilValues>
                                                                            <swe:NilValues>
                                                                                <swe:nilValue reason="field missing"/>
                                                                            </swe:NilValues>
                                                                        </swe:nilValues>
                                                                        <swe:value>0</swe:value>
                                                                    </swe:Boolean>
                                                                </swe:field>
                                                            </swe:DataRecord>
                                                        </cis11:RangeType>
                                                    </metocean:TimeHeightMask>
                                                </metocean:timeHeightMask>
                                            </metocean:ParameterMask>
                                        </gmd:result>
                                    </metocean:ResultMask>
                                </om:resultQuality>
                                <om:resultQuality>
                                    <metocean:ResultMask>
                                        <gmd:result>
                                            <metocean:ParameterMask>
                                                <metocean:rangeComponent>Humidty</metocean:rangeComponent>
                                                <metocean:timeHeightMask>
                                                    <metocean:TimeHeightMask gml:id="ID013">
                                                        <cis11:Envelope srsName="http://www.opengis.net/def/crs-compound?
                                                            1=http://http://www.opengis.net/def/crs/OGC/0/AnsiDate&amp;
                                                            2=http://www.codes.wmo.int/GRIB2/table4.5/IsobaricSurface"
                                                            axisLabels="Time pressure" srsDimension="2">
                                                            <cis11:AxisExtent axisLabel="Time" uomLabel="ISO8601" lowerBound="PT0H" upperBound="PT48H"/>
                                                            <cis11:AxisExtent axisLabel="pressure" uomLabel="hPa" lowerBound="1000.0" upperBound="200.00"/>
                                                        </cis11:Envelope>
                                                        <cis11:DomainSet>
                                                            <cis11:GeneralGrid  srsName="http://www.opengis.net/def/crs-compound?
                                                                1=http://http://www.opengis.net/def/crs/OGC/0/Time&amp;
                                                                2=http://www.codes.wmo.int/GRIB2/table4.5/IsobaricSurface"
                                                                axisLabels="Time pressure">
                                                                <cis11:IrregularAxis uomLabel="ISO8601" axisLabel="Time">
                                                                    <cis11:C>PT0H</cis11:C>
                                                                    <cis11:C>PT6H</cis11:C>
                                                                    <cis11:C>PT12H</cis11:C>
                                                                    <cis11:C>PT18H</cis11:C>
                                                                    <cis11:C>PT24H</cis11:C>
                                                                    <cis11:C>PT30H</cis11:C>
                                                                    <cis11:C>PT36H</cis11:C>
                                                                    <cis11:C>PT42H</cis11:C>
                                                                    <cis11:C>PT48H</cis11:C>
                                                                </cis11:IrregularAxis>
                                                                <cis11:IrregularAxis  uomLabel="hPa" axisLabel="pressure">
                                                                    <cis11:C>1000.0</cis11:C>
                                                                    <cis11:C>950.0</cis11:C>
                                                                    <cis11:C>850.0</cis11:C>
                                                                    <cis11:C>500.0</cis11:C>
                                                                    <cis11:C>300.0</cis11:C>
                                                                    <cis11:C>250.0</cis11:C>
                                                                    <cis11:C>200.0</cis11:C>
                                                                </cis11:IrregularAxis>
                                                                <cis11:GridLimits srsName="http://www.codes.wmo.int/def/crs/OGC/0/Index4D" axisLabels="k l" >
                                                                    <cis11:IndexAxis axisLabel="k" lowerBound="0" upperBound="8"/>
                                                                    <cis11:IndexAxis axisLabel="l" lowerBound="0" upperBound="6"/>
                                                                </cis11:GridLimits>
                                                            </cis11:GeneralGrid>
                                                        </cis11:DomainSet>
                                                        <cis11:RangeSet>
                                                            <cis11:DataBlock>
                                                                <!--    The mask is arranged such that the levels are listed in rows for each timestep
                                                                    Thus for timee PY0H the levels 300.0 and 250.0 are missing>-->
                                                                <cis11:V>1 1 1 1 0 0 1</cis11:V>
                                                                <cis11:V>1 0 1 0 1 1 1</cis11:V>
                                                                <cis11:V>1 1 0 1 0 1 0</cis11:V>
                                                                <cis11:V>1 0 1 0 1 1 0</cis11:V>
                                                                <cis11:V>1 0 0 1 1 1 1</cis11:V>
                                                                <cis11:V>1 0 1 0 0 1 0</cis11:V>
                                                                <cis11:V>1 0 0 1 1 1 0</cis11:V>
                                                                <cis11:V>1 0 1 1 0 0 1</cis11:V>
                                                                <cis11:V>1 1 0 1 0 1 1</cis11:V>
                                                            </cis11:DataBlock>
                                                        </cis11:RangeSet>
                                                        <cis11:RangeType>
                                                            <swe:DataRecord>
                                                                <swe:field name="datacompletenessomission">
                                                                    <swe:Boolean>
                                                                        <swe:quality>
                                                                            <swe:Quantity>
                                                                                <swe:uom/>
                                                                                <swe:constraint/>
                                                                                <swe:value>1.0</swe:value>
                                                                            </swe:Quantity>
                                                                        </swe:quality>
                                                                        <swe:nilValues>
                                                                            <swe:NilValues>
                                                                                <swe:nilValue reason="field missing"/>
                                                                            </swe:NilValues>
                                                                        </swe:nilValues>
                                                                        <swe:value>0</swe:value>
                                                                    </swe:Boolean>
                                                                </swe:field>
                                                            </swe:DataRecord>
                                                        </cis11:RangeType>
                                                    </metocean:TimeHeightMask>
                                                </metocean:timeHeightMask>
                                            </metocean:ParameterMask>
                                        </gmd:result>
                                    </metocean:ResultMask>
                                </om:resultQuality>
                                <om:result/>
                        </om:OM_Observation>
                    </metocean:nwpObservation>
                </metocean:CoverageMetadata>
            </metocean:extensionProperty>
        </cis11:Metadata>
        <cis11:DomainSet>
            <cis11:GeneralGrid  srsName="http://www.opengis.net/def/crs-compound?
                1=http://www.opengis.net/def/crs/EPSG/0/4326&amp;
                2=http://http://www.opengis.net/def/crs/OGC/0/AnsiDate&amp;
                3=http://www.codes.wmo.int/GRIB2/table4.5/IsobaricSurface"
                axisLabels="Lat Lon Time pressure">
                <cis11:RegularAxis   axisLabel="Lat"  lowerBound="-90"        upperBound="90"     resolution="2.5" uomLabel="deg"/>
                <cis11:RegularAxis   axisLabel="Lon" lowerBound="-180"          upperBound="180" resolution="5" uomLabel="deg" />
                <cis11:IrregularAxis uomLabel="ISO8601" axisLabel="Time">
                    <cis11:C>PT0H</cis11:C>
                    <cis11:C>PT6H</cis11:C>
                    <cis11:C>PT12H</cis11:C>
                    <cis11:C>PT18H</cis11:C>
                    <cis11:C>PT24H</cis11:C>
                    <cis11:C>PT30H</cis11:C>
                    <cis11:C>PT36H</cis11:C>
                    <cis11:C>PT42H</cis11:C>
                    <cis11:C>PT48H</cis11:C>
                </cis11:IrregularAxis>
                <cis11:IrregularAxis  uomLabel="hPa" axisLabel="pressure">
                    <cis11:C>1000.0</cis11:C>
                    <cis11:C>950.0</cis11:C>
                    <cis11:C>850.0</cis11:C>
                    <cis11:C>500.0</cis11:C>
                    <cis11:C>300.0</cis11:C>
                    <cis11:C>250.0</cis11:C>
                    <cis11:C>200.0</cis11:C>
                </cis11:IrregularAxis>
                <cis11:GridLimits srsName="http://www.metoffice,gov.uk/def/crs/OGC/def/crs/OGC/0/Index4D" axisLabels="i j k l" >
                    <cis11:IndexAxis axisLabel="i" lowerBound="0" upperBound="72"/>
                    <cis11:IndexAxis axisLabel="j" lowerBound="0" upperBound="72"/>
                    <cis11:IndexAxis axisLabel="k" lowerBound="0" upperBound="8"/>
                    <cis11:IndexAxis axisLabel="l" lowerBound="0" upperBound="6"/>
                </cis11:GridLimits>
            </cis11:GeneralGrid>
        </cis11:DomainSet>
        <cis11:RangeType>
            <swe:DataRecord>
                <swe:field name="Temperature">
                    <swe:Quantity definition="http://codes.wmo.int/grib2/codeflag/4.2/_0-0-0/Temperature">
                        <swe:description>air_temperature</swe:description>
                        <swe:nilValues/>
                        <swe:uom code="K"/>
                        <swe:constraint>
                            <swe:AllowedValues>
                                <swe:interval>-273 100</swe:interval>
                                <swe:significantFigures>4</swe:significantFigures>
                            </swe:AllowedValues>
                        </swe:constraint>
                    </swe:Quantity>
                </swe:field>
                <swe:field name="RelativeHumidity">
                    <swe:Quantity
                        definition="http://codes.wmo.int/grib2/codeflag/4.2/_0-1-1/Relative Humidity">
                        <swe:description>relative_humidity</swe:description>
                        <swe:nilValues/>
                        <swe:uom code="%"/>
                        <swe:constraint>
                            <swe:AllowedValues>
                                <swe:interval>0 100</swe:interval>
                                <swe:significantFigures>3</swe:significantFigures>
                            </swe:AllowedValues>
                        </swe:constraint>
                    </swe:Quantity>
                </swe:field>
                <swe:field name="DewpointTemperature">
                    <swe:Quantity
                        definition="http://http://codes.wmo.int/grib2/codeflag/4.2/_0-0-6/Dew Point Temperature">
                        <swe:description>Dewpoint Temperature</swe:description>
                        <swe:nilValues/>
                        <swe:uom code="K"/>
                        <swe:constraint>
                            <swe:AllowedValues>
                                <swe:interval>-273 100</swe:interval>
                                <swe:significantFigures>4</swe:significantFigures>
                            </swe:AllowedValues>
                        </swe:constraint>
                    </swe:Quantity>
                </swe:field>
                <swe:field name="Wind">
                    <swe:Quantity
                        definition="http://http://codes.wmo.int/grib2/codeflag/4.2/_0-2-1/Wind speed">
                        <swe:description>Dewpoint Temperature</swe:description>
                        <swe:nilValues/>
                        <swe:uom code="K"/>
                        <swe:constraint>
                            <swe:AllowedValues>
                                <swe:interval>-273 100</swe:interval>
                                <swe:significantFigures>4</swe:significantFigures>
                            </swe:AllowedValues>
                        </swe:constraint>
                    </swe:Quantity>
                </swe:field>
            </swe:DataRecord>
        </cis11:RangeType>
        <wcs20:ServiceParameters>
            <wcs20:CoverageSubtype>RectifiedDataset</wcs20:CoverageSubtype>
            <wcs20:nativeFormat>GRIB2/NetCDF</wcs20:nativeFormat>
        </wcs20:ServiceParameters>
    </wcs21:CoverageDescription>
</wcs21:CoverageDescriptions>
