<?xml version="1.0" encoding="UTF-8"?>
<DescribeCoverage xmlns="http://www.opengis.net/wcs/2.1/gml"
xmlns:xsi="http://www.w3.org/2001/XMLSchema-instance"
xmlns:wcs="http://www.opengis.net/wcs/2.1/gml"
xmlns:wcs20="http://www.opengis.net/wcs/2.0"
xmlns:metocean="http://www.opengis.net/wcs/metoceanProfile/1.0"
xsi:schemaLocation="http://www.opengis.net/wcs/2.1/gml http://schemas.opengis.net/wcs/2.1/gml/wcsDescribeCoverage.xsd http://www.opengis.net/wcs/2.1/gml http://schemas.opengis.net/wcs/2.1/gml/wcsAll.xsd"
service="WCS" version="2.1.0">
<wcs20:Extension>
<metocean:sections>
<metocean:Section>metocean_ResultMask</metocean:Section>
<metocean:Section>metocean_DescribeCoverageProfile</metocean:Section>
</metocean:sections>
</wcs20:Extension>
<wcs20:CoverageId>GlobEGRR_2015-10-15T00.00.00Z_ISBL</wcs20:CoverageId>
</DescribeCoverage>