<?xml version="1.0" encoding="UTF-8"?>
<wcs20:GetCoverage
    xmlns:wcs20="http://www.opengis.net/wcs/2.0"
    xmlns:gml="http://www.opengis.net/gml/3.2"
    xmlns:xsi="http://www.w3.org/2001/XMLSchema-instance"
    xsi:schemaLocation="http://www.opengis.net/wcs/2.0 http://schemas.opengis.net/wcs/2.0/wcsAll.xsd"
    service="WCS" version="2.0.1">
    <wcs20:CoverageId>C0001</wcs20:CoverageId>
    <wcs20:DimensionTrim>
        <wcs20:Dimension>Long</wcs20:Dimension>
        <wcs20:TrimLow>1</wcs20:TrimLow>
        <wcs20:TrimHigh>2</wcs20:TrimHigh>
    </wcs20:DimensionTrim>
    <wcs20:DimensionTrim>
        <wcs20:Dimension>Lat</wcs20:Dimension>
        <wcs20:TrimLow>1</wcs20:TrimLow>
        <wcs20:TrimHigh>2</wcs20:TrimHigh>
    </wcs20:DimensionTrim>
    <wcs20:format>application/gml+xml</wcs20:format>
</wcs20:GetCoverage>
