<?xml version="1.0" encoding="UTF-8"?>
<cis11:GeneralGridCoverage
    xmlns:cis11='http://www.opengis.net/cis/1.1/gml'
    xmlns:swe='http://www.opengis.net/swe/2.0'
    xmlns:gml='http://www.opengis.net/gml/3.2'
    xmlns:xsi='http://www.w3.org/2001/XMLSchema-instance'
    xsi:schemaLocation='http://www.opengis.net/swe/2.0     http://schemas.opengis.net/sweCommon/2.0/swe.xsd
                        http://www.opengis.net/cis/1.1/gml http://schemas.opengis.net/cis/1.1/gml/cisAll.xsd'
    gml:id="C0043">
    <cis11:Envelope srsName="http://www.opengis.net/def/crs/EPSG/0/4326" axisLabels="Lat Long" srsDimension="2">
        <cis11:AxisExtent axisLabel="Lat"  uomLabel="deg" lowerBound="1" upperBound="1"/>
        <cis11:AxisExtent axisLabel="Long" uomLabel="deg" lowerBound="1" upperBound="1"/>
    </cis11:Envelope>
    <cis11:DomainSet>
        <cis11:GeneralGrid srsName="http://www.opengis.net/def/crs/EPSG/0/4326" axisLabels="Lat Long">
            <cis11:RegularAxis axisLabel="Lat"  uomLabel="deg" lowerBound="1" upperBound="1" resolution="1"/>
            <cis11:RegularAxis axisLabel="Long" uomLabel="deg" lowerBound="1" upperBound="1"  resolution="1"/>
            <cis11:GridLimits srsName="http://www.opengis.net/def/crs/OGC/0/Index2D" axisLabels="i j">
                <cis11:IndexAxis axisLabel="i" lowerBound="1" upperBound="1"/>
                <cis11:IndexAxis axisLabel="j" lowerBound="1" upperBound="1"/>
            </cis11:GridLimits>
        </cis11:GeneralGrid>
    </cis11:DomainSet>
    <cis11:RangeSet>
        <cis11:DataBlock>
            <cis11:V>1</cis11:V>
        </cis11:DataBlock>
    </cis11:RangeSet>
    <cis11:RangeType>
        <swe:DataRecord>
            <swe:field name="singleBand">
               <swe:Quantity definition="http://www.opengis.net/def/property/OGC/0/Radiance">
                       <swe:description>Panchromatic Channel</swe:description>
                       <swe:uom code="W/cm2"/>
                       <swe:constraint>
                           <swe:AllowedValues>
                               <swe:interval>0 255</swe:interval>
                               <swe:significantFigures>3</swe:significantFigures>
                           </swe:AllowedValues>
                       </swe:constraint>
                   </swe:Quantity>
            </swe:field>
        </swe:DataRecord>
    </cis11:RangeType>
</cis11:GeneralGridCoverage>

