<?xml version="1.0" encoding="UTF-8"?>
<wcs20:Capabilities
    xmlns:wcs20='http://www.opengis.net/wcs/2.0'
    xmlns:ows='http://www.opengis.net/ows/2.0'
    xmlns:gml='http://www.opengis.net/gml/3.2'
    xmlns:xlink='http://www.w3.org/1999/xlink'
    xmlns:xsi='http://www.w3.org/2001/XMLSchema-instance'
    xsi:schemaLocation='http://www.opengis.net/wcs/2.0 http://schemas.opengis.net/wcs/2.0/wcsAll.xsd'
    version="2.0.1">
    <ows:ServiceIdentification>
        <ows:Title>Web Coverage Service</ows:Title>
        <ows:Abstract>rasdaman datacube server - free download from www.rasdaman.org</ows:Abstract>
        <ows:ServiceType>WCS</ows:ServiceType>
        <ows:ServiceTypeVersion>2.1.0</ows:ServiceTypeVersion>
        <ows:Profile>http://www.opengis.net/spec/WCS/2.1/conf/core</ows:Profile>
        <ows:Profile>http://www.opengis.net/spec/WCS_protocol-binding_soap/1.1/conf/soap</ows:Profile>
        <ows:Profile>http://www.opengis.net/spec/WCS_service-model_processing/1.1/conf/processing</ows:Profile>
        <ows:Profile>http://www.opengis.net/spec/WCS_service-model_transaction/2.1/conf/transaction</ows:Profile>
        <ows:Profile>http://www.opengis.net/spec/WCS_coverage-encoding_netcdf/1.0/conf/netcdf</ows:Profile>
    </ows:ServiceIdentification>
    <ows:ServiceProvider>
        <ows:ProviderName>rasdaman GmbH</ows:ProviderName>
        <ows:ProviderSite xlink:href="http://www.rasdaman.com/"/>
        <ows:ServiceContact>
            <ows:IndividualName>Peter Baumann</ows:IndividualName>
        </ows:ServiceContact>
    </ows:ServiceProvider>
    <ows:OperationsMetadata>
        <ows:Operation name="GetCapabilities">
            <ows:DCP>
                <ows:HTTP>
                    <ows:Get xlink:href="http://server:8000/GetCapabilitiesURL"/>
                </ows:HTTP>
            </ows:DCP>
        </ows:Operation>
        <ows:Operation name="DescribeCoverage">
            <ows:DCP>
                <ows:HTTP>
                    <ows:Get xlink:href="http://server:8000/DescribeCoverageURL"/>
                </ows:HTTP>
            </ows:DCP>
        </ows:Operation>
        <ows:Operation name="GetCoverage">
            <ows:DCP>
                <ows:HTTP>
                    <ows:Get xlink:href="http://server:8000/GetCoverageURL"/>
                </ows:HTTP>
            </ows:DCP>
        </ows:Operation>
    </ows:OperationsMetadata>
    <wcs20:ServiceMetadata>
        <wcs20:formatSupported>application/gml+xml</wcs20:formatSupported>
        <wcs20:formatSupported>image/tiff</wcs20:formatSupported>
    </wcs20:ServiceMetadata>
    <wcs20:Contents>
        <wcs20:CoverageSummary>
            <wcs20:CoverageId>C0001</wcs20:CoverageId>
            <wcs20:CoverageSubtype>GeneralGridCoverage</wcs20:CoverageSubtype>
        </wcs20:CoverageSummary>
        <wcs20:CoverageSummary>
            <wcs20:CoverageId>C0002</wcs20:CoverageId>
            <wcs20:CoverageSubtype>MultiPointCoverage</wcs20:CoverageSubtype>
        </wcs20:CoverageSummary>
        <wcs20:CoverageSummary>
            <wcs20:CoverageId>C0003</wcs20:CoverageId>
            <wcs20:CoverageSubtype>MultiCurveCoverage</wcs20:CoverageSubtype>
        </wcs20:CoverageSummary>
        <wcs20:CoverageSummary>
            <wcs20:CoverageId>C0004</wcs20:CoverageId>
            <wcs20:CoverageSubtype>MultiSurfaceCoverage</wcs20:CoverageSubtype>
        </wcs20:CoverageSummary>
            <wcs20:CoverageSummary>
            <wcs20:CoverageId>C0005</wcs20:CoverageId>
            <wcs20:CoverageSubtype>MultiSolidCoverage</wcs20:CoverageSubtype>
        </wcs20:CoverageSummary>
    </wcs20:Contents>
</wcs20:Capabilities>
