<?xml version="1.0" encoding="UTF-8"?>
<wcs:GetCoverage
	xmlns:wcs="http://www.opengis.net/wcs/2.0"
	xmlns:gml="http://www.opengis.net/gml/3.2"
	xmlns:xsi="http://www.w3.org/2001/XMLSchema-instance"
	xmlns:scal="http://www.opengis.net/WCS_service-extension_scaling/1.1"
	xsi:schemaLocation="http://www.opengis.net/WCS_service-extension_scaling/1.1 http://schemas.opengis.net/wcs/scaling/1.1/wcsScal.xsd"
	service="WCS" version="2.0.1">
	<wcs:Extension>
		<scal:Scaling>
			<scal:ScaleToSize>
				<scal:TargetAxisSize>
					<scal:axis>i</scal:axis>
					<scal:targetSize>1000</scal:targetSize>
				</scal:TargetAxisSize>
				<scal:TargetAxisSize>
					<scal:axis>j</scal:axis>
					<scal:targetSize>1000</scal:targetSize>
				</scal:TargetAxisSize>
				<scal:TargetAxisSize>
					<scal:axis>k</scal:axis>
					<scal:targetSize>10</scal:targetSize>
				</scal:TargetAxisSize>
			</scal:ScaleToSize>
		</scal:Scaling>
	</wcs:Extension>
	<wcs:CoverageId>C0001</wcs:CoverageId>
</wcs:GetCoverage>
