<?xml version="1.0" encoding="UTF-8"?>
<gsmlbh:Borehole 
 xmlns:xlink="http://www.w3.org/1999/xlink" 
 xmlns:cit="http://standards.iso.org/iso/19115/-3/cit/1.0"
 xmlns:gco="http://standards.iso.org/iso/19115/-3/gco/1.0"
 xmlns:gml="http://www.opengis.net/gml/3.2" 
 xmlns:sam="http://www.opengis.net/sampling/2.0" 
 xmlns:sams="http://www.opengis.net/samplingSpatial/2.0" 
 xmlns:gsmlb="http://www.opengis.net/gsml/4.1/GeoSciML-Basic" 
 xmlns:gsmlbh="http://www.opengis.net/gsml/4.1/Borehole"
 xmlns:swe="http://www.opengis.net/swe/2.0" 
 xmlns:xsi="http://www.w3.org/2001/XMLSchema-instance" 
 xsi:schemaLocation="http://www.opengis.net/gsml/4.1/Borehole http://schemas.opengis.net/gsml/4.1/borehole.xsd http://www.opengis.net/gsml/4.1/GeoSciML-Basic http://schemas.opengis.net/gsml/4.1/geoSciMLBasic.xsd" gml:id="bh.1">
 <gml:identifier codeSpace="http://data.gov.au/boreholes/id">GA.borehole.276547</gml:identifier>
 <gml:name>BMR Eromanga 1</gml:name>
 <sam:sampledFeature>
  <gsmlb:GeologicUnit gml:id="Eromanga.Basin">
   <gml:name>Eromanga Basin</gml:name>
   <gsmlb:geologicUnitType xlink:href="http://resource.geoscience.gov.xxx/vocabulary/geologicunittype" xlink:title="sedimentary basin"/>
  </gsmlb:GeologicUnit>
 </sam:sampledFeature>
 <sam:sampledFeature>
  <gsmlb:GeologicUnit gml:id="Hooray.Sandstone">
   <gml:name>Hooray Sandstone</gml:name>
   <gsmlb:geologicUnitType xlink:href="http://resource.geoscience.gov.xxx/vocabulary/geologicunittype" xlink:title="lithostratigraphic unit"/>
   <gsmlb:rank xlink:href="http://resource.geoscience.gov.xxx/vocabulary/geologicunitrank" xlink:title="formation"/>
  </gsmlb:GeologicUnit>
 </sam:sampledFeature>
 <sam:sampledFeature>
  <gsmlb:GeologicUnit gml:id="Westbourne.Formation">
   <gml:name>Westbourne Formation</gml:name>
   <gsmlb:geologicUnitType xlink:href="http://resource.geoscience.gov.xxx/vocabulary/geologicunittype" xlink:title="lithostratigraphic unit"/>
   <gsmlb:rank xlink:href="http://resource.geoscience.gov.xxx/vocabulary/geologicunitrank" xlink:title="formation"/>
  </gsmlb:GeologicUnit>
 </sam:sampledFeature>
 <sams:shape>
  <gml:LineString gml:id="bh.1.shape" srsName="http://spatialreference.org/ref/epsg/4979/">
   <gml:posList srsDimension="3" count="3">-25.9020 132.334 27.9 -25.9025 132.334 -30.65 -25.9030 132.334 -215.6</gml:posList>
  </gml:LineString>
 </sams:shape>
 <gsmlbh:logElement>
  <gsmlbh:BoreholeInterval gml:id="bh.1.interval.1">
   <gsmlbh:specification xlink:href="#Hooray.Sandstone"/>  
   <gsmlbh:mappedIntervalBegin>
    <swe:Quantity>
     <swe:uom code="m" xlink:href="http://www.opengis.net/def/uom/OGC/1.0/metre" xlink:title="metre"/>
     <swe:value>0.0</swe:value>
    </swe:Quantity>
   </gsmlbh:mappedIntervalBegin>
   <gsmlbh:mappedIntervalEnd>
    <swe:Quantity>
     <swe:uom code="m" xlink:href="http://www.opengis.net/def/uom/OGC/1.0/metre" xlink:title="metre"/>
     <swe:value>20.0</swe:value>
    </swe:Quantity>
   </gsmlbh:mappedIntervalEnd>
   <gsmlbh:collectionIdentifier codeSpace="http://data.gov.xx/BoreholeIntervalCollections">TestBoreholeLog.BH1</gsmlbh:collectionIdentifier>
   <gsmlbh:shape>
    <gml:LineString gml:id="ls1" srsName="#bh.1.shape">
     <gml:posList srsDimension="1" count="2">0.0 20.0</gml:posList>
    </gml:LineString>
   </gsmlbh:shape>
   <gsmlbh:parentBorehole xlink:href="#bh.1"/>
  </gsmlbh:BoreholeInterval>
 </gsmlbh:logElement>
 <gsmlbh:logElement>
  <gsmlbh:BoreholeInterval gml:id="bh.1.interval.2">
   <gsmlbh:specification xlink:href="#Westbourne.Formation"/>
   <gsmlbh:mappedIntervalBegin>
    <swe:Quantity>
     <swe:uom code="m" xlink:href="http://www.opengis.net/def/uom/OGC/1.0/metre" xlink:title="metre"/>
     <swe:value>20.0</swe:value>
    </swe:Quantity>
   </gsmlbh:mappedIntervalBegin>
   <gsmlbh:mappedIntervalEnd>
    <swe:Quantity>
     <swe:uom code="m" xlink:href="http://www.opengis.net/def/uom/OGC/1.0/metre" xlink:title="metre"/>
     <swe:value>56.0</swe:value>
    </swe:Quantity>
   </gsmlbh:mappedIntervalEnd>
   <gsmlbh:collectionIdentifier codeSpace="http://data.gov.xx/BoreholeIntervalCollections">TestBoreholeLog.BH1</gsmlbh:collectionIdentifier>
   <gsmlbh:shape>
    <gml:LineString gml:id="ls2" srsName="#bh.1.shape">
     <gml:posList srsDimension="1" count="2">20.0 56.0</gml:posList>
    </gml:LineString>
   </gsmlbh:shape>
   <gsmlbh:parentBorehole xlink:href="#bh.1"/>
  </gsmlbh:BoreholeInterval>
 </gsmlbh:logElement>
</gsmlbh:Borehole>
