<?xml version="1.0" encoding="UTF-8"?>
<wcseo:DescribeEOCoverageSet xmlns:wcseo="http://www.opengis.net/wcs/wcseo/1.0" xmlns:wcs="http://www.opengis.net/wcs/2.0" xmlns:xsi="http://www.w3.org/2001/XMLSchema-instance" xsi:schemaLocation="http://www.opengis.net/wcs/wcseo/1.0 http://schemas.opengis.net/wcs/wcseo/1.0/wcsEOAll.xsd" service="WCS" version="2.0.1" count="100">
  <wcseo:eoId>someDatasetSeries1</wcseo:eoId>
  <wcseo:containment>OVERLAPS</wcseo:containment>
  <wcseo:Sections>
    <wcseo:Section>All</wcseo:Section>
  </wcseo:Sections>
  <wcs:DimensionTrim>
    <wcs:Dimension>long</wcs:Dimension>
    <wcs:TrimLow>16</wcs:TrimLow>
    <wcs:TrimHigh>18</wcs:TrimHigh>
  </wcs:DimensionTrim>
  <wcs:DimensionTrim>
    <wcs:Dimension>lat</wcs:Dimension>
    <wcs:TrimLow>40</wcs:TrimLow>
    <wcs:TrimHigh>42</wcs:TrimHigh>
  </wcs:DimensionTrim>
  <wcs:DimensionTrim>
    <wcs:Dimension>phenomenonTime</wcs:Dimension>
    <wcs:TrimLow>2008-03-13T10:10:00Z</wcs:TrimLow>
    <wcs:TrimHigh>2008-03-13T10:11:00Z</wcs:TrimHigh>
  </wcs:DimensionTrim>
</wcseo:DescribeEOCoverageSet>
