<?xml version="1.0" encoding="UTF-8"?>
<wcs:CoverageDescriptions
    xmlns:wcs='http://www.opengis.net/wcs/2.0'
    xmlns:xsi='http://www.w3.org/2001/XMLSchema-instance'
    xmlns='http://www.opengis.net/gml/3.2'
    xmlns:gml='http://www.opengis.net/gml/3.2'
    xmlns:gmlcov='http://www.opengis.net/gmlcov/1.0'
    xmlns:swe='http://www.opengis.net/swe/2.0'
    xsi:schemaLocation='http://www.opengis.net/swe/2.0 http://schemas.opengis.net/sweCommon/2.0/swe.xsd
                        http://www.opengis.net/wcs/2.0 http://schemas.opengis.net/wcs/2.0/wcsAll.xsd'>
    <wcs:CoverageDescription gml:id="CD0004">
        <gml:boundedBy>
            <gml:Envelope srsName="http://www.opengis.net/def/crs/EPSG/0/4979" axisLabels="Lat Long h" uomLabels="deg deg m" srsDimension="3">
                <gml:lowerCorner>1 1 1</gml:lowerCorner>
                <gml:upperCorner>10 10 2</gml:upperCorner>
            </gml:Envelope>
        </gml:boundedBy>
        <wcs:CoverageId>C0004</wcs:CoverageId>
        <gml:domainSet>
            <gml:MultiSurface gml:id="ms0001_C0004" srsName="http://www.opengis.net/def/crs/EPSG/0/4979">
            </gml:MultiSurface>
        </gml:domainSet>
        <gmlcov:rangeType>
            <swe:DataRecord>
                <swe:field name="SoilMoisture">
                    <swe:Quantity>
                        <swe:description>Moisture</swe:description>
                        <swe:uom code="None"/>
                        <swe:constraint>
                            <swe:AllowedValues>
                                <swe:interval>0 1</swe:interval>
                            </swe:AllowedValues>
                        </swe:constraint>
                    </swe:Quantity>
                </swe:field>
            </swe:DataRecord>
        </gmlcov:rangeType>
        <wcs:ServiceParameters>
            <wcs:CoverageSubtype>MultiSurfaceCoverage</wcs:CoverageSubtype>
            <wcs:nativeFormat>application/gml+xml</wcs:nativeFormat>
        </wcs:ServiceParameters>
    </wcs:CoverageDescription>
</wcs:CoverageDescriptions>
