{
	"@context": ["http://localhost/json-ld/coverage-context.json", {"examples": "http://www.opengis.net/cis/1.1/examples/"}],
	"type": "CoverageByDomainAndRangeType",
	"id": "examples:CIS_11_2D",
	"domainSet":{
		"@context": "http://localhost/json-ld/domainset-context.json",
		"type": "DomainSetType",
		"id": "examples:CIS_DS_11_2D",
		"generalGrid":{
			"type": "GeneralGridCoverageType",
			"id": "examples:CIS_DS_GG_11_2D",
			"srsName": "http://www.opengis.net/def/crs/EPSG/0/4326",
			"axisLabels": ["Lat", "Long"],
			"axis": [{
				"type": "RegularAxisType",
				"id": "examples:CIS_DS_GG_LAT_11_2D",
				"axisLabel": "Lat",
				"lowerBound": -80,
				"upperBound": -70,
				"uomLabel": "deg",
				"resolution": 5
			},{
				"type": "RegularAxisType",
				"id": "examples:CIS_DS_GG_LONG_11_2D",
				"axisLabel": "Long",
				"lowerBound": 0,
				"upperBound": 10,
				"uomLabel": "deg",
				"resolution": 5
			}],
			"gridLimits": {
				"type": "GridLimitsType",
				"id": "examples:CIS_DS_GG_GL_11_2D",
				"srsName": "http://www.opengis.net/def/crs/OGC/0/Index2D",
				"axisLabels": ["i", "j"],
				"axis": [{
					"type": "IndexAxisType",
					"id": "examples:CIS_DS_GG_GL_I_11_2D",
					"axisLabel": "i",
					"lowerBound": 0,
					"upperBound": 2
				},{
					"type": "IndexAxisType",
					"id": "examples:CIS_DS_GG_GL_J_11_2D",
					"axisLabel": "j",
					"lowerBound": 0,
					"upperBound": 2
				}]
			}
		}
	},
	"rangeSet": {
		"@context": "http://localhost/json-ld/rangeset-context.json",
		"type": "RangeSetRefType",
		"id": "examples:CIS_RS_11_2D",
		"fileReference": ["regural_fileref.tiff"]
	},
	"rangeType": {
		"@context": "http://localhost/json-ld/rangetype-context.json",
		"type": "DataRecordType",
		"id": "examples:CIS_RT_11_2D",
		"field":[{
			"type": "QuantityType",
			"id": "examples:CIS_RT_F_11_2D",
			"definition": "ogcType:unsignedInt",
			"uom": {
				"type": "UnitReference",
				"id": "examples:CIS_RT_F_UOM_11_2D",
				"code": "10^0"
			}
		}]
	}
}
