{
	"$schema": "http://json-schema.org/draft-04/schema#",
	"title": "",
	"description": "",
	"type": "object",
	"properties": {
		"title": {
			"description": "Title of this resource, normally used for display to a human",
			"type": "string"
		},
		"abstract": {
			"description": "Brief narrative description of this resource, normally available for display to a human",
			"type": "string"
		},
		"identifier": {
			"description": "Resource identifier",
			"type": "string"
		},
		"tileMatrixSetLink": {
			"description": "Tile Matrix Set Link data structure",
			"$ref": "#/definitions/tileMatrixSetLink" 
		}
	},
	"definitions":{ 
		"tileMatrixSetLink": {
			"type": "object",
			"required": ["type", "tileMatrixSet"],
			"properties": {
				"type": {
					"description": "Type of the Tile Matrix Set Link",
					"enum": ["TileMatrixSetLink"]
				},
				"tileMatrixSet": {
					"description": "Reference to a tileMatrixSet",
					"type": "string"
				},
				"tileMatrixSetLimits": {
					"description": "Index limits for this tileMatrixSet",
					"type": "array",
					"items": {
						"$ref": "#/definitions/tileMatrixSetLimits" 
					}
				}
			}
		},
		"tileMatrixSetLimits": {
			"type": "object",
			"required": ["type", "tileMatrix", "minTileRow", "maxTileRow", "minTileCol", "maxTileCol"],
			"properties": {
				"type": {
					"description": "Type of the Tile Matrix Set Limits",
					"enum": ["TileMatrixLimits"]
				},
				"tileMatrix": {
					"description": "Reference to a tileMatrix identifier",
					"type": "string"
				},
				"minTileRow": {
					"description": "Minimum tile row index valid for this layer",
					"type": "number",
					"minimum": 0,
					"multipleOf" : 1
				},
				"maxTileRow": {
					"description": "Maximim tile row index valid for this layer",
					"type": "number",
					"minimum": 0,
					"multipleOf" : 1
				},
				"minTileCol": {
					"description": "Minimum tile column index valid for this layer",
					"type": "number",
					"minimum": 0,
					"multipleOf" : 1
				},
				"maxTileCol": {
					"description": "Maximim tile column index valid for this layer",
					"type": "number",
					"minimum": 0,
					"multipleOf" : 1
				}
			}
		}
	}
}
