<?xml version="1.0" ?>
<wfs:FeatureCollection
   timeStamp="2008-09-07T19:00:00"
   numberReturned="2"
   numberMatched="unknown"
   xmlns="http://www.someserver.example.com/myns"
   xmlns:myns="http://www.someserver.example.com/myns"
   xmlns:abc="http://www.someserver.example.com/abc"
   xmlns:wfs="http://www.opengis.net/wfs/2.0"
   xmlns:gml="http://www.opengis.net/gml/3.2"
   xmlns:xlink="http://www.w3.org/1999/xlink"
   xmlns:xsi="http://www.w3.org/2001/XMLSchema-instance"
   xsi:schemaLocation="http://www.opengis.net/wfs/2.0 http://schemas.opengis.net/wfs/2.0/wfs.xsd
                       http://www.someserver.example.com/myns ./PersonSchema.xsd">

   <wfs:member>
      <Person gml:id="P1">
         <insuranceNumber>345678345</insuranceNumber>
         <lastName>Smith</lastName>
         <firstName>John</firstName>
         <age uom="years">35</age>
         <sex>male</sex>
         <spouse xlink:href="P2"/>
         <location>
            <gml:Point gml:id="PT1" srsName="urn:ogc:crs:EPSG::4326">
               <gml:pos>10 10</gml:pos>
            </gml:Point>
         </location>
         <mailAddress>
            <Address>
               <streetName>Main</streetName>
               <streetNumber>10</streetNumber>
               <city>SomeTown</city>
               <province>Ontario</province>
               <postalCode>M1R1K9</postalCode>
               <country>Canada</country>
            </Address>
         </mailAddress>
         <phone>4161234567</phone>
         <phone>4168901234</phone>
      </Person>
   </wfs:member>

   <wfs:member>
      <Person gml:id="P3">
         <insuranceNumber>567943026</insuranceNumber>
         <lastName>Smith</lastName>
         <firstName>Jane</firstName>
         <age uom="years">40</age>
         <sex>femake</sex>
         <spouse xlink:href="P1"/>
         <location xlink:href="#PT1"/>
         <mailAddress>
            <Address>
               <streetName>Main</streetName>
               <streetNumber>10</streetNumber>
               <city>SomeTown</city>
               <province>Ontario</province>
               <postalCode>M1R1K9</postalCode>
               <country>Canada</country>
            </Address>
         </mailAddress>
         <phone>4161234567</phone>
         <phone>4145678934</phone>
      </Person>
   </wfs:member>

</wfs:FeatureCollection>
