<?xml version="1.0" encoding="UTF-8"?>
<metocean:CoverageCollectionDescriptions
    xmlns:gml="http://www.opengis.net/gml/3.2"
    xmlns:xlink="http://www.w3.org/1999/xlink"
    xmlns:ows="http://www.opengis.net/ows/2.0"
    xmlns:wcs21="http://www.opengis.net/wcs/2.1/gml"
    xmlns:wcs20="http://www.opengis.net/wcs/2.0"
    xmlns:cis11="http://www.opengis.net/cis/1.1/gml"
    xmlns:xsi="http://www.w3.org/2001/XMLSchema-instance"
    xmlns:metocean="http://www.opengis.net/wcs/metoceanProfile/1.0"
    xsi:schemaLocation="http://www.opengis.net/wcs/metoceanProfile/1.0 http://schemas.opengis.net/wcs/metoceanProfile/1.0/wcsMetOceanProfileALL.xsd">
    <metocean:CoverageCollectionDescription>
        <metocean:coverageCollectionId>GFS_Global_2016-10-12T00.00.00Z</metocean:coverageCollectionId>
        <ows:Metadata xlink:href="www.codes.wmo.int/GRIB2/codeflag/0.0/_0/Meteorological Products">
            <metocean:collectionDescription collectionName="Generic NWP Model Run">
                <cis11:Envelope srsName="http://www.opengis.net/def/crs/EPSG/0/4326" axisLabels="Lat Long" srsDimension="2">
                    <cis11:AxisExtent axisLabel="Lat"  uomLabel="deg" lowerBound="1" upperBound="5"/>
                    <cis11:AxisExtent axisLabel="Long" uomLabel="deg" lowerBound="1" upperBound="3"/>
                </cis11:Envelope>
            </metocean:collectionDescription>
        </ows:Metadata>
        <metocean:coverageSummary>
            <wcs20:CoverageSummary>
                <wcs20:CoverageId>GFS_Global_2016-10-12T00.00.00Z_ISBL</wcs20:CoverageId>
                <wcs20:CoverageSubtype>VerticalDependency</wcs20:CoverageSubtype>
                <ows:Metadata xlink:href="www.codes.wmo.int/GRIB2/table4.5/IsobaricSurface">
                    <metocean:coverageDescription coverageName="Isobaric Surface">
                        <metocean:referenceTime>
                            <gml:timePosition>2015-05-15T00.00.00Z</gml:timePosition>
                        </metocean:referenceTime>
                        <cis11:Envelope srsName="http://www.opengis.net/def/crs-compound?
                            1=http://www.opengis.net/def/crs/EPSG/0/4326;
                            2=http://http://www.opengis.net/def/crs/OGC/0/AnsiDate&amp;
                            3=http://www.codes.wmo.int/GRIB2/table4.5/IsobaricSurface"
                            axisLabels="Lat Lon Time Pressure" srsDimension="4">
                            <cis11:AxisExtent axisLabel="Lat" uomLabel="deg" lowerBound="-90" upperBound="90" />
                            <cis11:AxisExtent axisLabel="Lon" uomLabel="deg" lowerBound="-180" upperBound="180" />
                            <cis11:AxisExtent axisLabel="Time" uomLabel="ISO8601"   lowerBound="2016-10-12T00.00.00Z" upperBound="2015-05-17T00:00:00Z" />
                            <cis11:AxisExtent axisLabel="Pressure" uomLabel="hPa"   lowerBound="1000.0" upperBound="200.0" />
                        </cis11:Envelope>
                    </metocean:coverageDescription>
                </ows:Metadata>
            </wcs20:CoverageSummary>
            <wcs20:CoverageSummary>
                <wcs20:CoverageId>GFS_Global_2016-10-12T00.00.00Z_Max_Wind</wcs20:CoverageId>
                <wcs20:CoverageSubtype>ComputedSurface</wcs20:CoverageSubtype>
                <ows:Metadata xlink:href="www.codes.wmo.int/GRIB2/table4.5/MaximumWindLevel">
                    <metocean:coverageDescription coverageName="Maximum Wind Level">
                        <metocean:referenceTime>
                            <gml:timePosition>2015-05-15T00.00.00Z</gml:timePosition>
                        </metocean:referenceTime>
                        <cis11:Envelope srsName="http://www.opengis.net/def/crs-compound?
                            1=http://www.opengis.net/def/crs/EPSG/0/4326;
                            2=http://http://www.opengis.net/def/crs/OGC/0/AnsiDate"
                            axisLabels="Lat Lon Time" srsDimension="4">
                            <cis11:AxisExtent axisLabel="Lat" uomLabel="deg" lowerBound="-90" upperBound="90" />
                            <cis11:AxisExtent axisLabel="Lon" uomLabel="deg" lowerBound="-180" upperBound="180" />
                            <cis11:AxisExtent axisLabel="Time" uomLabel="ISO8601"   lowerBound="2016-10-12T00.00.00Z" upperBound="2015-05-17T00:00:00Z" />
                            <cis11:AxisExtent axisLabel="Max_Wind" uomLabel="NA"  lowerBound="1" upperBound="1"/>
                        </cis11:Envelope>
                    </metocean:coverageDescription>
                </ows:Metadata>
            </wcs20:CoverageSummary>
            <wcs20:CoverageSummary>
                <wcs20:CoverageId>GFS_Global_2016-10-12T00.00.00Z_Ground</wcs20:CoverageId>
                <wcs20:CoverageSubtype>NoVerticalDependency</wcs20:CoverageSubtype>
                <ows:Metadata xlink:href="www.codes.wmo.int/GRIB2/table4.5/Ground">
                    <metocean:coverageDescription coverageName="Ground">
                        <metocean:referenceTime>
                            <gml:timePosition>2015-05-15T00.00.00Z</gml:timePosition>
                        </metocean:referenceTime>
                        <cis11:Envelope srsName="http://www.opengis.net/def/crs-compound?
                            1=http://www.opengis.net/def/crs/EPSG/0/4326;
                            2=http://http://www.opengis.net/def/crs/OGC/0/AnsiDate"
                            axisLabels="Lat Lon Time" srsDimension="4">
                            <cis11:AxisExtent axisLabel="Lat" uomLabel="deg" lowerBound="-90" upperBound="90" />
                            <cis11:AxisExtent axisLabel="Lon" uomLabel="deg" lowerBound="-180" upperBound="180" />
                            <cis11:AxisExtent axisLabel="Time" uomLabel="ISO8601" lowerBound="2016-10-12T00.00.00Z" upperBound="2015-05-17T00:00:00Z" />
                            <cis11:AxisExtent axisLabel="Ground" uomLabel="NA"  lowerBound="1" upperBound="1"/>
                        </cis11:Envelope>
                    </metocean:coverageDescription>
                </ows:Metadata>
            </wcs20:CoverageSummary>
            <wcs20:CoverageSummary>
                <wcs20:CoverageId>GFS_Global_2016-10-12T00.00.00Z_Thickness</wcs20:CoverageId>
                <wcs20:CoverageSubtype>NamedRange</wcs20:CoverageSubtype>
                <ows:Metadata xlink:href="www.codes.wmo.int/GRIB2/table4.5/Thickness">
                    <metocean:coverageDescription coverageName="Thickness">
                        <metocean:referenceTime>
                            <gml:timePosition>2015-05-15T00.00.00Z</gml:timePosition>
                        </metocean:referenceTime>
                        <cis11:Envelope srsName="http://www.opengis.net/def/crs-compound?
                            1=http://www.opengis.net/def/crs/EPSG/0/4326;
                            2=http://http://www.opengis.net/def/crs/OGC/0/AnsiDate"
                            axisLabels="Lat Lon Time" srsDimension="4">
                            <cis11:AxisExtent axisLabel="Lat" uomLabel="deg" lowerBound="-90" upperBound="90" />
                            <cis11:AxisExtent axisLabel="Lon" uomLabel="deg" lowerBound="-180" upperBound="180" />
                            <cis11:AxisExtent axisLabel="Time" uomLabel="ISO8601" lowerBound="2016-10-12T00.00.00Z" upperBound="2015-05-17T00:00:00Z" />
                            <cis11:AxisExtent axisLabel="Thickness" uomLabel="hPa"  lowerBound="1000" upperBound="500"/>
                        </cis11:Envelope>
                    </metocean:coverageDescription>
                </ows:Metadata>
            </wcs20:CoverageSummary>
            <wcs20:CoverageSummary>
                <wcs20:CoverageId>GFS_Global_2016-10-12T00.00.00Z_Specific_Altitude_Above_Mean_Sea_Level</wcs20:CoverageId>
                <wcs20:CoverageSubtype>VerticalDependency</wcs20:CoverageSubtype>
                <ows:Metadata xlink:href="www.codes.wmo.int/GRIB2/table4.5/Specific_Altitude_Above_Mean_Sea_Level">
                    <metocean:coverageDescription coverageName="Specific_Altitude_Above_Mean_Sea_Level">
                        <metocean:referenceTime>
                            <gml:timePosition>2015-05-15T00.00.00Z</gml:timePosition>
                        </metocean:referenceTime>
                        <cis11:Envelope srsName="http://www.opengis.net/def/crs-compound?
                            1=http://www.opengis.net/def/crs/EPSG/0/4326;
                            2=http://http://www.opengis.net/def/crs/OGC/0/AnsiDate"
                            axisLabels="Lat Lon Time" srsDimension="4">
                            <cis11:AxisExtent axisLabel="Lat" uomLabel="deg" lowerBound="-90" upperBound="90" />
                            <cis11:AxisExtent axisLabel="Lon" uomLabel="deg" lowerBound="-180" upperBound="180" />
                            <cis11:AxisExtent axisLabel="Time" uomLabel="ISO8601"   lowerBound="2016-10-12T00.00.00Z" upperBound="2015-05-17T00:00:00Z" />
                            <cis11:AxisExtent axisLabel="Specific_Altitude_Above_Mean_Sea_Level" uomLabel="NA"  lowerBound="1" upperBound="1"/>
                        </cis11:Envelope>
                    </metocean:coverageDescription>
                </ows:Metadata>
            </wcs20:CoverageSummary>
        </metocean:coverageSummary>
    </metocean:CoverageCollectionDescription>

    <metocean:CoverageCollectionDescription>
        <metocean:coverageCollectionId>GFS_Global_2016-10-12T06.00.00Z</metocean:coverageCollectionId>
        <ows:Metadata xlink:href="www.codes.wmo.int/GRIB2/codeflag/0.0/_0/Meteorological Products">
            <metocean:collectionDescription collectionName="Generic NWP Model Run">
                <cis11:Envelope srsName="http://www.opengis.net/def/crs-compound?
                    1=http://www.opengis.net/def/crs/EPSG/0/4326;
                    2=http://http://www.opengis.net/def/crs/OGC/0/AnsiDate"
                    axisLabels="Lat Lon Time " srsDimension="3">
                    <cis11:AxisExtent axisLabel="Lat" uomLabel="deg" lowerBound="-90" upperBound="90" />
                    <cis11:AxisExtent axisLabel="Lon" uomLabel="deg" lowerBound="-180" upperBound="180" />
                    <cis11:AxisExtent axisLabel="Time" uomLabel="ISO8601"   lowerBound="2016-10-12T06.00.00Z" upperBound="2015-05-17T06:00:00Z" />
                </cis11:Envelope>
            </metocean:collectionDescription>
        </ows:Metadata>
        <metocean:coverageSummary>
            <wcs20:CoverageSummary>
                <wcs20:CoverageId>GFS_Global_2016-10-12T06.00.00Z_ISBL</wcs20:CoverageId>
                <wcs20:CoverageSubtype>VerticalDependency</wcs20:CoverageSubtype>
                <ows:Metadata xlink:href="www.codes.wmo.int/GRIB2/table4.5/IsobaricSurface">
                    <metocean:coverageDescription coverageName="Isobaric Surface">
                        <metocean:referenceTime>
                            <gml:timePosition>2015-05-15T00.00.00Z</gml:timePosition>
                        </metocean:referenceTime>
                        <cis11:Envelope srsName="http://www.opengis.net/def/crs-compound?
                            1=http://www.opengis.net/def/crs/EPSG/0/4326;
                            2=http://http://www.opengis.net/def/crs/OGC/0/AnsiDate&amp;
                            3=http://www.codes.wmo.int/GRIB2/table4.5/IsobaricSurface"
                            axisLabels="Lat Lon Time Pressure" srsDimension="4">
                            <cis11:AxisExtent axisLabel="Lat" uomLabel="deg" lowerBound="-90" upperBound="90" />
                            <cis11:AxisExtent axisLabel="Lon" uomLabel="deg" lowerBound="-180" upperBound="180" />
                            <cis11:AxisExtent axisLabel="Time" uomLabel="ISO8601"   lowerBound="2016-10-12T06.00.00Z" upperBound="2015-05-17T06:00:00Z" />
                            <cis11:AxisExtent axisLabel="Pressure" uomLabel="hPa"   lowerBound="1000.0" upperBound="200.0" />
                        </cis11:Envelope>
                    </metocean:coverageDescription>
                </ows:Metadata>
            </wcs20:CoverageSummary>
            <wcs20:CoverageSummary>
                <wcs20:CoverageId>GFS_Global_2016-10-12T06.00.00Z_Max_Wind</wcs20:CoverageId>
                <wcs20:CoverageSubtype>ComputedSurface</wcs20:CoverageSubtype>
                <ows:Metadata xlink:href="www.codes.wmo.int/GRIB2/table4.5/MaximumWindLevel">
                    <metocean:coverageDescription coverageName="Maximum Wind Level">
                        <metocean:referenceTime>
                            <gml:timePosition>2015-05-15T00.00.00Z</gml:timePosition>
                        </metocean:referenceTime>
                        <cis11:Envelope srsName="http://www.opengis.net/def/crs-compound?
                            1=http://www.opengis.net/def/crs/EPSG/0/4326;
                            2=http://http://www.opengis.net/def/crs/OGC/0/AnsiDate"
                            axisLabels="Lat Lon Time" srsDimension="4">
                            <cis11:AxisExtent axisLabel="Lat" uomLabel="deg" lowerBound="-90" upperBound="90" />
                            <cis11:AxisExtent axisLabel="Lon" uomLabel="deg" lowerBound="-180" upperBound="180" />
                            <cis11:AxisExtent axisLabel="Time" uomLabel="ISO8601"   lowerBound="2016-10-12T06.00.00Z" upperBound="2015-05-17T06:00:00Z" />
                            <cis11:AxisExtent axisLabel="Max_Wind" uomLabel="NA"  lowerBound="1" upperBound="1"/>
                        </cis11:Envelope>
                    </metocean:coverageDescription>
                </ows:Metadata>
            </wcs20:CoverageSummary>
            <wcs20:CoverageSummary>
                <wcs20:CoverageId>GFS_Global_2016-10-12T06.00.00Z_Ground</wcs20:CoverageId>
                <wcs20:CoverageSubtype>NoVerticalDependency</wcs20:CoverageSubtype>
                <ows:Metadata xlink:href="www.codes.wmo.int/GRIB2/table4.5/Ground">
                    <metocean:coverageDescription coverageName="Ground">
                        <metocean:referenceTime>
                            <gml:timePosition>2015-05-15T00.00.00Z</gml:timePosition>
                        </metocean:referenceTime>
                        <cis11:Envelope srsName="http://www.opengis.net/def/crs-compound?
                            1=http://www.opengis.net/def/crs/EPSG/0/4326;
                            2=http://http://www.opengis.net/def/crs/OGC/0/AnsiDate"
                            axisLabels="Lat Lon Time" srsDimension="4">
                            <cis11:AxisExtent axisLabel="Lat" uomLabel="deg" lowerBound="-90" upperBound="90" />
                            <cis11:AxisExtent axisLabel="Lon" uomLabel="deg" lowerBound="-180" upperBound="180" />
                            <cis11:AxisExtent axisLabel="Time" uomLabel="ISO8601" lowerBound="2016-10-12T06.00.00Z" upperBound="2015-05-17T06:00:00Z" />
                            <cis11:AxisExtent axisLabel="Ground" uomLabel="NA"  lowerBound="1" upperBound="1"/>
                        </cis11:Envelope>
                    </metocean:coverageDescription>
                </ows:Metadata>
            </wcs20:CoverageSummary>
            <wcs20:CoverageSummary>
                <wcs20:CoverageId>GFS_Global_2016-10-12T06.00.00Z_Thickness</wcs20:CoverageId>
                <wcs20:CoverageSubtype>NamedRange</wcs20:CoverageSubtype>
                <ows:Metadata xlink:href="www.codes.wmo.int/GRIB2/table4.5/Thickness">
                    <metocean:coverageDescription coverageName="Thickness">
                        <metocean:referenceTime>
                            <gml:timePosition>2015-05-15T00.00.00Z</gml:timePosition>
                        </metocean:referenceTime>
                        <cis11:Envelope srsName="http://www.opengis.net/def/crs-compound?
                            1=http://www.opengis.net/def/crs/EPSG/0/4326;
                            2=http://http://www.opengis.net/def/crs/OGC/0/AnsiDate"
                            axisLabels="Lat Lon Time" srsDimension="4">
                            <cis11:AxisExtent axisLabel="Lat" uomLabel="deg" lowerBound="-90" upperBound="90" />
                            <cis11:AxisExtent axisLabel="Lon" uomLabel="deg" lowerBound="-180" upperBound="180" />
                            <cis11:AxisExtent axisLabel="Time" uomLabel="ISO8601" lowerBound="2016-10-12T06.00.00Z" upperBound="2015-05-17T06:00:00Z" />
                            <cis11:AxisExtent axisLabel="Thickness" uomLabel="hPa"  lowerBound="1000" upperBound="500"/>
                        </cis11:Envelope>
                    </metocean:coverageDescription>
                </ows:Metadata>
            </wcs20:CoverageSummary>
            <wcs20:CoverageSummary>
                <wcs20:CoverageId>GFS_Global_2016-10-12T06.00.00Z_Specific_Altitude_Above_Mean_Sea_Level</wcs20:CoverageId>
                <wcs20:CoverageSubtype>VerticalDependency</wcs20:CoverageSubtype>
                <ows:Metadata xlink:href="www.codes.wmo.int/GRIB2/table4.5/Specific_Altitude_Above_Mean_Sea_Level">
                    <metocean:coverageDescription coverageName="Specific_Altitude_Above_Mean_Sea_Level">
                        <metocean:referenceTime>
                            <gml:timePosition>2015-05-15T00.00.00Z</gml:timePosition>
                        </metocean:referenceTime>
                        <cis11:Envelope srsName="http://www.opengis.net/def/crs-compound?
                            1=http://www.opengis.net/def/crs/EPSG/0/4326;
                            2=http://http://www.opengis.net/def/crs/OGC/0/AnsiDate"
                            axisLabels="Lat Lon Time" srsDimension="4">
                            <cis11:AxisExtent axisLabel="Lat" uomLabel="deg" lowerBound="-90" upperBound="90" />
                            <cis11:AxisExtent axisLabel="Lon" uomLabel="deg" lowerBound="-180" upperBound="180" />
                            <cis11:AxisExtent axisLabel="Time" uomLabel="ISO8601"   lowerBound="2016-10-12T06.00.00Z" upperBound="2015-05-17T06:00:00Z" />
                            <cis11:AxisExtent axisLabel="Specific_Altitude_Above_Mean_Sea_Level" uomLabel="NA"  lowerBound="1" upperBound="1"/>
                        </cis11:Envelope>
                    </metocean:coverageDescription>
                </ows:Metadata>
            </wcs20:CoverageSummary>
        </metocean:coverageSummary>
    </metocean:CoverageCollectionDescription>
</metocean:CoverageCollectionDescriptions>


