<?xml version="1.0" encoding="UTF-8"?>
<!--

Codelist Metadata
_________________________________________________________________________________________
	Name: Linepipe Outside Diameter
	Description: This is a reference code list (controlled vocabulary) used by PipelineML to constrain values used in data fields to industry vetted and accepted standards. This list defines the acceptable values pertaining to a outside diameter of the component.
	Reference Code List Standard Version: 1.0
	Language: 
	Nationality: 
	Original Creation Date: Dec 19 2017  9:43AM
	Last Modification Date: Jun 13 2018  1:59PM
	Author: John Tisdale
	Version: 1.0.0
	Copyright: PipelineML is an OGC standard. Copyright (c) 2019 Open Geospatial Consortium. To obtain additional rights of use, visit http://www.opengeospatial.org/legal/.
 
-->
<gml:Dictionary
	xmlns:gml="http://www.opengis.net/gml/3.2"
	xmlns:xsi="http://www.w3.org/2001/XMLSchema-instance"
	xsi:schemaLocation="http://www.opengis.net/gml http://schemas.opengis.net/gml/3.2.1/dictionary.xsd"
	gml:id="linepipeOutsideDiameter">
	<gml:identifier codeSpace="https://www.opengis.net/def/pipelineml/1.0/codelists">linepipeOutsideDiameter</gml:identifier>
 
	<gml:dictionaryEntry>
		<gml:Definition gml:id="id0">
			<gml:description>No Data</gml:description>
			<gml:identifier codeSpace="https://www.opengis.net/def/pipelineml/1.0/codelists/linepipeoutsidediameter">0</gml:identifier>
			<gml:name>No Data</gml:name>
		</gml:Definition>
	</gml:dictionaryEntry>
	 
	<gml:dictionaryEntry>
		<gml:Definition gml:id="id6314">
			<gml:description>1.050</gml:description>
			<gml:identifier codeSpace="https://www.opengis.net/def/pipelineml/1.0/codelists/linepipeoutsidediameter">6314</gml:identifier>
			<gml:name>1.050</gml:name>
		</gml:Definition>
	</gml:dictionaryEntry>
	 
	<gml:dictionaryEntry>
		<gml:Definition gml:id="id6315">
			<gml:description>1.315</gml:description>
			<gml:identifier codeSpace="https://www.opengis.net/def/pipelineml/1.0/codelists/linepipeoutsidediameter">6315</gml:identifier>
			<gml:name>1.315</gml:name>
		</gml:Definition>
	</gml:dictionaryEntry>
	 
	<gml:dictionaryEntry>
		<gml:Definition gml:id="id6316">
			<gml:description>1.660</gml:description>
			<gml:identifier codeSpace="https://www.opengis.net/def/pipelineml/1.0/codelists/linepipeoutsidediameter">6316</gml:identifier>
			<gml:name>1.660</gml:name>
		</gml:Definition>
	</gml:dictionaryEntry>
	 
	<gml:dictionaryEntry>
		<gml:Definition gml:id="id6317">
			<gml:description>1.900</gml:description>
			<gml:identifier codeSpace="https://www.opengis.net/def/pipelineml/1.0/codelists/linepipeoutsidediameter">6317</gml:identifier>
			<gml:name>1.900</gml:name>
		</gml:Definition>
	</gml:dictionaryEntry>
	 
	<gml:dictionaryEntry>
		<gml:Definition gml:id="id6318">
			<gml:description>2.375</gml:description>
			<gml:identifier codeSpace="https://www.opengis.net/def/pipelineml/1.0/codelists/linepipeoutsidediameter">6318</gml:identifier>
			<gml:name>2.375</gml:name>
		</gml:Definition>
	</gml:dictionaryEntry>
	 
	<gml:dictionaryEntry>
		<gml:Definition gml:id="id6319">
			<gml:description>2.875</gml:description>
			<gml:identifier codeSpace="https://www.opengis.net/def/pipelineml/1.0/codelists/linepipeoutsidediameter">6319</gml:identifier>
			<gml:name>2.875</gml:name>
		</gml:Definition>
	</gml:dictionaryEntry>
	 
	<gml:dictionaryEntry>
		<gml:Definition gml:id="id6320">
			<gml:description>3.500</gml:description>
			<gml:identifier codeSpace="https://www.opengis.net/def/pipelineml/1.0/codelists/linepipeoutsidediameter">6320</gml:identifier>
			<gml:name>3.500</gml:name>
		</gml:Definition>
	</gml:dictionaryEntry>
	 
	<gml:dictionaryEntry>
		<gml:Definition gml:id="id6321">
			<gml:description>4.000</gml:description>
			<gml:identifier codeSpace="https://www.opengis.net/def/pipelineml/1.0/codelists/linepipeoutsidediameter">6321</gml:identifier>
			<gml:name>4.000</gml:name>
		</gml:Definition>
	</gml:dictionaryEntry>
	 
	<gml:dictionaryEntry>
		<gml:Definition gml:id="id6322">
			<gml:description>4.500</gml:description>
			<gml:identifier codeSpace="https://www.opengis.net/def/pipelineml/1.0/codelists/linepipeoutsidediameter">6322</gml:identifier>
			<gml:name>4.500</gml:name>
		</gml:Definition>
	</gml:dictionaryEntry>
	 
	<gml:dictionaryEntry>
		<gml:Definition gml:id="id6323">
			<gml:description>5.000</gml:description>
			<gml:identifier codeSpace="https://www.opengis.net/def/pipelineml/1.0/codelists/linepipeoutsidediameter">6323</gml:identifier>
			<gml:name>5.000</gml:name>
		</gml:Definition>
	</gml:dictionaryEntry>
	 
	<gml:dictionaryEntry>
		<gml:Definition gml:id="id6324">
			<gml:description>5.563</gml:description>
			<gml:identifier codeSpace="https://www.opengis.net/def/pipelineml/1.0/codelists/linepipeoutsidediameter">6324</gml:identifier>
			<gml:name>5.563</gml:name>
		</gml:Definition>
	</gml:dictionaryEntry>
	 
	<gml:dictionaryEntry>
		<gml:Definition gml:id="id6325">
			<gml:description>6.625</gml:description>
			<gml:identifier codeSpace="https://www.opengis.net/def/pipelineml/1.0/codelists/linepipeoutsidediameter">6325</gml:identifier>
			<gml:name>6.625</gml:name>
		</gml:Definition>
	</gml:dictionaryEntry>
	 
	<gml:dictionaryEntry>
		<gml:Definition gml:id="id6326">
			<gml:description>8.625</gml:description>
			<gml:identifier codeSpace="https://www.opengis.net/def/pipelineml/1.0/codelists/linepipeoutsidediameter">6326</gml:identifier>
			<gml:name>8.625</gml:name>
		</gml:Definition>
	</gml:dictionaryEntry>
	 
	<gml:dictionaryEntry>
		<gml:Definition gml:id="id6327">
			<gml:description>10.750</gml:description>
			<gml:identifier codeSpace="https://www.opengis.net/def/pipelineml/1.0/codelists/linepipeoutsidediameter">6327</gml:identifier>
			<gml:name>10.750</gml:name>
		</gml:Definition>
	</gml:dictionaryEntry>
	 
	<gml:dictionaryEntry>
		<gml:Definition gml:id="id6328">
			<gml:description>12.750</gml:description>
			<gml:identifier codeSpace="https://www.opengis.net/def/pipelineml/1.0/codelists/linepipeoutsidediameter">6328</gml:identifier>
			<gml:name>12.750</gml:name>
		</gml:Definition>
	</gml:dictionaryEntry>
	 
	<gml:dictionaryEntry>
		<gml:Definition gml:id="id6329">
			<gml:description>14.000</gml:description>
			<gml:identifier codeSpace="https://www.opengis.net/def/pipelineml/1.0/codelists/linepipeoutsidediameter">6329</gml:identifier>
			<gml:name>14.000</gml:name>
		</gml:Definition>
	</gml:dictionaryEntry>
	 
	<gml:dictionaryEntry>
		<gml:Definition gml:id="id6330">
			<gml:description>16.000</gml:description>
			<gml:identifier codeSpace="https://www.opengis.net/def/pipelineml/1.0/codelists/linepipeoutsidediameter">6330</gml:identifier>
			<gml:name>16.000</gml:name>
		</gml:Definition>
	</gml:dictionaryEntry>
	 
	<gml:dictionaryEntry>
		<gml:Definition gml:id="id6331">
			<gml:description>18.000</gml:description>
			<gml:identifier codeSpace="https://www.opengis.net/def/pipelineml/1.0/codelists/linepipeoutsidediameter">6331</gml:identifier>
			<gml:name>18.000</gml:name>
		</gml:Definition>
	</gml:dictionaryEntry>
	 
	<gml:dictionaryEntry>
		<gml:Definition gml:id="id6332">
			<gml:description>20.000</gml:description>
			<gml:identifier codeSpace="https://www.opengis.net/def/pipelineml/1.0/codelists/linepipeoutsidediameter">6332</gml:identifier>
			<gml:name>20.000</gml:name>
		</gml:Definition>
	</gml:dictionaryEntry>
	 
	<gml:dictionaryEntry>
		<gml:Definition gml:id="id6333">
			<gml:description>22.000</gml:description>
			<gml:identifier codeSpace="https://www.opengis.net/def/pipelineml/1.0/codelists/linepipeoutsidediameter">6333</gml:identifier>
			<gml:name>22.000</gml:name>
		</gml:Definition>
	</gml:dictionaryEntry>
	 
	<gml:dictionaryEntry>
		<gml:Definition gml:id="id6334">
			<gml:description>24.000</gml:description>
			<gml:identifier codeSpace="https://www.opengis.net/def/pipelineml/1.0/codelists/linepipeoutsidediameter">6334</gml:identifier>
			<gml:name>24.000</gml:name>
		</gml:Definition>
	</gml:dictionaryEntry>
	 
	<gml:dictionaryEntry>
		<gml:Definition gml:id="id6335">
			<gml:description>26.000</gml:description>
			<gml:identifier codeSpace="https://www.opengis.net/def/pipelineml/1.0/codelists/linepipeoutsidediameter">6335</gml:identifier>
			<gml:name>26.000</gml:name>
		</gml:Definition>
	</gml:dictionaryEntry>
	 
	<gml:dictionaryEntry>
		<gml:Definition gml:id="id6336">
			<gml:description>30.000</gml:description>
			<gml:identifier codeSpace="https://www.opengis.net/def/pipelineml/1.0/codelists/linepipeoutsidediameter">6336</gml:identifier>
			<gml:name>30.000</gml:name>
		</gml:Definition>
	</gml:dictionaryEntry>
	 
	<gml:dictionaryEntry>
		<gml:Definition gml:id="id6337">
			<gml:description>36.000</gml:description>
			<gml:identifier codeSpace="https://www.opengis.net/def/pipelineml/1.0/codelists/linepipeoutsidediameter">6337</gml:identifier>
			<gml:name>36.000</gml:name>
		</gml:Definition>
	</gml:dictionaryEntry>
	 
	<gml:dictionaryEntry>
		<gml:Definition gml:id="id6338">
			<gml:description>42.000</gml:description>
			<gml:identifier codeSpace="https://www.opengis.net/def/pipelineml/1.0/codelists/linepipeoutsidediameter">6338</gml:identifier>
			<gml:name>42.000</gml:name>
		</gml:Definition>
	</gml:dictionaryEntry>
	 
</gml:Dictionary>

