<?xml version="1.0" encoding="UTF-8"?>
<!--

Codelist Metadata
_________________________________________________________________________________________
	Name: Linepipe Position Vertical
	Description: This is a reference code list (controlled vocabulary) used by PipelineML to constrain values used in data fields to industry vetted and accepted standards. This list defines the acceptable values pertaining to the linepipe vertical position in reference to ground elevation.
	Reference Code List Standard Version: 1.0
	Language: 
	Nationality: 
	Original Creation Date: Feb 13 2017  3:31PM
	Last Modification Date: Jun 13 2018  1:57PM
	Author: John Tisdale
	Version: 1.0.0
	Copyright: PipelineML is an OGC standard. Copyright (c) 2019 Open Geospatial Consortium. To obtain additional rights of use, visit http://www.opengeospatial.org/legal/.
 
-->
<gml:Dictionary
	xmlns:gml="http://www.opengis.net/gml/3.2"
	xmlns:xsi="http://www.w3.org/2001/XMLSchema-instance"
	xsi:schemaLocation="http://www.opengis.net/gml http://schemas.opengis.net/gml/3.2.1/dictionary.xsd"
	gml:id="linepipePositionVertical">
	<gml:identifier codeSpace="https://www.opengis.net/def/pipelineml/1.0/codelists">linepipePositionVertical</gml:identifier>
 
	<gml:dictionaryEntry>
		<gml:Definition gml:id="id0">
			<gml:description>No Data</gml:description>
			<gml:identifier codeSpace="https://www.opengis.net/def/pipelineml/1.0/codelists/linepipepositionvertical">0</gml:identifier>
			<gml:name>No Data</gml:name>
		</gml:Definition>
	</gml:dictionaryEntry>
	 
	<gml:dictionaryEntry>
		<gml:Definition gml:id="id6339">
			<gml:description>On Ground Surface</gml:description>
			<gml:identifier codeSpace="https://www.opengis.net/def/pipelineml/1.0/codelists/linepipepositionvertical">6339</gml:identifier>
			<gml:name>On Ground Surface</gml:name>
		</gml:Definition>
	</gml:dictionaryEntry>
	 
	<gml:dictionaryEntry>
		<gml:Definition gml:id="id6340">
			<gml:description>Suspended or Elevated</gml:description>
			<gml:identifier codeSpace="https://www.opengis.net/def/pipelineml/1.0/codelists/linepipepositionvertical">6340</gml:identifier>
			<gml:name>Suspended or Elevated</gml:name>
		</gml:Definition>
	</gml:dictionaryEntry>
	 
	<gml:dictionaryEntry>
		<gml:Definition gml:id="id6341">
			<gml:description>Underground</gml:description>
			<gml:identifier codeSpace="https://www.opengis.net/def/pipelineml/1.0/codelists/linepipepositionvertical">6341</gml:identifier>
			<gml:name>Underground</gml:name>
		</gml:Definition>
	</gml:dictionaryEntry>
	 
</gml:Dictionary>

