<?xml version="1.0" encoding="UTF-8"?>
<soap12:Envelope xmlns:soap12="http://www.w3.org/2003/05/soap-envelope" xsi:schemaLocation="http://www.w3.org/2003/05/soap-envelope http://www.w3.org/2003/05/soap-envelope/soap-envelope.xsd
http://www.opengis.net/samplingSpatial/2.0 http://schemas.opengis.net/samplingSpatial/2.0/spatialSamplingFeature.xsd 
http://www.opengis.net/sos/2.0 http://schemas.opengis.net/sos/2.0/sos.xsd" xmlns:sos="http://www.opengis.net/sos/2.0" xmlns:wsa="http://www.w3.org/2005/08/addressing" xmlns:fes="http://www.opengis.net/fes/2.0" xmlns:gml="http://www.opengis.net/gml/3.2" xmlns:swe="http://www.opengis.net/swe/2.0" xmlns:swes="http://www.opengis.net/swes/2.0" xmlns:xlink="http://www.w3.org/1999/xlink" xmlns:sams="http://www.opengis.net/samplingSpatial/2.0" xmlns:sf="http://www.opengis.net/sampling/2.0" xmlns:xsi="http://www.w3.org/2001/XMLSchema-instance">
	<soap12:Header>
		<wsa:To>http://mySOSURL</wsa:To>
		<wsa:Action>http://www.opengis.net/def/serviceOperation/sos/foiRetrieval/2.0/GetFeatureOfInterestResponse</wsa:Action>
		<wsa:ReplyTo>
			<wsa:Address>http://www.w3.org/2005/08/addressing/anonymous</wsa:Address>
		</wsa:ReplyTo>
		<wsa:MessageID>http://my.client.com/uid/msg-0010</wsa:MessageID>
	</soap12:Header>
	<soap12:Body>
	
		<sos:GetFeatureOfInterestResponse xmlns="http://www.opengis.net/sos/2.0">
			<featureMember>
				<sams:SF_SpatialSamplingFeature gml:id="f1">
					<gml:identifier codeSpace="">http://myServer.org/features/SamplingPointAtMoersbach</gml:identifier>
					<sf:type xlink:href="http://www.opengis.net/def/samplingFeatureType/OGC-OM/2.0/SF_SamplingPoint"/>
					<sf:sampledFeature xlink:href="http://myServer.org/features/Moersbach"/>
					<sams:shape>
						<gml:Point gml:id="p1">
							<gml:pos srsName="http://www.opengis.net/def/crs/EPSG/0/4326">50.7167 7.76667</gml:pos>
						</gml:Point>
					</sams:shape>
				</sams:SF_SpatialSamplingFeature>
			</featureMember>
			<featureMember>
				<sams:SF_SpatialSamplingFeature gml:id="f2">
					<gml:identifier codeSpace="">http://myServer.org/features/SamplingPointAtHoheMark</gml:identifier>
					<sf:type xlink:href="http://www.opengis.net/def/samplingFeatureType/OGC-OM/2.0/SF_SamplingPoint"/>
					<sf:sampledFeature xlink:href="http://myServer.org/features/HoheMark"/>
					<sams:shape>
						<gml:Point gml:id="p2">
							<gml:pos srsName="http://www.opengis.net/def/crs/EPSG/0/4326">51.7167 6.86667</gml:pos>
						</gml:Point>
					</sams:shape>
				</sams:SF_SpatialSamplingFeature>
			</featureMember>
			<featureMember>
				<sams:SF_SpatialSamplingFeature gml:id="f3">
					<gml:identifier codeSpace="">http://myServer.org/features/SamplingPointAtMarknesse</gml:identifier>
					<sf:type xlink:href="http://www.opengis.net/def/samplingFeatureType/OGC-OM/2.0/SF_SamplingPoint"/>
					<sf:sampledFeature xlink:href="http://myServer.org/features/Marknesse"/>
					<sams:shape>
						<gml:Point gml:id="p3">
							<gml:pos srsName="http://www.opengis.net/def/crs/EPSG/0/4326">52.7167 5.86667</gml:pos>
						</gml:Point>
					</sams:shape>
				</sams:SF_SpatialSamplingFeature>
			</featureMember>
			<featureMember>
				<sams:SF_SpatialSamplingFeature gml:id="f4">
					<gml:identifier codeSpace="">http://myServer.org/features/SamplingPointAtRaamsdonkveer</gml:identifier>
					<sf:type xlink:href="http://www.opengis.net/def/samplingFeatureType/OGC-OM/2.0/SF_SamplingPoint"/>
					<sf:sampledFeature xlink:href="http://myServer.org/features/Raamsdonkveer"/>
					<sams:shape>
						<gml:Point gml:id="p4">
							<gml:pos srsName="http://www.opengis.net/def/crs/EPSG/0/4326">51.7167 4.86667</gml:pos>
						</gml:Point>
					</sams:shape>
				</sams:SF_SpatialSamplingFeature>
			</featureMember>
			<!-- ... more features ... -->
		</sos:GetFeatureOfInterestResponse>
	</soap12:Body>
</soap12:Envelope>
