<sps:ReserveResponse xsi:schemaLocation="http://www.opengis.net/sps/2.0 http://schemas.opengis.net/sps/2.0/sps.xsd" xmlns:sps="http://www.opengis.net/sps/2.0" xmlns:xsi="http://www.w3.org/2001/XMLSchema-instance">
  <sps:result>
    <sps:ReservationReport>
      <sps:task>http://www.ogc.org/procedure/camera/1/tasks/6</sps:task>
      <sps:estimatedToC>2010-08-20T14:30:00+02:00</sps:estimatedToC>
      <sps:event>TaskReserved</sps:event>
      <sps:procedure>http://www.ogc.org/procedure/camera/1</sps:procedure>
      <sps:requestStatus>Accepted</sps:requestStatus>
      <sps:taskStatus>Reserved</sps:taskStatus>
      <sps:updateTime>2010-08-20T11:12:01+02:00</sps:updateTime>
      <sps:reservationExpiration>2010-08-20T11:30:00+02:00</sps:reservationExpiration>
    </sps:ReservationReport>
  </sps:result>
</sps:ReserveResponse>
